2026-02-16 12:14:26,704 - INFO - Created new attendance file: attendance.csv
2026-02-16 12:14:26,714 - INFO - Attendance manager initialized
2026-02-16 12:14:27,348 - INFO - Speech engine initialized
2026-02-16 12:14:27,956 - INFO - Calibrating microphone for ambient noise...
2026-02-16 12:14:29,025 - INFO - Speech recognition initialized
2026-02-16 12:14:29,025 - INFO - ============================================================
2026-02-16 12:14:29,025 - INFO - FACE RECOGNITION ATTENDANCE SYSTEM
2026-02-16 12:14:29,026 - INFO - ============================================================
2026-02-16 12:14:29,026 - WARNING - Created directory: known_faces
2026-02-16 12:14:29,027 - WARNING - Please add face images to this directory!
2026-02-16 12:14:29,027 - ERROR - No known faces loaded. Cannot start recognition.
2026-02-16 12:14:29,027 - ERROR - Add face images to 'known_faces' directory
2026-02-16 12:14:29,027 - INFO - Cleaning up...
2026-02-16 12:14:29,029 - INFO - Windows closed
2026-02-16 12:14:29,031 - INFO - ============================================================
2026-02-16 12:14:29,031 - INFO - SYSTEM STOPPED
2026-02-16 12:14:29,031 - INFO - ============================================================
2026-02-16 12:17:33,306 - INFO - Attendance manager initialized
2026-02-16 12:17:33,482 - INFO - Speech engine initialized
2026-02-16 12:17:33,985 - INFO - Calibrating microphone for ambient noise...
2026-02-16 12:17:35,044 - INFO - Speech recognition initialized
2026-02-16 12:17:35,044 - INFO - ============================================================
2026-02-16 12:17:35,045 - INFO - FACE RECOGNITION ATTENDANCE SYSTEM
2026-02-16 12:17:35,045 - INFO - ============================================================
2026-02-16 12:17:35,045 - WARNING - No images found in known_faces
2026-02-16 12:17:35,046 - WARNING - Add images named as 'PersonName.jpg'
2026-02-16 12:17:35,046 - ERROR - No known faces loaded. Cannot start recognition.
2026-02-16 12:17:35,046 - ERROR - Add face images to 'known_faces' directory
2026-02-16 12:17:35,046 - INFO - Cleaning up...
2026-02-16 12:17:35,048 - INFO - Windows closed
2026-02-16 12:17:35,064 - INFO - ============================================================
2026-02-16 12:17:35,064 - INFO - SYSTEM STOPPED
2026-02-16 12:17:35,065 - INFO - ============================================================
2026-02-16 12:17:59,297 - INFO - Attendance manager initialized
2026-02-16 12:17:59,473 - INFO - Speech engine initialized
2026-02-16 12:17:59,980 - INFO - Calibrating microphone for ambient noise...
2026-02-16 12:18:01,034 - INFO - Speech recognition initialized
2026-02-16 12:18:01,034 - INFO - ============================================================
2026-02-16 12:18:01,034 - INFO - FACE RECOGNITION ATTENDANCE SYSTEM
2026-02-16 12:18:01,035 - INFO - ============================================================
2026-02-16 12:18:01,035 - INFO - Loading 1 face images...
2026-02-16 12:18:02,276 - INFO - Loaded: vini
2026-02-16 12:18:02,277 - INFO - Total faces loaded: 1
2026-02-16 12:18:02,278 - INFO - Known people: vini
2026-02-16 12:18:02,278 - INFO - Opening camera...
2026-02-16 12:18:06,442 - INFO - Camera ready. Looking for faces...
2026-02-16 12:18:06,442 - INFO - Press 'q' to quit manually
2026-02-16 12:18:07,085 - INFO - RECOGNIZED: vini (confidence: 0.502)
2026-02-16 12:18:07,085 - INFO - Speaking: Hi vini, how are you?
2026-02-16 12:18:09,939 - INFO - Listening for response...
2026-02-16 12:18:11,745 - INFO - Processing speech...
2026-02-16 12:18:12,544 - INFO - Heard: how r u
2026-02-16 12:18:12,545 - INFO - Neutral mood detected
2026-02-16 12:18:12,545 - INFO - Speaking: Good to see you!
2026-02-16 12:18:12,838 - INFO - *** ATTENDANCE MARKED: vini at 12:18:12 - Mood: Neutral ***
2026-02-16 12:18:12,839 - INFO - Speaking: Attendance marked
2026-02-16 12:18:13,508 - WARNING - Person too close! Face width: 216px
2026-02-16 12:18:13,508 - INFO - Speaking: Too close, maintain distance to mark attendance
2026-02-16 12:18:14,199 - WARNING - Person too close! Face width: 216px
2026-02-16 12:18:14,572 - WARNING - Person too close! Face width: 216px
2026-02-16 12:18:14,951 - WARNING - Person too close! Face width: 216px
2026-02-16 12:18:15,337 - WARNING - Person too close! Face width: 216px
2026-02-16 12:18:15,707 - WARNING - Person too close! Face width: 216px
2026-02-16 12:18:16,086 - WARNING - Person too close! Face width: 216px
2026-02-16 12:18:16,493 - WARNING - Person too close! Face width: 216px
2026-02-16 12:18:16,912 - WARNING - Person too close! Face width: 216px
2026-02-16 12:18:16,913 - INFO - Speaking: Too close, maintain distance to mark attendance
2026-02-16 12:18:17,697 - WARNING - Person too close! Face width: 216px
2026-02-16 12:18:18,145 - WARNING - Person too close! Face width: 216px
2026-02-16 12:18:19,510 - WARNING - Person too close! Face width: 216px
2026-02-16 12:18:19,877 - WARNING - Person too close! Face width: 216px
2026-02-16 12:18:19,877 - INFO - Speaking: Too close, maintain distance to mark attendance
2026-02-16 12:18:20,551 - WARNING - Person too close! Face width: 216px
2026-02-16 12:18:24,059 - WARNING - Person too close! Face width: 258px
2026-02-16 12:18:24,060 - INFO - Speaking: Too close, maintain distance to mark attendance
2026-02-16 12:18:24,727 - WARNING - Person too close! Face width: 216px
2026-02-16 12:18:31,662 - INFO - Speaking: Cannot identify
2026-02-16 12:18:31,960 - WARNING - Unknown person detected
2026-02-16 12:18:35,054 - INFO - Speaking: Cannot identify
2026-02-16 12:18:35,344 - WARNING - Unknown person detected
2026-02-16 12:18:36,191 - WARNING - Person too close! Face width: 216px
2026-02-16 12:18:36,192 - INFO - Speaking: Too close, maintain distance to mark attendance
2026-02-16 12:18:37,248 - WARNING - Person too close! Face width: 216px
2026-02-16 12:18:37,643 - WARNING - Person too close! Face width: 216px
2026-02-16 12:18:38,421 - WARNING - Person too close! Face width: 216px
2026-02-16 12:18:44,171 - WARNING - Person too close! Face width: 216px
2026-02-16 12:18:44,172 - INFO - Speaking: Too close, maintain distance to mark attendance
2026-02-16 12:18:45,637 - WARNING - Person too close! Face width: 216px
2026-02-16 12:18:47,255 - INFO - Speaking: Cannot identify
2026-02-16 12:18:47,639 - WARNING - Unknown person detected
2026-02-16 12:18:48,162 - WARNING - Person too close! Face width: 216px
2026-02-16 12:18:48,164 - INFO - Speaking: Too close, maintain distance to mark attendance
2026-02-16 12:18:48,859 - WARNING - Person too close! Face width: 216px
2026-02-16 12:18:49,240 - WARNING - Person too close! Face width: 216px
2026-02-16 12:18:49,626 - WARNING - Person too close! Face width: 216px
2026-02-16 12:18:50,021 - WARNING - Person too close! Face width: 216px
2026-02-16 12:18:58,556 - INFO - Speaking: Cannot identify
2026-02-16 12:18:58,859 - WARNING - Unknown person detected
2026-02-16 12:19:02,835 - INFO - Speaking: Cannot identify
2026-02-16 12:19:03,132 - WARNING - Unknown person detected
2026-02-16 12:19:05,455 - WARNING - Person too close! Face width: 216px
2026-02-16 12:19:05,456 - INFO - Speaking: Too close, maintain distance to mark attendance
2026-02-16 12:19:08,483 - WARNING - Person too close! Face width: 216px
2026-02-16 12:19:08,483 - INFO - Speaking: Too close, maintain distance to mark attendance
2026-02-16 12:19:09,180 - WARNING - Person too close! Face width: 216px
2026-02-16 12:19:09,564 - WARNING - Person too close! Face width: 216px
2026-02-16 12:19:09,961 - WARNING - Person too close! Face width: 216px
2026-02-16 12:19:10,356 - WARNING - Person too close! Face width: 216px
2026-02-16 12:19:15,086 - INFO - Speaking: Cannot identify
2026-02-16 12:19:15,394 - WARNING - Unknown person detected
2026-02-16 12:19:19,061 - INFO - Speaking: Cannot identify
2026-02-16 12:19:19,366 - WARNING - Unknown person detected
2026-02-16 12:19:28,992 - WARNING - Person too close! Face width: 258px
2026-02-16 12:19:28,992 - INFO - Speaking: Too close, maintain distance to mark attendance
2026-02-16 12:19:29,688 - WARNING - Person too close! Face width: 216px
2026-02-16 12:19:30,079 - WARNING - Person too close! Face width: 258px
2026-02-16 12:19:30,471 - WARNING - Person too close! Face width: 216px
2026-02-16 12:19:30,872 - WARNING - Person too close! Face width: 216px
2026-02-16 12:19:31,269 - WARNING - Person too close! Face width: 216px
2026-02-16 12:19:31,671 - WARNING - Person too close! Face width: 216px
2026-02-16 12:19:32,073 - WARNING - Person too close! Face width: 216px
2026-02-16 12:19:32,073 - INFO - Speaking: Too close, maintain distance to mark attendance
2026-02-16 12:19:34,366 - WARNING - Person too close! Face width: 216px
2026-02-16 12:19:35,151 - WARNING - Person too close! Face width: 216px
2026-02-16 12:19:35,152 - INFO - Speaking: Too close, maintain distance to mark attendance
2026-02-16 12:19:35,846 - WARNING - Person too close! Face width: 216px
2026-02-16 12:19:43,272 - INFO - Speaking: Cannot identify
2026-02-16 12:19:43,591 - WARNING - Unknown person detected
2026-02-16 12:19:49,764 - INFO - Cleaning up...
2026-02-16 12:19:50,083 - INFO - Camera released
2026-02-16 12:19:50,086 - INFO - Windows closed
2026-02-16 12:19:50,095 - INFO - ============================================================
2026-02-16 12:19:50,095 - INFO - SYSTEM STOPPED
2026-02-16 12:19:50,095 - INFO - ============================================================
2026-02-16 12:19:50,095 - INFO - 
Interrupted by user
2026-02-16 18:18:12,439 - INFO - Already marked today: vini
2026-02-16 18:18:12,440 - INFO - Attendance manager initialized
2026-02-16 18:18:12,932 - INFO - Speech engine initialized
2026-02-16 18:18:13,740 - INFO - Calibrating microphone for ambient noise...
2026-02-16 18:18:14,810 - INFO - Speech recognition initialized
2026-02-16 18:18:14,811 - INFO - ============================================================
2026-02-16 18:18:14,811 - INFO - FACE RECOGNITION ATTENDANCE SYSTEM
2026-02-16 18:18:14,812 - INFO - ============================================================
2026-02-16 18:18:14,812 - INFO - Loading 1 face images...
2026-02-16 18:18:16,511 - INFO - Loaded: vini
2026-02-16 18:18:16,511 - INFO - Total faces loaded: 1
2026-02-16 18:18:16,511 - INFO - Known people: vini
2026-02-16 18:18:16,512 - INFO - Opening camera...
2026-02-16 18:18:22,170 - INFO - Camera ready. Looking for faces...
2026-02-16 18:18:22,170 - INFO - Press 'q' to quit manually
2026-02-16 18:18:30,427 - INFO - No faces found in 100 frames
2026-02-16 18:18:30,427 - INFO - ============================================================
2026-02-16 18:18:30,428 - INFO - SESSION SUMMARY
2026-02-16 18:18:30,428 - INFO - ============================================================
2026-02-16 18:18:30,429 - INFO - Frames processed: 101
2026-02-16 18:18:30,429 - INFO - People recognized: 0
2026-02-16 18:18:30,430 - INFO - Total attendance today: 1
2026-02-16 18:18:30,430 - INFO - Present: vini
2026-02-16 18:18:30,431 - INFO - Cleaning up...
2026-02-16 18:18:30,794 - INFO - Camera released
2026-02-16 18:18:30,812 - INFO - Windows closed
2026-02-16 18:18:30,830 - INFO - ============================================================
2026-02-16 18:18:30,831 - INFO - SYSTEM STOPPED
2026-02-16 18:18:30,832 - INFO - ============================================================
2026-02-17 15:50:08,711 - INFO - Attendance manager initialized
2026-02-17 15:50:09,242 - INFO - Speech engine initialized
2026-02-17 15:50:09,947 - INFO - Calibrating microphone for ambient noise...
2026-02-17 15:50:11,014 - INFO - Speech recognition initialized
2026-02-17 15:50:11,015 - INFO - ============================================================
2026-02-17 15:50:11,015 - INFO - FACE RECOGNITION ATTENDANCE SYSTEM
2026-02-17 15:50:11,016 - INFO - ============================================================
2026-02-17 15:50:11,016 - INFO - Loading 1 face images...
2026-02-17 15:50:12,505 - INFO - Loaded: vini
2026-02-17 15:50:12,506 - INFO - Total faces loaded: 1
2026-02-17 15:50:12,506 - INFO - Known people: vini
2026-02-17 15:50:12,507 - INFO - Opening camera...
2026-02-17 15:50:17,461 - INFO - Camera ready. Looking for faces...
2026-02-17 15:50:17,462 - INFO - Press 'q' to quit manually
2026-02-17 15:50:19,886 - INFO - Speaking: Cannot identify
2026-02-17 15:50:22,188 - WARNING - Unknown person detected
2026-02-17 15:50:22,638 - INFO - RECOGNIZED: vini (confidence: 0.575)
2026-02-17 15:50:22,638 - INFO - Speaking: Hi vini, how are you?
2026-02-17 15:50:22,994 - INFO - Listening for response...
2026-02-17 15:50:25,968 - INFO - Processing speech...
2026-02-17 15:50:27,871 - WARNING - Could not understand audio
2026-02-17 15:50:27,872 - INFO - Speaking: Good to see you!
2026-02-17 15:50:28,314 - INFO - *** ATTENDANCE MARKED: vini at 15:50:28 - Mood: Neutral ***
2026-02-17 15:50:28,315 - INFO - Speaking: Attendance marked
2026-02-17 15:50:48,286 - INFO - Speaking: Cannot identify
2026-02-17 15:50:48,872 - WARNING - Unknown person detected
2026-02-17 15:51:04,399 - INFO - Speaking: Cannot identify
2026-02-17 15:51:04,952 - WARNING - Unknown person detected
2026-02-17 15:51:07,642 - INFO - Speaking: Cannot identify
2026-02-17 15:51:08,056 - WARNING - Unknown person detected
2026-02-17 15:51:10,715 - INFO - Speaking: Cannot identify
2026-02-17 15:51:11,116 - WARNING - Unknown person detected
2026-02-17 15:51:13,799 - INFO - Speaking: Cannot identify
2026-02-17 15:51:14,203 - WARNING - Unknown person detected
2026-02-17 15:51:16,876 - INFO - Speaking: Cannot identify
2026-02-17 15:51:17,267 - WARNING - Unknown person detected
2026-02-17 15:51:24,322 - INFO - Speaking: Cannot identify
2026-02-17 15:51:24,742 - WARNING - Unknown person detected
2026-02-17 15:51:27,494 - INFO - Speaking: Cannot identify
2026-02-17 15:51:27,881 - WARNING - Unknown person detected
2026-02-17 15:51:28,359 - WARNING - Person too close! Face width: 216px
2026-02-17 15:51:28,359 - INFO - Speaking: Too close, maintain distance to mark attendance
2026-02-17 15:51:29,245 - WARNING - Person too close! Face width: 258px
2026-02-17 15:51:29,686 - WARNING - Person too close! Face width: 216px
2026-02-17 15:51:30,117 - WARNING - Person too close! Face width: 216px
2026-02-17 15:51:30,555 - WARNING - Person too close! Face width: 216px
2026-02-17 15:51:30,973 - WARNING - Person too close! Face width: 216px
2026-02-17 15:51:31,396 - INFO - Speaking: Cannot identify
2026-02-17 15:51:31,822 - WARNING - Unknown person detected
2026-02-17 15:51:47,241 - INFO - Speaking: Cannot identify
2026-02-17 15:51:47,826 - WARNING - Unknown person detected
2026-02-17 15:52:18,266 - WARNING - Person too close! Face width: 258px
2026-02-17 15:52:18,267 - INFO - Speaking: Too close, maintain distance to mark attendance
2026-02-17 15:52:19,362 - WARNING - Person too close! Face width: 310px
2026-02-17 15:52:19,818 - WARNING - Person too close! Face width: 310px
2026-02-17 15:52:20,275 - WARNING - Person too close! Face width: 258px
2026-02-17 15:52:20,711 - WARNING - Person too close! Face width: 258px
2026-02-17 15:52:21,163 - WARNING - Person too close! Face width: 216px
2026-02-17 15:52:21,619 - WARNING - Person too close! Face width: 216px
2026-02-17 15:52:21,620 - INFO - Speaking: Too close, maintain distance to mark attendance
2026-02-17 15:52:24,306 - WARNING - Person too close! Face width: 216px
2026-02-17 15:52:24,740 - WARNING - Person too close! Face width: 216px
2026-02-17 15:52:24,741 - INFO - Speaking: Too close, maintain distance to mark attendance
2026-02-17 15:52:25,640 - WARNING - Person too close! Face width: 216px
2026-02-17 15:52:26,074 - WARNING - Person too close! Face width: 216px
2026-02-17 15:52:37,043 - INFO - Speaking: Cannot identify
2026-02-17 15:52:37,556 - WARNING - Unknown person detected
2026-02-17 15:52:40,344 - INFO - Speaking: Cannot identify
2026-02-17 15:52:40,746 - WARNING - Unknown person detected
2026-02-17 15:52:43,478 - INFO - Speaking: Cannot identify
2026-02-17 15:52:43,880 - WARNING - Unknown person detected
2026-02-17 15:52:46,562 - INFO - Speaking: Cannot identify
2026-02-17 15:52:46,957 - WARNING - Unknown person detected
2026-02-17 15:53:02,419 - INFO - Speaking: Cannot identify
2026-02-17 15:53:02,972 - WARNING - Unknown person detected
2026-02-17 15:53:05,706 - INFO - Speaking: Cannot identify
2026-02-17 15:53:06,111 - WARNING - Unknown person detected
2026-02-17 15:53:17,708 - INFO - Cleaning up...
2026-02-17 15:53:18,057 - INFO - Camera released
2026-02-17 15:53:18,060 - INFO - Windows closed
2026-02-17 15:53:18,067 - INFO - ============================================================
2026-02-17 15:53:18,067 - INFO - SYSTEM STOPPED
2026-02-17 15:53:18,067 - INFO - ============================================================
2026-02-17 15:53:18,068 - INFO - 
Interrupted by user
2026-02-17 15:55:47,080 - INFO - Already marked today: vini
2026-02-17 15:55:47,081 - INFO - Attendance manager initialized
2026-02-17 15:55:47,315 - INFO - Speech engine initialized
2026-02-17 15:55:47,870 - INFO - Calibrating microphone for ambient noise...
2026-02-17 15:55:48,938 - INFO - Speech recognition initialized
2026-02-17 15:55:48,938 - INFO - ============================================================
2026-02-17 15:55:48,938 - INFO - FACE RECOGNITION ATTENDANCE SYSTEM
2026-02-17 15:55:48,939 - INFO - ============================================================
2026-02-17 15:55:48,940 - INFO - Loading 1 face images...
2026-02-17 15:55:49,957 - INFO - Loaded: vini
2026-02-17 15:55:49,958 - INFO - Total faces loaded: 1
2026-02-17 15:55:49,958 - INFO - Known people: vini
2026-02-17 15:55:49,959 - INFO - Opening camera...
2026-02-17 15:55:54,961 - INFO - Camera ready. Looking for faces...
2026-02-17 15:55:54,961 - INFO - Press 'q' to quit manually
2026-02-17 15:55:55,677 - INFO - RECOGNIZED: vini (confidence: 0.328)
2026-02-17 15:55:55,678 - INFO - Speaking: Attendance already marked
2026-02-17 15:55:58,373 - INFO - vini - Attendance already marked today
2026-02-17 15:56:56,816 - WARNING - Person too close! Face width: 216px
2026-02-17 15:56:56,816 - INFO - Speaking: Too close, maintain distance to mark attendance
2026-02-17 15:58:15,045 - INFO - Cleaning up...
2026-02-17 15:58:15,381 - INFO - Camera released
2026-02-17 15:58:15,384 - INFO - Windows closed
2026-02-17 15:58:15,391 - INFO - ============================================================
2026-02-17 15:58:15,391 - INFO - SYSTEM STOPPED
2026-02-17 15:58:15,391 - INFO - ============================================================
2026-02-17 15:58:15,392 - INFO - 
Interrupted by user
2026-02-17 15:59:16,448 - INFO - Already marked today: vini
2026-02-17 15:59:16,449 - INFO - Attendance manager initialized
2026-02-17 15:59:16,670 - INFO - Speech engine initialized
2026-02-17 15:59:17,282 - INFO - Calibrating microphone for ambient noise...
2026-02-17 15:59:18,345 - INFO - Speech recognition initialized
2026-02-17 15:59:18,346 - INFO - ============================================================
2026-02-17 15:59:18,347 - INFO - FACE RECOGNITION ATTENDANCE SYSTEM
2026-02-17 15:59:18,347 - INFO - ============================================================
2026-02-17 15:59:18,348 - INFO - Loading 2 face images...
2026-02-17 15:59:19,389 - INFO - Loaded: Nishit
2026-02-17 15:59:20,409 - INFO - Loaded: vini
2026-02-17 15:59:20,410 - INFO - Total faces loaded: 2
2026-02-17 15:59:20,410 - INFO - Known people: Nishit, vini
2026-02-17 15:59:20,411 - INFO - Opening camera...
2026-02-17 15:59:25,233 - INFO - Camera ready. Looking for faces...
2026-02-17 15:59:25,234 - INFO - Press 'q' to quit manually
2026-02-17 15:59:26,254 - INFO - RECOGNIZED: Nishit (confidence: 0.359)
2026-02-17 15:59:26,255 - INFO - Speaking: Hi Nishit, how are you?
2026-02-17 15:59:29,258 - INFO - Listening for response...
2026-02-17 15:59:31,975 - INFO - Processing speech...
2026-02-17 15:59:32,921 - INFO - Heard: what about you
2026-02-17 15:59:32,923 - INFO - Neutral mood detected
2026-02-17 15:59:32,924 - INFO - Speaking: Good to see you!
2026-02-17 15:59:33,357 - INFO - *** ATTENDANCE MARKED: Nishit at 15:59:33 - Mood: Neutral ***
2026-02-17 15:59:33,358 - INFO - Speaking: Attendance marked
2026-02-17 15:59:47,619 - WARNING - Person too close! Face width: 216px
2026-02-17 15:59:47,620 - INFO - Speaking: Too close, maintain distance to mark attendance
2026-02-17 16:00:11,085 - INFO - RECOGNIZED: vini (confidence: 0.394)
2026-02-17 16:00:11,085 - INFO - Speaking: Attendance already marked
2026-02-17 16:00:11,673 - INFO - vini - Attendance already marked today
2026-02-17 16:00:29,581 - WARNING - Person too close! Face width: 216px
2026-02-17 16:00:29,582 - INFO - Speaking: Too close, maintain distance to mark attendance
2026-02-17 16:00:30,653 - WARNING - Person too close! Face width: 216px
2026-02-17 16:00:44,707 - INFO - Cleaning up...
2026-02-17 16:00:45,021 - INFO - Camera released
2026-02-17 16:00:45,029 - INFO - Windows closed
2026-02-17 16:00:45,038 - INFO - ============================================================
2026-02-17 16:00:45,039 - INFO - SYSTEM STOPPED
2026-02-17 16:00:45,039 - INFO - ============================================================
2026-02-17 16:00:45,040 - INFO - 
Interrupted by user
2026-02-17 16:24:49,500 - INFO - Already marked today: vini, Nishit
2026-02-17 16:24:49,502 - INFO - Attendance manager initialized
2026-02-17 16:24:49,706 - INFO - Speech engine initialized
2026-02-17 16:24:50,243 - INFO - Calibrating microphone for ambient noise...
2026-02-17 16:24:51,303 - INFO - Speech recognition initialized
2026-02-17 16:24:51,303 - INFO - ============================================================
2026-02-17 16:24:51,304 - INFO - FACE RECOGNITION ATTENDANCE SYSTEM
2026-02-17 16:24:51,304 - INFO - ============================================================
2026-02-17 16:24:51,305 - INFO - Loading 2 face images...
2026-02-17 16:24:52,384 - INFO - Loaded: Nishit
2026-02-17 16:24:53,401 - INFO - Loaded: vini
2026-02-17 16:24:53,402 - INFO - Total faces loaded: 2
2026-02-17 16:24:53,402 - INFO - Known people: Nishit, vini
2026-02-17 16:24:55,908 - INFO - Already marked today: Nishit, vini
2026-02-17 16:24:55,909 - INFO - Attendance manager initialized
2026-02-17 16:24:56,139 - INFO - Speech engine initialized
2026-02-17 16:24:56,363 - INFO - Calibrating microphone for ambient noise...
2026-02-17 16:24:57,429 - INFO - Speech recognition initialized
2026-02-17 16:24:57,430 - INFO - ============================================================
2026-02-17 16:24:57,430 - INFO - FACE RECOGNITION ATTENDANCE SYSTEM
2026-02-17 16:24:57,430 - INFO - ============================================================
2026-02-17 16:24:57,431 - INFO - Loading 2 face images...
2026-02-17 16:24:58,607 - INFO - Loaded: Nishit
2026-02-17 16:24:59,823 - INFO - Loaded: vini
2026-02-17 16:24:59,824 - INFO - Total faces loaded: 2
2026-02-17 16:24:59,824 - INFO - Known people: Nishit, vini
2026-02-17 21:28:57,603 - INFO - Already marked today: Nishit, vini
2026-02-17 21:28:57,604 - INFO - Attendance manager initialized
2026-02-17 21:28:58,020 - INFO - Speech engine initialized
2026-02-17 21:28:58,696 - INFO - Calibrating microphone for ambient noise...
2026-02-17 21:28:59,771 - INFO - Speech recognition initialized
2026-02-17 21:28:59,771 - INFO - ============================================================
2026-02-17 21:28:59,772 - INFO - FACE RECOGNITION ATTENDANCE SYSTEM
2026-02-17 21:28:59,772 - INFO - ============================================================
2026-02-17 21:28:59,773 - INFO - Loading 2 face images...
2026-02-17 21:29:01,294 - INFO - Loaded: Nishit
2026-02-17 21:29:02,500 - INFO - Loaded: vini
2026-02-17 21:29:02,501 - INFO - Total faces loaded: 2
2026-02-17 21:29:02,502 - INFO - Known people: Nishit, vini
2026-02-17 21:31:17,603 - INFO - Opening camera...
2026-02-17 21:31:21,428 - INFO - Opening camera...
2026-02-17 21:31:26,283 - INFO - Camera ready. Looking for faces...
2026-02-17 21:31:26,283 - INFO - Press 'q' to quit manually
2026-02-17 21:31:30,152 - INFO - Camera ready. Looking for faces...
2026-02-17 21:31:30,152 - INFO - Press 'q' to quit manually
2026-02-17 21:31:30,551 - ERROR - Failed to read frame
2026-02-17 21:31:30,551 - INFO - ============================================================
2026-02-17 21:31:30,552 - INFO - SESSION SUMMARY
2026-02-17 21:31:30,552 - INFO - ============================================================
2026-02-17 21:31:30,552 - INFO - Frames processed: 31
2026-02-17 21:31:30,554 - INFO - People recognized: 0
2026-02-17 21:31:30,554 - INFO - Total attendance today: 2
2026-02-17 21:31:30,554 - INFO - Present: Nishit, vini
2026-02-17 21:31:30,555 - INFO - Cleaning up...
2026-02-17 21:31:30,581 - INFO - Camera released
2026-02-17 21:31:30,591 - INFO - Windows closed
2026-02-17 21:31:30,608 - INFO - ============================================================
2026-02-17 21:31:30,609 - INFO - SYSTEM STOPPED
2026-02-17 21:31:30,610 - INFO - ============================================================
2026-02-17 21:31:42,856 - INFO - No faces found in 100 frames
2026-02-17 21:31:42,857 - INFO - ============================================================
2026-02-17 21:31:42,857 - INFO - SESSION SUMMARY
2026-02-17 21:31:42,858 - INFO - ============================================================
2026-02-17 21:31:42,858 - INFO - Frames processed: 101
2026-02-17 21:31:42,859 - INFO - People recognized: 0
2026-02-17 21:31:42,859 - INFO - Total attendance today: 2
2026-02-17 21:31:42,860 - INFO - Present: Nishit, vini
2026-02-17 21:31:42,860 - INFO - Cleaning up...
2026-02-17 21:31:43,200 - INFO - Camera released
2026-02-17 21:31:43,208 - INFO - Windows closed
2026-02-17 21:31:43,217 - INFO - ============================================================
2026-02-17 21:31:43,217 - INFO - SYSTEM STOPPED
2026-02-17 21:31:43,218 - INFO - ============================================================
2026-02-17 21:31:48,847 - INFO - Opening camera...
2026-02-17 21:31:55,293 - INFO - Camera ready. Looking for faces...
2026-02-17 21:31:55,293 - INFO - Press 'q' to quit manually
2026-02-17 21:32:06,489 - INFO - No faces found in 100 frames
2026-02-17 21:32:06,490 - INFO - ============================================================
2026-02-17 21:32:06,491 - INFO - SESSION SUMMARY
2026-02-17 21:32:06,492 - INFO - ============================================================
2026-02-17 21:32:06,492 - INFO - Frames processed: 101
2026-02-17 21:32:06,493 - INFO - People recognized: 0
2026-02-17 21:32:06,493 - INFO - Total attendance today: 2
2026-02-17 21:32:06,494 - INFO - Present: Nishit, vini
2026-02-17 21:32:06,495 - INFO - Cleaning up...
2026-02-17 21:32:06,825 - INFO - Camera released
2026-02-17 21:32:06,834 - INFO - Windows closed
2026-02-17 21:32:06,844 - INFO - ============================================================
2026-02-17 21:32:06,846 - INFO - SYSTEM STOPPED
2026-02-17 21:32:06,847 - INFO - ============================================================
2026-02-17 21:39:24,690 - INFO - Opening camera...
2026-02-17 21:39:33,958 - INFO - Camera ready. Looking for faces...
2026-02-17 21:39:33,958 - INFO - Press 'q' to quit manually
2026-02-17 21:39:36,850 - INFO - RECOGNIZED: vini (confidence: 0.438)
2026-02-17 21:39:36,851 - INFO - Speaking: Attendance already marked
2026-02-17 21:40:12,449 - INFO - Opening camera...
2026-02-17 21:40:19,015 - INFO - Camera ready. Looking for faces...
2026-02-17 21:40:19,015 - INFO - Press 'q' to quit manually
2026-02-17 21:40:29,140 - INFO - No faces found in 100 frames
2026-02-17 21:40:29,140 - INFO - ============================================================
2026-02-17 21:40:29,140 - INFO - SESSION SUMMARY
2026-02-17 21:40:29,141 - INFO - ============================================================
2026-02-17 21:40:29,141 - INFO - Frames processed: 101
2026-02-17 21:40:29,142 - INFO - People recognized: 0
2026-02-17 21:40:29,142 - INFO - Total attendance today: 2
2026-02-17 21:40:29,143 - INFO - Present: Nishit, vini
2026-02-17 21:40:29,143 - INFO - Cleaning up...
2026-02-17 21:40:29,147 - INFO - Camera released
2026-02-17 21:40:29,153 - INFO - Windows closed
2026-02-17 21:40:29,155 - INFO - ============================================================
2026-02-17 21:40:29,155 - INFO - SYSTEM STOPPED
2026-02-17 21:40:29,155 - INFO - ============================================================
2026-02-17 21:41:22,145 - INFO - Already marked today: Nishit, vini
2026-02-17 21:41:22,145 - INFO - Attendance manager initialized
2026-02-17 21:41:22,398 - INFO - Speech engine initialized
2026-02-17 21:41:22,651 - INFO - Calibrating microphone for ambient noise...
2026-02-17 21:41:23,720 - INFO - Speech recognition initialized
2026-02-17 21:41:23,721 - INFO - ============================================================
2026-02-17 21:41:23,721 - INFO - FACE RECOGNITION ATTENDANCE SYSTEM
2026-02-17 21:41:23,722 - INFO - ============================================================
2026-02-17 21:41:23,723 - INFO - Loading 2 face images...
2026-02-17 21:41:24,807 - INFO - Loaded: Nishit
2026-02-17 21:41:25,821 - INFO - Loaded: vini
2026-02-17 21:41:25,822 - INFO - Total faces loaded: 2
2026-02-17 21:41:25,822 - INFO - Known people: Nishit, vini
2026-02-17 21:46:29,884 - INFO - Opening camera...
2026-02-17 21:46:35,767 - INFO - Camera ready. Looking for faces...
2026-02-17 21:46:35,767 - INFO - Press 'q' to quit manually
2026-02-17 21:46:43,426 - INFO - Quit key pressed
2026-02-17 21:46:43,426 - INFO - ============================================================
2026-02-17 21:46:43,426 - INFO - SESSION SUMMARY
2026-02-17 21:46:43,427 - INFO - ============================================================
2026-02-17 21:46:43,427 - INFO - Frames processed: 81
2026-02-17 21:46:43,428 - INFO - People recognized: 0
2026-02-17 21:46:43,428 - INFO - Total attendance today: 2
2026-02-17 21:46:43,428 - INFO - Present: Nishit, vini
2026-02-17 21:46:43,429 - INFO - Cleaning up...
2026-02-17 21:46:43,757 - INFO - Camera released
2026-02-17 21:46:43,775 - INFO - Windows closed
2026-02-17 21:46:43,784 - INFO - ============================================================
2026-02-17 21:46:43,784 - INFO - SYSTEM STOPPED
2026-02-17 21:46:43,785 - INFO - ============================================================
2026-02-17 21:48:52,919 - INFO - Opening camera...
2026-02-17 21:49:02,197 - INFO - Camera ready. Looking for faces...
2026-02-17 21:49:02,198 - INFO - Press 'q' to quit manually
2026-02-17 21:49:06,348 - INFO - RECOGNIZED: vini (confidence: 0.411)
2026-02-17 21:49:06,349 - INFO - Speaking: Attendance already marked
2026-02-17 22:04:01,127 - INFO - Already marked today: Nishit, vini
2026-02-17 22:04:01,128 - INFO - Attendance manager initialized
2026-02-17 22:04:01,417 - INFO - Speech engine initialized
2026-02-17 22:04:02,106 - INFO - Calibrating microphone for ambient noise...
2026-02-17 22:04:03,208 - INFO - Speech recognition initialized
2026-02-17 22:04:03,208 - INFO - ============================================================
2026-02-17 22:04:03,209 - INFO - FACE RECOGNITION ATTENDANCE SYSTEM
2026-02-17 22:04:03,209 - INFO - ============================================================
2026-02-17 22:04:03,211 - INFO - Loading 2 face images...
2026-02-17 22:04:04,417 - INFO - Loaded: Nishit
2026-02-17 22:04:05,775 - INFO - Loaded: vini
2026-02-17 22:04:05,775 - INFO - Total faces loaded: 2
2026-02-17 22:04:05,775 - INFO - Known people: Nishit, vini
2026-02-17 22:04:36,206 - INFO - Opening camera...
2026-02-17 22:04:42,969 - INFO - Opening camera...
2026-02-17 22:04:43,186 - INFO - Camera ready. Looking for faces...
2026-02-17 22:04:43,186 - INFO - Press 'q' to quit manually
2026-02-17 22:04:49,877 - INFO - Camera ready. Looking for faces...
2026-02-17 22:04:49,877 - INFO - Press 'q' to quit manually
2026-02-17 22:04:49,971 - ERROR - Failed to read frame
2026-02-17 22:04:49,971 - INFO - ============================================================
2026-02-17 22:04:49,972 - INFO - SESSION SUMMARY
2026-02-17 22:04:49,972 - INFO - ============================================================
2026-02-17 22:04:49,973 - INFO - Frames processed: 61
2026-02-17 22:04:49,973 - INFO - People recognized: 0
2026-02-17 22:04:49,973 - INFO - Total attendance today: 2
2026-02-17 22:04:49,974 - INFO - Present: Nishit, vini
2026-02-17 22:04:49,974 - INFO - Cleaning up...
2026-02-17 22:04:49,977 - INFO - Camera released
2026-02-17 22:04:49,986 - INFO - Windows closed
2026-02-17 22:04:49,990 - INFO - ============================================================
2026-02-17 22:04:49,990 - INFO - SYSTEM STOPPED
2026-02-17 22:04:49,991 - INFO - ============================================================
2026-02-17 22:04:58,601 - INFO - RECOGNIZED: vini (confidence: 0.539)
2026-02-17 22:04:58,601 - INFO - Speaking: Attendance already marked
2026-02-17 22:07:53,436 - INFO - Already marked today: vini, Nishit
2026-02-17 22:07:53,437 - INFO - Attendance manager initialized
2026-02-17 22:07:53,648 - INFO - Speech engine initialized
2026-02-17 22:07:54,208 - INFO - Calibrating microphone for ambient noise...
2026-02-17 22:07:55,278 - INFO - Speech recognition initialized
2026-02-17 22:07:55,278 - INFO - ============================================================
2026-02-17 22:07:55,278 - INFO - FACE RECOGNITION ATTENDANCE SYSTEM
2026-02-17 22:07:55,279 - INFO - ============================================================
2026-02-17 22:07:55,280 - INFO - Loading 2 face images...
2026-02-17 22:07:57,192 - INFO - Loaded: Nishit
2026-02-17 22:07:58,780 - INFO - Loaded: vini
2026-02-17 22:07:58,781 - INFO - Total faces loaded: 2
2026-02-17 22:07:58,781 - INFO - Known people: Nishit, vini
2026-02-17 22:08:22,264 - INFO - Opening camera...
2026-02-17 22:08:24,892 - INFO - Opening camera...
2026-02-17 22:08:33,667 - INFO - Camera ready. Looking for faces...
2026-02-17 22:08:33,668 - INFO - Press 'q' to quit manually
2026-02-17 22:08:35,162 - INFO - Camera ready. Looking for faces...
2026-02-17 22:08:35,163 - INFO - Press 'q' to quit manually
2026-02-17 22:08:35,249 - ERROR - Failed to read frame
2026-02-17 22:08:35,249 - INFO - ============================================================
2026-02-17 22:08:35,249 - INFO - SESSION SUMMARY
2026-02-17 22:08:35,250 - INFO - ============================================================
2026-02-17 22:08:35,250 - INFO - Frames processed: 10
2026-02-17 22:08:35,250 - INFO - People recognized: 0
2026-02-17 22:08:35,251 - INFO - Total attendance today: 2
2026-02-17 22:08:35,252 - INFO - Present: vini, Nishit
2026-02-17 22:08:35,252 - INFO - Cleaning up...
2026-02-17 22:08:35,257 - INFO - Camera released
2026-02-17 22:08:35,264 - INFO - Windows closed
2026-02-17 22:08:35,279 - INFO - ============================================================
2026-02-17 22:08:35,280 - INFO - SYSTEM STOPPED
2026-02-17 22:08:35,281 - INFO - ============================================================
2026-02-17 22:08:45,215 - INFO - No faces found in 100 frames
2026-02-17 22:08:45,216 - INFO - ============================================================
2026-02-17 22:08:45,216 - INFO - SESSION SUMMARY
2026-02-17 22:08:45,217 - INFO - ============================================================
2026-02-17 22:08:45,217 - INFO - Frames processed: 101
2026-02-17 22:08:45,218 - INFO - People recognized: 0
2026-02-17 22:08:45,220 - INFO - Total attendance today: 2
2026-02-17 22:08:45,221 - INFO - Present: vini, Nishit
2026-02-17 22:08:45,221 - INFO - Cleaning up...
2026-02-17 22:08:45,581 - INFO - Camera released
2026-02-17 22:08:45,591 - INFO - Windows closed
2026-02-17 22:08:45,603 - INFO - ============================================================
2026-02-17 22:08:45,603 - INFO - SYSTEM STOPPED
2026-02-17 22:08:45,604 - INFO - ============================================================
2026-02-17 22:08:51,094 - INFO - Opening camera...
2026-02-17 22:08:56,173 - INFO - Opening camera...
2026-02-17 22:08:56,643 - INFO - Opening camera...
2026-02-17 22:09:04,553 - INFO - Camera ready. Looking for faces...
2026-02-17 22:09:04,554 - INFO - Press 'q' to quit manually
2026-02-17 22:09:08,692 - INFO - Camera ready. Looking for faces...
2026-02-17 22:09:08,692 - INFO - Press 'q' to quit manually
2026-02-17 22:09:08,715 - INFO - Camera ready. Looking for faces...
2026-02-17 22:09:08,716 - INFO - Press 'q' to quit manually
2026-02-17 22:09:08,880 - ERROR - Failed to read frame
2026-02-17 22:09:08,880 - INFO - ============================================================
2026-02-17 22:09:08,881 - INFO - SESSION SUMMARY
2026-02-17 22:09:08,881 - INFO - ============================================================
2026-02-17 22:09:08,882 - INFO - Frames processed: 1
2026-02-17 22:09:08,883 - INFO - People recognized: 0
2026-02-17 22:09:08,883 - INFO - Total attendance today: 2
2026-02-17 22:09:08,883 - INFO - Present: vini, Nishit
2026-02-17 22:09:08,884 - INFO - Cleaning up...
2026-02-17 22:09:08,896 - INFO - Camera released
2026-02-17 22:11:41,572 - INFO - Already marked today: vini, Nishit
2026-02-17 22:11:41,573 - INFO - Attendance manager initialized
2026-02-17 22:11:41,781 - INFO - Speech engine initialized
2026-02-17 22:11:42,345 - INFO - Calibrating microphone for ambient noise...
2026-02-17 22:11:43,408 - INFO - Speech recognition initialized
2026-02-17 22:11:43,409 - INFO - ============================================================
2026-02-17 22:11:43,409 - INFO - FACE RECOGNITION ATTENDANCE SYSTEM
2026-02-17 22:11:43,410 - INFO - ============================================================
2026-02-17 22:11:43,411 - INFO - Loading 2 face images...
2026-02-17 22:11:44,478 - INFO - Loaded: Nishit
2026-02-17 22:11:45,440 - INFO - Loaded: vini
2026-02-17 22:11:45,440 - INFO - Total faces loaded: 2
2026-02-17 22:11:45,440 - INFO - Known people: Nishit, vini
2026-02-17 22:12:16,454 - INFO - Opening camera...
2026-02-17 22:12:22,300 - INFO - Camera ready. Looking for faces...
2026-02-17 22:12:22,300 - INFO - Press 'q' to quit manually
2026-02-17 22:12:23,085 - INFO - RECOGNIZED: vini (confidence: 0.390)
2026-02-17 22:12:23,085 - INFO - Speaking: Attendance already marked
2026-02-17 22:15:11,948 - INFO - Already marked today: Nishit, vini
2026-02-17 22:15:11,949 - INFO - Attendance manager initialized
2026-02-17 22:15:12,180 - INFO - Speech engine initialized
2026-02-17 22:15:12,736 - INFO - Calibrating microphone for ambient noise...
2026-02-17 22:15:13,812 - INFO - Speech recognition initialized
2026-02-17 22:15:13,812 - INFO - ============================================================
2026-02-17 22:15:13,813 - INFO - FACE RECOGNITION ATTENDANCE SYSTEM
2026-02-17 22:15:13,814 - INFO - ============================================================
2026-02-17 22:15:13,814 - INFO - Loading 2 face images...
2026-02-17 22:15:15,204 - INFO - Loaded: Nishit
2026-02-17 22:15:16,775 - INFO - Loaded: vini
2026-02-17 22:15:16,776 - INFO - Total faces loaded: 2
2026-02-17 22:15:16,776 - INFO - Known people: Nishit, vini
2026-02-17 22:16:28,660 - INFO - Opening camera...
2026-02-17 22:16:37,475 - INFO - Opening camera...
2026-02-17 22:16:39,197 - INFO - Camera ready. Looking for faces...
2026-02-17 22:16:39,198 - INFO - Press 'q' to quit manually
2026-02-17 22:16:40,486 - INFO - RECOGNIZED: vini (confidence: 0.325)
2026-02-17 22:16:40,487 - INFO - Speaking: Attendance already marked
2026-02-17 22:16:44,811 - INFO - Camera ready. Looking for faces...
2026-02-17 22:16:44,811 - INFO - Press 'q' to quit manually
2026-02-18 13:33:06,202 - INFO - Attendance manager initialized
2026-02-18 13:33:06,618 - INFO - Speech engine initialized
2026-02-18 13:33:07,336 - INFO - Calibrating microphone for ambient noise...
2026-02-18 13:33:08,400 - INFO - Speech recognition initialized
2026-02-18 13:33:08,401 - INFO - ============================================================
2026-02-18 13:33:08,401 - INFO - FACE RECOGNITION ATTENDANCE SYSTEM
2026-02-18 13:33:08,402 - INFO - ============================================================
2026-02-18 13:33:08,402 - INFO - Loading 2 face images...
2026-02-18 13:33:10,001 - INFO - Loaded: Nishit
2026-02-18 13:33:11,913 - INFO - Loaded: vini
2026-02-18 13:33:11,914 - INFO - Total faces loaded: 2
2026-02-18 13:33:11,916 - INFO - Known people: Nishit, vini
2026-02-18 13:33:28,053 - INFO - Opening camera...
2026-02-18 13:33:37,497 - INFO - Camera ready. Looking for faces...
2026-02-18 13:33:37,497 - INFO - Press 'q' to quit manually
2026-02-18 13:33:39,045 - INFO - RECOGNIZED: vini (confidence: 0.433)
2026-02-18 13:33:39,047 - INFO - Speaking: Hi vini, how are you?
2026-02-18 13:39:45,901 - INFO - Attendance manager initialized
2026-02-18 13:39:46,137 - INFO - Speech engine initialized
2026-02-18 13:39:46,722 - INFO - Calibrating microphone for ambient noise...
2026-02-18 13:39:47,807 - INFO - Speech recognition initialized
2026-02-18 13:39:47,808 - INFO - ============================================================
2026-02-18 13:39:47,809 - INFO - FACE RECOGNITION ATTENDANCE SYSTEM
2026-02-18 13:39:47,810 - INFO - ============================================================
2026-02-18 13:39:47,812 - INFO - Loading 2 face images...
2026-02-18 13:39:49,309 - INFO - Loaded: Nishit
2026-02-18 13:39:50,753 - INFO - Loaded: vini
2026-02-18 13:39:50,753 - INFO - Total faces loaded: 2
2026-02-18 13:39:50,754 - INFO - Known people: Nishit, vini
2026-02-18 13:40:08,373 - INFO - Opening camera...
2026-02-18 13:40:15,451 - INFO - Camera ready. Looking for faces...
2026-02-18 13:40:15,451 - INFO - Press 'q' to quit manually
2026-02-18 13:40:16,408 - INFO - RECOGNIZED: vini (confidence: 0.309)
2026-02-18 13:40:16,408 - INFO - Speaking: Hi vini, how are you?
2026-02-18 13:44:48,328 - INFO - Attendance manager initialized
2026-02-18 13:44:48,573 - INFO - Speech engine initialized
2026-02-18 13:44:49,128 - INFO - Calibrating microphone for ambient noise...
2026-02-18 13:44:50,223 - INFO - Speech recognition initialized
2026-02-18 13:44:50,224 - INFO - ============================================================
2026-02-18 13:44:50,225 - INFO - FACE RECOGNITION ATTENDANCE SYSTEM
2026-02-18 13:44:50,226 - INFO - ============================================================
2026-02-18 13:44:50,228 - INFO - Loading 2 face images...
2026-02-18 13:44:51,978 - INFO - Loaded: Nishit
2026-02-18 13:44:53,228 - INFO - Loaded: vini
2026-02-18 13:44:53,229 - INFO - Total faces loaded: 2
2026-02-18 13:44:53,229 - INFO - Known people: Nishit, vini
2026-02-18 13:45:08,613 - INFO - Opening camera...
2026-02-18 13:45:14,990 - INFO - Camera ready. Looking for faces...
2026-02-18 13:45:14,990 - INFO - Press 'q' to quit manually
2026-02-18 13:45:15,916 - INFO - RECOGNIZED: vini (confidence: 0.396)
2026-02-18 13:45:15,917 - INFO - Speaking: Hi vini, how are you?
2026-02-18 13:52:24,979 - INFO - Attendance manager initialized
2026-02-18 13:52:25,193 - INFO - Speech engine initialized
2026-02-18 13:52:25,743 - INFO - Calibrating microphone for ambient noise...
2026-02-18 13:52:26,807 - INFO - Speech recognition initialized
2026-02-18 13:52:26,808 - INFO - ============================================================
2026-02-18 13:52:26,808 - INFO - FACE RECOGNITION ATTENDANCE SYSTEM
2026-02-18 13:52:26,809 - INFO - ============================================================
2026-02-18 13:52:26,810 - INFO - Loading 2 face images...
2026-02-18 13:52:27,831 - INFO - Loaded: Nishit
2026-02-18 13:52:29,247 - INFO - Loaded: vini
2026-02-18 13:52:29,247 - INFO - Total faces loaded: 2
2026-02-18 13:52:29,248 - INFO - Known people: Nishit, vini
2026-02-18 13:52:49,008 - INFO - Opening camera...
2026-02-18 13:52:58,776 - INFO - Camera ready. Looking for faces...
2026-02-18 13:52:58,776 - INFO - Press 'q' to quit manually
2026-02-18 13:53:00,204 - INFO - RECOGNIZED: vini (confidence: 0.377)
2026-02-18 13:53:00,205 - INFO - Speaking: Hi vini, how are you?
2026-02-18 13:59:58,683 - INFO - Attendance manager initialized
2026-02-18 13:59:58,906 - INFO - Speech engine initialized
2026-02-18 13:59:59,490 - INFO - Calibrating microphone for ambient noise...
2026-02-18 14:00:00,577 - INFO - Speech recognition initialized
2026-02-18 14:00:00,578 - INFO - ============================================================
2026-02-18 14:00:00,578 - INFO - FACE RECOGNITION ATTENDANCE SYSTEM
2026-02-18 14:00:00,579 - INFO - ============================================================
2026-02-18 14:00:00,580 - INFO - Loading 2 face images...
2026-02-18 14:00:02,170 - INFO - Loaded: Nishit
2026-02-18 14:00:03,713 - INFO - Loaded: vini
2026-02-18 14:00:03,714 - INFO - Total faces loaded: 2
2026-02-18 14:00:03,715 - INFO - Known people: Nishit, vini
2026-02-18 14:00:11,153 - INFO - Opening camera...
2026-02-18 14:00:18,195 - INFO - Camera ready. Looking for faces...
2026-02-18 14:00:18,196 - INFO - Press 'q' to quit manually
2026-02-18 14:00:19,201 - INFO - RECOGNIZED: vini (confidence: 0.354)
2026-02-18 14:00:19,201 - INFO - Speaking: Hi vini, how are you?
2026-02-18 14:08:14,656 - INFO - Attendance manager initialized
2026-02-18 14:08:14,873 - INFO - Speech engine initialized
2026-02-18 14:08:15,464 - INFO - Calibrating microphone for ambient noise...
2026-02-18 14:08:16,532 - INFO - Speech recognition initialized
2026-02-18 14:08:16,533 - INFO - ============================================================
2026-02-18 14:08:16,533 - INFO - FACE RECOGNITION ATTENDANCE SYSTEM
2026-02-18 14:08:16,534 - INFO - ============================================================
2026-02-18 14:08:16,535 - INFO - Loading 2 face images...
2026-02-18 14:08:18,181 - INFO - Loaded: Nishit
2026-02-18 14:08:19,933 - INFO - Loaded: vini
2026-02-18 14:08:19,934 - INFO - Total faces loaded: 2
2026-02-18 14:08:19,935 - INFO - Known people: Nishit, vini
2026-02-18 14:08:35,629 - INFO - Opening camera...
2026-02-18 14:08:43,159 - INFO - Camera ready. Looking for faces...
2026-02-18 14:08:43,159 - INFO - Press 'q' to quit manually
2026-02-18 14:08:44,557 - INFO - RECOGNIZED: vini (confidence: 0.340)
2026-02-18 14:08:44,558 - INFO - Speaking: Hi vini, how are you?
2026-02-18 14:15:43,769 - INFO - Attendance manager initialized
2026-02-18 14:15:43,968 - INFO - Speech engine initialized
2026-02-18 14:15:44,532 - INFO - Calibrating microphone for ambient noise...
2026-02-18 14:15:45,597 - INFO - Speech recognition initialized
2026-02-18 14:15:45,598 - INFO - ============================================================
2026-02-18 14:15:45,598 - INFO - FACE RECOGNITION ATTENDANCE SYSTEM
2026-02-18 14:15:45,599 - INFO - ============================================================
2026-02-18 14:15:45,599 - INFO - Loading 2 face images...
2026-02-18 14:15:46,642 - INFO - Loaded: Nishit
2026-02-18 14:15:47,615 - INFO - Loaded: vini
2026-02-18 14:15:47,615 - INFO - Total faces loaded: 2
2026-02-18 14:15:47,616 - INFO - Known people: Nishit, vini
2026-02-18 14:15:53,022 - INFO - Opening camera...
2026-02-18 14:15:59,810 - INFO - Camera ready. Looking for faces...
2026-02-18 14:15:59,810 - INFO - Press 'q' to quit manually
2026-02-18 14:16:00,702 - INFO - RECOGNIZED: vini (confidence: 0.365)
2026-02-18 14:16:00,702 - INFO - Speaking: Hi vini, how are you?
2026-02-18 14:28:32,023 - INFO - Attendance manager initialized
2026-02-18 14:28:32,278 - INFO - Speech engine initialized
2026-02-18 14:28:32,398 - INFO - Calibrating microphone for ambient noise...
2026-02-18 14:28:33,412 - INFO - Speech recognition initialized
2026-02-18 14:28:33,412 - INFO - ============================================================
2026-02-18 14:28:33,412 - INFO - FACE RECOGNITION ATTENDANCE SYSTEM
2026-02-18 14:28:33,413 - INFO - ============================================================
2026-02-18 14:28:33,414 - INFO - Loading 2 face images...
2026-02-18 14:28:35,074 - INFO - Loaded: Nishit
2026-02-18 14:28:37,017 - INFO - Loaded: vini
2026-02-18 14:28:37,017 - INFO - Total faces loaded: 2
2026-02-18 14:28:37,018 - INFO - Known people: Nishit, vini
2026-02-18 14:28:41,572 - INFO - Opening camera...
2026-02-18 14:28:48,767 - INFO - Camera ready. Looking for faces...
2026-02-18 14:28:48,767 - INFO - Press 'q' to quit manually
2026-02-18 14:28:49,802 - INFO - RECOGNIZED: vini (confidence: 0.346)
2026-02-18 14:28:49,803 - INFO - Speaking: Hi vini, how are you?
2026-02-18 14:38:40,968 - INFO - Attendance manager initialized
2026-02-18 14:38:41,322 - INFO - Calibrating microphone for ambient noise...
2026-02-18 14:38:42,338 - INFO - Speech recognition initialized
2026-02-18 14:38:42,339 - INFO - ============================================================
2026-02-18 14:38:42,340 - INFO - FACE RECOGNITION ATTENDANCE SYSTEM
2026-02-18 14:38:42,341 - INFO - ============================================================
2026-02-18 14:38:42,342 - INFO - Loading 2 face images...
2026-02-18 14:38:44,095 - INFO - Loaded: Nishit
2026-02-18 14:38:45,730 - INFO - Loaded: vini
2026-02-18 14:38:45,730 - INFO - Total faces loaded: 2
2026-02-18 14:38:45,731 - INFO - Known people: Nishit, vini
2026-02-18 14:38:52,887 - INFO - Opening camera...
2026-02-18 14:39:00,361 - INFO - Camera ready. Looking for faces...
2026-02-18 14:39:00,361 - INFO - Press 'q' to quit manually
2026-02-18 14:39:01,410 - INFO - RECOGNIZED: vini (confidence: 0.344)
2026-02-18 14:39:01,413 - INFO - *** ATTENDANCE MARKED: vini at 14:39:01 - Mood: None ***
2026-02-18 14:39:06,117 - ERROR - Error during speech recognition: Audio source must be entered before listening, see documentation for ``AudioSource``; are you using ``source`` outside of a ``with`` statement?
2026-02-18 14:39:26,536 - INFO - No faces detected for 10 seconds
2026-02-18 14:39:26,538 - INFO - ============================================================
2026-02-18 14:39:26,538 - INFO - SESSION SUMMARY
2026-02-18 14:39:26,538 - INFO - ============================================================
2026-02-18 14:39:26,539 - INFO - Frames processed: 127
2026-02-18 14:39:26,539 - INFO - People recognized: 1
2026-02-18 14:39:26,540 - INFO - Names: vini
2026-02-18 14:39:26,540 - INFO - Total attendance today: 1
2026-02-18 14:39:26,541 - INFO - Present: vini
2026-02-18 14:39:26,541 - INFO - Cleaning up...
2026-02-18 14:39:26,885 - INFO - Camera released
2026-02-18 14:39:26,891 - INFO - Windows closed
2026-02-18 14:39:26,905 - INFO - ============================================================
2026-02-18 14:39:26,906 - INFO - SYSTEM STOPPED
2026-02-18 14:39:26,907 - INFO - ============================================================
2026-02-18 14:43:13,210 - INFO - Already marked today: vini
2026-02-18 14:43:13,211 - INFO - Attendance manager initialized
2026-02-18 14:43:13,750 - INFO - Calibrating microphone for ambient noise...
2026-02-18 14:43:14,797 - INFO - Speech recognition initialized
2026-02-18 14:43:14,798 - INFO - ============================================================
2026-02-18 14:43:14,799 - INFO - FACE RECOGNITION ATTENDANCE SYSTEM
2026-02-18 14:43:14,799 - INFO - ============================================================
2026-02-18 14:43:14,801 - INFO - Loading 2 face images...
2026-02-18 14:43:16,340 - INFO - Loaded: Nishit
2026-02-18 14:43:17,786 - INFO - Loaded: vini
2026-02-18 14:43:17,787 - INFO - Total faces loaded: 2
2026-02-18 14:43:17,788 - INFO - Known people: Nishit, vini
2026-02-18 14:43:23,498 - INFO - Opening camera...
2026-02-18 14:43:33,868 - INFO - Camera ready. Looking for faces...
2026-02-18 14:43:33,868 - INFO - Press 'q' to quit manually
2026-02-18 14:43:35,958 - INFO - RECOGNIZED: vini (confidence: 0.348)
2026-02-18 14:43:35,964 - INFO - vini - Attendance already marked today
2026-02-18 14:44:53,963 - INFO - Already marked today: vini
2026-02-18 14:44:53,963 - INFO - Attendance manager initialized
2026-02-18 14:44:54,446 - INFO - Calibrating microphone for ambient noise...
2026-02-18 14:44:55,461 - INFO - Speech recognition initialized
2026-02-18 14:44:55,462 - INFO - ============================================================
2026-02-18 14:44:55,463 - INFO - FACE RECOGNITION ATTENDANCE SYSTEM
2026-02-18 14:44:55,464 - INFO - ============================================================
2026-02-18 14:44:55,465 - INFO - Loading 2 face images...
2026-02-18 14:44:56,829 - INFO - Loaded: Nishit
2026-02-18 14:44:58,724 - INFO - Loaded: vini
2026-02-18 14:44:58,725 - INFO - Total faces loaded: 2
2026-02-18 14:44:58,725 - INFO - Known people: Nishit, vini
2026-02-18 14:45:09,110 - INFO - Opening camera...
2026-02-18 14:45:21,604 - INFO - Camera ready. Looking for faces...
2026-02-18 14:45:21,605 - INFO - Press 'q' to quit manually
2026-02-18 14:45:24,354 - INFO - RECOGNIZED: Nishit (confidence: 0.344)
2026-02-18 14:45:24,358 - INFO - *** ATTENDANCE MARKED: Nishit at 14:45:24 - Mood: None ***
2026-02-18 14:45:39,029 - WARNING - Could not understand audio
2026-02-18 14:45:52,149 - INFO - RECOGNIZED: vini (confidence: 0.482)
2026-02-18 14:45:52,149 - INFO - vini - Attendance already marked today
2026-02-18 14:46:03,973 - INFO - No faces detected for 10 seconds
2026-02-18 14:46:03,974 - INFO - ============================================================
2026-02-18 14:46:03,975 - INFO - SESSION SUMMARY
2026-02-18 14:46:03,975 - INFO - ============================================================
2026-02-18 14:46:03,976 - INFO - Frames processed: 129
2026-02-18 14:46:03,976 - INFO - People recognized: 2
2026-02-18 14:46:03,977 - INFO - Names: Nishit, vini
2026-02-18 14:46:03,977 - INFO - Total attendance today: 2
2026-02-18 14:46:03,978 - INFO - Present: Nishit, vini
2026-02-18 14:46:03,978 - INFO - Cleaning up...
2026-02-18 14:46:04,331 - INFO - Camera released
2026-02-18 14:46:04,348 - INFO - Windows closed
2026-02-18 14:46:04,361 - INFO - ============================================================
2026-02-18 14:46:04,362 - INFO - SYSTEM STOPPED
2026-02-18 14:46:04,363 - INFO - ============================================================
2026-02-18 15:00:07,752 - INFO - Already marked today: vini
2026-02-18 15:00:07,753 - INFO - Attendance manager initialized
2026-02-18 15:00:08,008 - INFO - Calibrating microphone for ambient noise...
2026-02-18 15:00:09,022 - INFO - Speech recognition initialized
2026-02-18 15:00:09,023 - INFO - ============================================================
2026-02-18 15:00:09,023 - INFO - FACE RECOGNITION ATTENDANCE SYSTEM
2026-02-18 15:00:09,024 - INFO - ============================================================
2026-02-18 15:00:09,025 - INFO - Loading 2 face images...
2026-02-18 15:00:09,986 - INFO - Loaded: Nishit
2026-02-18 15:00:11,091 - INFO - Loaded: vini
2026-02-18 15:00:11,091 - INFO - Total faces loaded: 2
2026-02-18 15:00:11,091 - INFO - Known people: Nishit, vini
2026-02-18 15:00:16,011 - INFO - Opening camera...
2026-02-18 15:00:20,651 - INFO - Camera ready. Looking for faces...
2026-02-18 15:00:20,651 - INFO - Press 'q' to quit manually
2026-02-18 15:00:22,585 - INFO - RECOGNIZED: Nishit (confidence: 0.357)
2026-02-18 15:00:22,586 - INFO - *** ATTENDANCE MARKED: Nishit at 15:00:22 - Mood: None ***
2026-02-18 15:00:42,924 - WARNING - Could not understand audio
2026-02-18 15:00:48,331 - INFO - RECOGNIZED: vini (confidence: 0.425)
2026-02-18 15:00:48,332 - INFO - vini - Attendance already marked today
2026-02-18 15:00:56,827 - WARNING - Person too close! Face width: 216px
2026-02-18 15:00:57,322 - WARNING - Person too close! Face width: 214px
2026-02-18 15:00:57,857 - WARNING - Person too close! Face width: 214px
2026-02-18 15:00:59,204 - WARNING - Person too close! Face width: 214px
2026-02-18 15:01:00,188 - WARNING - Person too close! Face width: 214px
2026-02-18 15:25:22,680 - INFO - Already marked today: vini
2026-02-18 15:25:22,680 - INFO - Attendance manager initialized
2026-02-18 15:25:22,913 - INFO - Calibrating microphone for ambient noise...
2026-02-18 15:25:23,932 - INFO - Speech recognition initialized
2026-02-18 15:25:23,932 - INFO - ============================================================
2026-02-18 15:25:23,933 - INFO - FACE RECOGNITION ATTENDANCE SYSTEM
2026-02-18 15:25:23,933 - INFO - ============================================================
2026-02-18 15:25:23,934 - INFO - Loading 2 face images...
2026-02-18 15:25:24,930 - INFO - Loaded: Nishit
2026-02-18 15:25:26,029 - INFO - Loaded: vini
2026-02-18 15:25:26,029 - INFO - Total faces loaded: 2
2026-02-18 15:25:26,030 - INFO - Known people: Nishit, vini
2026-02-18 15:25:30,639 - INFO - Opening camera...
2026-02-18 15:25:35,249 - INFO - Camera ready. Looking for faces...
2026-02-18 15:25:35,249 - INFO - Press 'q' to quit manually
2026-02-18 15:25:35,930 - INFO - RECOGNIZED: Nishit (confidence: 0.318)
2026-02-18 15:25:35,932 - INFO - *** ATTENDANCE MARKED: Nishit at 15:25:35 - Mood: None ***
2026-02-18 15:25:44,820 - WARNING - Could not understand audio
2026-02-18 15:25:44,820 - WARNING - No valid response from Nishit, marking as Neutral
2026-02-18 15:26:24,253 - INFO - No faces detected for 10 seconds
2026-02-18 15:26:24,253 - INFO - ============================================================
2026-02-18 15:26:24,254 - INFO - SESSION SUMMARY
2026-02-18 15:26:24,254 - INFO - ============================================================
2026-02-18 15:26:24,255 - INFO - Frames processed: 218
2026-02-18 15:26:24,255 - INFO - People recognized: 1
2026-02-18 15:26:24,255 - INFO - Names: Nishit
2026-02-18 15:26:24,256 - INFO - Total attendance today: 2
2026-02-18 15:26:24,256 - INFO - Present: vini, Nishit
2026-02-18 15:26:24,256 - INFO - Cleaning up...
2026-02-18 15:26:24,552 - INFO - Camera released
2026-02-18 15:26:24,555 - INFO - Windows closed
2026-02-18 15:26:24,564 - INFO - ============================================================
2026-02-18 15:26:24,564 - INFO - SYSTEM STOPPED
2026-02-18 15:26:24,565 - INFO - ============================================================
2026-02-18 15:27:22,278 - INFO - Attendance manager initialized
2026-02-18 15:27:22,522 - INFO - Calibrating microphone for ambient noise...
2026-02-18 15:27:23,526 - INFO - Speech recognition initialized
2026-02-18 15:27:23,527 - INFO - ============================================================
2026-02-18 15:27:23,527 - INFO - FACE RECOGNITION ATTENDANCE SYSTEM
2026-02-18 15:27:23,527 - INFO - ============================================================
2026-02-18 15:27:23,528 - INFO - Loading 2 face images...
2026-02-18 15:27:24,535 - INFO - Loaded: Nishit
2026-02-18 15:27:25,611 - INFO - Loaded: vini
2026-02-18 15:27:25,612 - INFO - Total faces loaded: 2
2026-02-18 15:27:25,612 - INFO - Known people: Nishit, vini
2026-02-18 15:27:26,677 - INFO - Opening camera...
2026-02-18 15:27:31,412 - INFO - Camera ready. Looking for faces...
2026-02-18 15:27:31,412 - INFO - Press 'q' to quit manually
2026-02-18 15:27:32,115 - INFO - RECOGNIZED: vini (confidence: 0.284)
2026-02-18 15:27:32,116 - INFO - *** ATTENDANCE MARKED: vini at 15:27:32 - Mood: None ***
2026-02-18 15:27:37,208 - WARNING - Person too close! Face width: 216px
2026-02-18 15:27:58,607 - INFO - Heard: MI
2026-02-18 15:27:58,609 - INFO - Neutral mood detected
2026-02-18 15:27:58,610 - INFO - Detected Mood for vini: Neutral
2026-02-18 15:28:14,977 - WARNING - Person too close! Face width: 216px
2026-02-18 16:57:13,096 - INFO - Attendance manager initialized
2026-02-18 16:57:13,419 - INFO - Calibrating microphone for ambient noise...
2026-02-18 16:57:14,428 - INFO - Speech recognition initialized
2026-02-18 16:57:14,429 - INFO - ============================================================
2026-02-18 16:57:14,429 - INFO - FACE RECOGNITION ATTENDANCE SYSTEM
2026-02-18 16:57:14,430 - INFO - ============================================================
2026-02-18 16:57:14,431 - INFO - Loading 2 face images...
2026-02-18 16:57:16,121 - INFO - Loaded: Nishit
2026-02-18 16:57:17,633 - INFO - Loaded: vini
2026-02-18 16:57:17,634 - INFO - Total faces loaded: 2
2026-02-18 16:57:17,634 - INFO - Known people: Nishit, vini
2026-02-18 16:57:28,495 - INFO - Opening camera...
2026-02-18 16:57:34,544 - INFO - Camera ready. Looking for faces...
2026-02-18 16:57:34,544 - INFO - Press 'q' to quit manually
2026-02-18 16:57:35,545 - INFO - RECOGNIZED: vini (confidence: 0.371)
2026-02-18 16:57:35,548 - INFO - *** ATTENDANCE MARKED: vini at 16:57:35 - Mood: None ***
2026-02-18 16:57:51,707 - WARNING - Could not understand audio
2026-02-18 16:57:51,708 - WARNING - No valid response from vini, marking as Neutral
2026-02-18 16:58:09,578 - WARNING - Person too close! Face width: 216px
2026-02-18 16:58:22,029 - WARNING - Person too close! Face width: 216px
2026-02-18 16:58:23,027 - WARNING - Person too close! Face width: 216px
2026-02-18 16:58:24,010 - WARNING - Person too close! Face width: 216px
2026-02-18 16:59:09,033 - INFO - Attendance manager initialized
2026-02-18 16:59:09,432 - INFO - Calibrating microphone for ambient noise...
2026-02-18 16:59:10,452 - INFO - Speech recognition initialized
2026-02-18 16:59:10,453 - INFO - ============================================================
2026-02-18 16:59:10,454 - INFO - FACE RECOGNITION ATTENDANCE SYSTEM
2026-02-18 16:59:10,455 - INFO - ============================================================
2026-02-18 16:59:10,456 - INFO - Loading 2 face images...
2026-02-18 16:59:12,050 - INFO - Loaded: Nishit
2026-02-18 16:59:13,583 - INFO - Loaded: vini
2026-02-18 16:59:13,584 - INFO - Total faces loaded: 2
2026-02-18 16:59:13,584 - INFO - Known people: Nishit, vini
2026-02-18 16:59:13,792 - INFO - Opening camera...
2026-02-18 16:59:20,235 - INFO - Camera ready. Looking for faces...
2026-02-18 16:59:20,236 - INFO - Press 'q' to quit manually
2026-02-18 16:59:21,279 - INFO - RECOGNIZED: vini (confidence: 0.387)
2026-02-18 16:59:21,282 - INFO - *** ATTENDANCE MARKED: vini at 16:59:21 - Mood: None ***
2026-02-18 16:59:26,093 - WARNING - Person too close! Face width: 216px
2026-02-18 16:59:27,424 - WARNING - Person too close! Face width: 216px
2026-02-18 16:59:52,274 - WARNING - Could not understand audio
2026-02-18 16:59:52,275 - WARNING - No valid response from vini, marking as Neutral
2026-02-18 17:00:08,016 - INFO - RECOGNIZED: Nishit (confidence: 0.397)
2026-02-18 17:00:08,020 - INFO - *** ATTENDANCE MARKED: Nishit at 17:00:08 - Mood: None ***
2026-02-18 17:00:14,108 - WARNING - Person too close! Face width: 216px
2026-02-18 17:00:21,544 - WARNING - Person too close! Face width: 216px
2026-02-18 17:00:27,910 - WARNING - Could not understand audio
2026-02-18 17:00:27,910 - WARNING - No valid response from Nishit, marking as Neutral
2026-02-18 17:00:41,788 - WARNING - Unknown person detected
2026-02-18 17:01:01,434 - INFO - Already marked today: vini, Nishit
2026-02-18 17:01:01,435 - INFO - Attendance manager initialized
2026-02-18 17:01:01,849 - INFO - Calibrating microphone for ambient noise...
2026-02-18 17:01:02,869 - INFO - Speech recognition initialized
2026-02-18 17:01:02,870 - INFO - ============================================================
2026-02-18 17:01:02,872 - INFO - FACE RECOGNITION ATTENDANCE SYSTEM
2026-02-18 17:01:02,873 - INFO - ============================================================
2026-02-18 17:01:02,875 - INFO - Loading 2 face images...
2026-02-18 17:01:04,783 - INFO - Loaded: Nishit
2026-02-18 17:01:06,332 - INFO - Loaded: vini
2026-02-18 17:01:06,333 - INFO - Total faces loaded: 2
2026-02-18 17:01:06,333 - INFO - Known people: Nishit, vini
2026-02-18 17:01:07,308 - INFO - Opening camera...
2026-02-18 17:01:13,974 - INFO - Camera ready. Looking for faces...
2026-02-18 17:01:13,974 - INFO - Press 'q' to quit manually
2026-02-18 17:01:15,438 - INFO - RECOGNIZED: vini (confidence: 0.379)
2026-02-18 17:01:15,440 - INFO - vini - Attendance already marked today
2026-02-18 17:01:15,442 - WARNING - Unknown person detected
2026-02-18 17:01:47,124 - INFO - Attendance manager initialized
2026-02-18 17:01:47,453 - INFO - Calibrating microphone for ambient noise...
2026-02-18 17:01:48,480 - INFO - Speech recognition initialized
2026-02-18 17:01:48,481 - INFO - ============================================================
2026-02-18 17:01:48,483 - INFO - FACE RECOGNITION ATTENDANCE SYSTEM
2026-02-18 17:01:48,484 - INFO - ============================================================
2026-02-18 17:01:48,486 - INFO - Loading 2 face images...
2026-02-18 17:01:50,370 - INFO - Loaded: Nishit
2026-02-18 17:01:52,194 - INFO - Loaded: vini
2026-02-18 17:01:52,194 - INFO - Total faces loaded: 2
2026-02-18 17:01:52,196 - INFO - Known people: Nishit, vini
2026-02-18 17:01:54,738 - INFO - Opening camera...
2026-02-18 17:02:01,516 - INFO - Camera ready. Looking for faces...
2026-02-18 17:02:01,516 - INFO - Press 'q' to quit manually
2026-02-18 17:02:02,433 - INFO - RECOGNIZED: vini (confidence: 0.309)
2026-02-18 17:02:02,435 - INFO - *** ATTENDANCE MARKED: vini at 17:02:02 - Mood: None ***
2026-02-18 17:02:08,186 - INFO - RECOGNIZED: Nishit (confidence: 0.306)
2026-02-18 17:02:08,188 - INFO - *** ATTENDANCE MARKED: Nishit at 17:02:08 - Mood: None ***
2026-02-18 17:02:11,382 - WARNING - Could not understand audio
2026-02-18 17:02:11,383 - WARNING - No valid response from vini, marking as Neutral
2026-02-18 17:02:34,798 - INFO - Opening camera...
2026-02-18 17:02:47,087 - INFO - Camera ready. Looking for faces...
2026-02-18 17:02:47,088 - INFO - Press 'q' to quit manually
2026-02-18 17:43:00,024 - INFO - Attendance manager initialized
2026-02-18 17:43:00,447 - INFO - Calibrating microphone for ambient noise...
2026-02-18 17:43:01,451 - INFO - Speech recognition initialized
2026-02-18 17:43:01,451 - INFO - ============================================================
2026-02-18 17:43:01,452 - INFO - FACE RECOGNITION ATTENDANCE SYSTEM
2026-02-18 17:43:01,453 - INFO - ============================================================
2026-02-18 17:43:01,454 - INFO - Loading 2 face images...
2026-02-18 17:43:03,274 - INFO - Loaded: Nishit
2026-02-18 17:43:04,805 - INFO - Loaded: vini
2026-02-18 17:43:04,805 - INFO - Total faces loaded: 2
2026-02-18 17:43:04,806 - INFO - Known people: Nishit, vini
2026-02-18 17:43:04,994 - INFO - Opening camera...
2026-02-18 17:43:11,734 - INFO - Camera ready. Looking for faces...
2026-02-18 17:43:11,735 - INFO - Press 'q' to quit manually
2026-02-18 17:43:12,778 - INFO - RECOGNIZED: vini (confidence: 0.384)
2026-02-18 17:43:12,782 - INFO - *** ATTENDANCE MARKED: vini at 17:43:12 - Mood: None ***
2026-02-18 17:43:24,135 - WARNING - Could not understand audio
2026-02-18 17:43:24,135 - WARNING - No valid response from vini, marking as Neutral
2026-02-18 17:45:04,049 - INFO - Attendance manager initialized
2026-02-18 17:45:04,571 - INFO - Calibrating microphone for ambient noise...
2026-02-18 17:45:05,591 - INFO - Speech recognition initialized
2026-02-18 17:45:05,591 - INFO - ============================================================
2026-02-18 17:45:05,592 - INFO - FACE RECOGNITION ATTENDANCE SYSTEM
2026-02-18 17:45:05,593 - INFO - ============================================================
2026-02-18 17:45:05,594 - INFO - Loading 2 face images...
2026-02-18 17:45:07,428 - INFO - Loaded: Nishit
2026-02-18 17:45:08,764 - INFO - Loaded: vini
2026-02-18 17:45:08,765 - INFO - Total faces loaded: 2
2026-02-18 17:45:08,766 - INFO - Known people: Nishit, vini
2026-02-18 17:45:11,068 - INFO - Opening camera...
2026-02-18 17:45:18,305 - INFO - Camera ready. Looking for faces...
2026-02-18 17:45:18,305 - INFO - Press 'q' to quit manually
2026-02-18 17:45:19,351 - INFO - RECOGNIZED: vini (confidence: 0.359)
2026-02-18 17:45:19,354 - INFO - *** ATTENDANCE MARKED: vini at 17:45:19 - Mood: None ***
2026-02-18 17:45:24,644 - WARNING - Person too close! Face width: 216px
2026-02-18 17:45:27,501 - WARNING - Person too close! Face width: 216px
2026-02-18 17:45:28,247 - WARNING - Person too close! Face width: 216px
2026-02-18 17:45:30,339 - WARNING - Could not understand audio
2026-02-18 17:45:30,339 - WARNING - No valid response from vini, marking as Neutral
2026-02-18 17:45:33,101 - WARNING - Person too close! Face width: 216px
2026-02-18 17:45:33,871 - WARNING - Person too close! Face width: 216px
2026-02-18 17:47:34,834 - WARNING - Person too close! Face width: 216px
2026-02-18 17:47:35,843 - WARNING - Person too close! Face width: 216px
2026-02-18 17:47:36,857 - WARNING - Person too close! Face width: 216px
2026-02-18 17:47:50,161 - WARNING - Person too close! Face width: 216px
2026-02-18 17:48:10,514 - WARNING - Person too close! Face width: 216px
2026-02-18 17:48:11,809 - WARNING - Person too close! Face width: 216px
2026-02-18 17:48:13,111 - WARNING - Person too close! Face width: 216px
2026-02-18 17:48:15,204 - WARNING - Person too close! Face width: 216px
2026-02-18 17:48:16,196 - WARNING - Person too close! Face width: 216px
2026-02-18 17:48:18,087 - WARNING - Person too close! Face width: 216px
2026-02-18 17:48:19,395 - WARNING - Person too close! Face width: 216px
2026-02-18 17:48:20,383 - WARNING - Person too close! Face width: 216px
2026-02-18 17:48:21,896 - WARNING - Person too close! Face width: 216px
2026-02-18 17:48:24,215 - WARNING - Person too close! Face width: 216px
2026-02-18 17:48:25,294 - WARNING - Person too close! Face width: 216px
2026-02-18 17:48:27,024 - WARNING - Person too close! Face width: 216px
2026-02-18 17:48:28,347 - WARNING - Person too close! Face width: 216px
2026-02-18 17:48:29,684 - WARNING - Person too close! Face width: 216px
2026-02-18 17:48:32,071 - WARNING - Person too close! Face width: 216px
2026-02-18 17:48:38,298 - WARNING - Person too close! Face width: 216px
2026-02-18 17:48:50,689 - INFO - No faces detected for 10 seconds
2026-02-18 17:48:50,690 - INFO - ============================================================
2026-02-18 17:48:50,690 - INFO - SESSION SUMMARY
2026-02-18 17:48:50,691 - INFO - ============================================================
2026-02-18 17:48:50,691 - INFO - Frames processed: 594
2026-02-18 17:48:50,692 - INFO - People recognized: 1
2026-02-18 17:48:50,692 - INFO - Names: vini
2026-02-18 17:48:50,693 - INFO - Total attendance today: 1
2026-02-18 17:48:50,693 - INFO - Present: vini
2026-02-18 17:48:50,694 - INFO - Cleaning up...
2026-02-18 17:48:51,033 - INFO - Camera released
2026-02-18 17:48:51,045 - INFO - Windows closed
2026-02-18 17:48:51,057 - INFO - ============================================================
2026-02-18 17:48:51,058 - INFO - SYSTEM STOPPED
2026-02-18 17:48:51,059 - INFO - ============================================================
2026-02-18 17:59:04,199 - INFO - Attendance manager initialized
2026-02-18 17:59:04,947 - INFO - Calibrating microphone for ambient noise...
2026-02-18 17:59:05,963 - INFO - Speech recognition initialized
2026-02-18 17:59:05,964 - INFO - ============================================================
2026-02-18 17:59:05,965 - INFO - FACE RECOGNITION ATTENDANCE SYSTEM
2026-02-18 17:59:05,966 - INFO - ============================================================
2026-02-18 17:59:05,967 - INFO - Loading 2 face images...
2026-02-18 17:59:09,050 - INFO - Loaded: Nishit
2026-02-18 17:59:10,544 - INFO - Loaded: vini
2026-02-18 17:59:10,545 - INFO - Total faces loaded: 2
2026-02-18 17:59:10,545 - INFO - Known people: Nishit, vini
2026-02-18 17:59:13,180 - INFO - Opening camera...
2026-02-18 17:59:22,449 - INFO - Camera ready. Looking for faces...
2026-02-18 17:59:22,449 - INFO - Press 'q' to quit manually
2026-02-18 17:59:23,686 - INFO - RECOGNIZED: vini (confidence: 0.380)
2026-02-18 17:59:23,690 - INFO - *** ATTENDANCE MARKED: vini at 17:59:23 - Mood: None ***
2026-02-18 17:59:39,149 - WARNING - Could not understand audio
2026-02-18 17:59:52,419 - INFO - Opening camera...
2026-02-18 18:00:01,219 - INFO - Camera ready. Looking for faces...
2026-02-18 18:00:01,219 - INFO - Press 'q' to quit manually
2026-02-18 18:00:03,625 - ERROR - Failed to read frame
2026-02-18 18:00:03,626 - INFO - ============================================================
2026-02-18 18:00:03,627 - INFO - SESSION SUMMARY
2026-02-18 18:00:03,628 - INFO - ============================================================
2026-02-18 18:00:03,628 - INFO - Frames processed: 43
2026-02-18 18:00:03,629 - INFO - People recognized: 1
2026-02-18 18:00:03,630 - INFO - Names: vini
2026-02-18 18:00:03,630 - INFO - Total attendance today: 1
2026-02-18 18:00:03,631 - INFO - Present: vini
2026-02-18 18:00:03,631 - INFO - Cleaning up...
2026-02-18 18:00:03,655 - INFO - Camera released
2026-02-18 18:00:03,664 - INFO - Windows closed
2026-02-18 18:00:03,674 - INFO - ============================================================
2026-02-18 18:00:03,675 - INFO - SYSTEM STOPPED
2026-02-18 18:00:03,675 - INFO - ============================================================
2026-02-18 18:00:32,953 - INFO - Attendance manager initialized
2026-02-18 18:00:33,393 - INFO - Calibrating microphone for ambient noise...
2026-02-18 18:00:34,457 - INFO - Speech recognition initialized
2026-02-18 18:00:34,457 - INFO - ============================================================
2026-02-18 18:00:34,458 - INFO - FACE RECOGNITION ATTENDANCE SYSTEM
2026-02-18 18:00:34,458 - INFO - ============================================================
2026-02-18 18:00:34,459 - INFO - Loading 2 face images...
2026-02-18 18:00:35,878 - INFO - Loaded: Nishit
2026-02-18 18:00:37,949 - INFO - Loaded: vini
2026-02-18 18:00:37,950 - INFO - Total faces loaded: 2
2026-02-18 18:00:37,950 - INFO - Known people: Nishit, vini
2026-02-18 18:00:42,203 - INFO - Opening camera...
2026-02-18 18:00:50,023 - INFO - Camera ready. Looking for faces...
2026-02-18 18:00:50,023 - INFO - Press 'q' to quit manually
2026-02-18 18:00:50,991 - INFO - RECOGNIZED: vini (confidence: 0.357)
2026-02-18 18:00:50,995 - INFO - *** ATTENDANCE MARKED: vini at 18:00:50 - Mood: None ***
2026-02-18 18:01:05,490 - INFO - Heard: Hamari
2026-02-18 18:01:05,494 - INFO - Neutral mood detected
2026-02-18 18:05:53,715 - INFO - Attendance manager initialized
2026-02-18 18:05:54,215 - INFO - Calibrating microphone for ambient noise...
2026-02-18 18:05:55,226 - INFO - Speech recognition initialized
2026-02-18 18:05:55,227 - INFO - ============================================================
2026-02-18 18:05:55,228 - INFO - FACE RECOGNITION ATTENDANCE SYSTEM
2026-02-18 18:05:55,229 - INFO - ============================================================
2026-02-18 18:05:55,231 - INFO - Loading 2 face images...
2026-02-18 18:05:56,849 - INFO - Loaded: Nishit
2026-02-18 18:05:58,350 - INFO - Loaded: vini
2026-02-18 18:05:58,350 - INFO - Total faces loaded: 2
2026-02-18 18:05:58,350 - INFO - Known people: Nishit, vini
2026-02-18 18:06:01,901 - INFO - Opening camera...
2026-02-18 18:06:12,165 - INFO - Camera ready. Looking for faces...
2026-02-18 18:06:12,166 - INFO - Press 'q' to quit manually
2026-02-18 18:06:13,961 - INFO - RECOGNIZED: vini (confidence: 0.377)
2026-02-18 18:06:13,965 - INFO - *** ATTENDANCE MARKED: vini at 18:06:13 - Mood: None ***
2026-02-18 18:06:30,981 - WARNING - Could not understand audio
2026-02-18 18:06:30,982 - INFO - Final attendance for vini with mood Neutral saved to CSV.
2026-02-18 18:10:17,412 - INFO - Attendance manager initialized
2026-02-18 18:10:17,872 - INFO - Calibrating microphone for ambient noise...
2026-02-18 18:10:18,897 - INFO - Speech recognition initialized
2026-02-18 18:10:18,899 - INFO - ============================================================
2026-02-18 18:10:18,900 - INFO - FACE RECOGNITION ATTENDANCE SYSTEM
2026-02-18 18:10:18,902 - INFO - ============================================================
2026-02-18 18:10:18,904 - INFO - Loading 2 face images...
2026-02-18 18:10:22,093 - INFO - Loaded: Nishit
2026-02-18 18:10:23,665 - INFO - Loaded: vini
2026-02-18 18:10:23,666 - INFO - Total faces loaded: 2
2026-02-18 18:10:23,666 - INFO - Known people: Nishit, vini
2026-02-18 18:10:25,786 - INFO - Opening camera...
2026-02-18 18:10:33,846 - INFO - Camera ready. Looking for faces...
2026-02-18 18:10:33,846 - INFO - Press 'q' to quit manually
2026-02-18 18:10:34,754 - INFO - RECOGNIZED: vini (confidence: 0.426)
2026-02-18 18:10:49,065 - WARNING - Could not understand audio
2026-02-18 18:10:49,067 - INFO - *** ATTENDANCE MARKED: vini at 18:10:49 - Mood: Neutral ***
2026-02-18 18:10:49,067 - INFO - Final attendance for vini with mood Neutral saved to CSV.
2026-02-18 18:13:51,699 - INFO - Attendance manager initialized
2026-02-18 18:13:52,227 - INFO - Calibrating microphone for ambient noise...
2026-02-18 18:13:53,244 - INFO - Speech recognition initialized
2026-02-18 18:13:53,245 - INFO - ============================================================
2026-02-18 18:13:53,246 - INFO - FACE RECOGNITION ATTENDANCE SYSTEM
2026-02-18 18:13:53,246 - INFO - ============================================================
2026-02-18 18:13:53,248 - INFO - Loading 2 face images...
2026-02-18 18:13:54,744 - INFO - Loaded: Nishit
2026-02-18 18:13:56,118 - INFO - Loaded: vini
2026-02-18 18:13:56,118 - INFO - Total faces loaded: 2
2026-02-18 18:13:56,118 - INFO - Known people: Nishit, vini
2026-02-18 18:13:58,849 - INFO - Opening camera...
2026-02-18 18:14:06,193 - INFO - Camera ready. Looking for faces...
2026-02-18 18:14:06,193 - INFO - Press 'q' to quit manually
2026-02-18 18:14:07,059 - INFO - RECOGNIZED: vini (confidence: 0.363)
2026-02-18 18:14:21,006 - WARNING - Could not understand audio
2026-02-18 18:14:21,010 - INFO - *** ATTENDANCE MARKED: vini at 18:14:21 - Mood: Neutral ***
2026-02-18 18:14:21,011 - INFO - Final attendance for vini with mood Neutral saved to CSV.
2026-02-18 18:14:47,811 - INFO - Opening camera...
2026-02-18 18:15:01,818 - INFO - Camera ready. Looking for faces...
2026-02-18 18:15:01,819 - INFO - Press 'q' to quit manually
2026-02-18 18:15:08,963 - ERROR - Failed to read frame
2026-02-18 18:15:08,965 - INFO - ============================================================
2026-02-18 18:15:08,966 - INFO - SESSION SUMMARY
2026-02-18 18:15:08,967 - INFO - ============================================================
2026-02-18 18:15:08,967 - INFO - Frames processed: 68
2026-02-18 18:15:08,968 - INFO - People recognized: 1
2026-02-18 18:15:08,969 - INFO - Names: vini
2026-02-18 18:15:08,970 - INFO - Total attendance today: 1
2026-02-18 18:15:08,972 - INFO - Present: vini
2026-02-18 18:15:08,972 - INFO - Cleaning up...
2026-02-18 18:15:08,976 - INFO - Camera released
2026-02-18 18:15:08,998 - INFO - Windows closed
2026-02-18 18:15:09,013 - INFO - ============================================================
2026-02-18 18:15:09,013 - INFO - SYSTEM STOPPED
2026-02-18 18:15:09,014 - INFO - ============================================================
2026-02-18 18:27:46,019 - INFO - Attendance manager initialized
2026-02-18 18:27:46,189 - INFO - Speech engine initialized
2026-02-18 18:27:46,254 - INFO - Calibrating microphone for ambient noise...
2026-02-18 18:27:47,265 - INFO - Speech recognition initialized
2026-02-18 18:27:47,266 - INFO - ============================================================
2026-02-18 18:27:47,266 - INFO - FACE RECOGNITION ATTENDANCE SYSTEM
2026-02-18 18:27:47,266 - INFO - ============================================================
2026-02-18 18:27:47,267 - INFO - Loading 2 face images...
2026-02-18 18:27:48,180 - INFO - Loaded: Nishit
2026-02-18 18:27:49,057 - INFO - Loaded: vini
2026-02-18 18:27:49,058 - INFO - Total faces loaded: 2
2026-02-18 18:27:49,058 - INFO - Known people: Nishit, vini
2026-02-18 18:27:58,865 - INFO - Opening camera...
2026-02-18 18:28:03,243 - INFO - Camera ready. Looking for faces...
2026-02-18 18:28:03,243 - INFO - Press 'q' to quit manually
2026-02-18 18:28:03,885 - INFO - RECOGNIZED: vini (confidence: 0.372)
2026-02-18 18:28:03,886 - INFO - Speaking: Hi vini, how are you?
2026-02-18 18:44:29,449 - INFO - Attendance manager initialized
2026-02-18 18:44:29,675 - INFO - Calibrating microphone for ambient noise...
2026-02-18 18:44:30,682 - INFO - Speech recognition initialized
2026-02-18 18:44:30,683 - INFO - ============================================================
2026-02-18 18:44:30,683 - INFO - FACE RECOGNITION ATTENDANCE SYSTEM
2026-02-18 18:44:30,684 - INFO - ============================================================
2026-02-18 18:44:30,685 - INFO - Loading 2 face images...
2026-02-18 18:44:31,583 - INFO - Loaded: Nishit
2026-02-18 18:44:32,709 - INFO - Loaded: vini
2026-02-18 18:44:32,709 - INFO - Total faces loaded: 2
2026-02-18 18:44:32,709 - INFO - Known people: Nishit, vini
2026-02-18 18:44:36,103 - INFO - Opening camera...
2026-02-18 18:44:40,478 - INFO - Camera ready. Looking for faces...
2026-02-18 18:44:40,478 - INFO - Press 'q' to quit manually
2026-02-18 18:44:40,850 - ERROR - Error in main loop: name 'FRAMES_TO_PROCESS' is not defined
Traceback (most recent call last):
  File "C:\Users\DELL\Desktop\Alexi\alexi-scripts\alexi-platform-scripts\face_detection_with_sentiment_analysis.py", line 645, in run
    if frame_count > FRAMES_TO_PROCESS and not faces_found:
                     ^^^^^^^^^^^^^^^^^
NameError: name 'FRAMES_TO_PROCESS' is not defined
2026-02-18 18:44:40,852 - INFO - Cleaning up...
2026-02-18 18:44:41,161 - INFO - Camera released
2026-02-18 18:44:41,164 - INFO - Windows closed
2026-02-18 18:44:41,170 - INFO - ============================================================
2026-02-18 18:44:41,170 - INFO - SYSTEM STOPPED
2026-02-18 18:44:41,170 - INFO - ============================================================
2026-02-18 18:45:45,487 - INFO - Attendance manager initialized
2026-02-18 18:45:45,800 - INFO - Calibrating microphone for ambient noise...
2026-02-18 18:45:46,806 - INFO - Speech recognition initialized
2026-02-18 18:45:46,806 - INFO - ============================================================
2026-02-18 18:45:46,806 - INFO - FACE RECOGNITION ATTENDANCE SYSTEM
2026-02-18 18:45:46,807 - INFO - ============================================================
2026-02-18 18:45:46,807 - INFO - Loading 2 face images...
2026-02-18 18:45:47,790 - INFO - Loaded: Nishit
2026-02-18 18:45:48,683 - INFO - Loaded: vini
2026-02-18 18:45:48,684 - INFO - Total faces loaded: 2
2026-02-18 18:45:48,684 - INFO - Known people: Nishit, vini
2026-02-18 18:45:59,411 - INFO - Opening camera...
2026-02-18 18:46:03,663 - INFO - Camera ready. Looking for faces...
2026-02-18 18:46:03,663 - INFO - Press 'q' to quit manually
2026-02-18 18:46:05,728 - INFO - RECOGNIZED: vini (confidence: 0.388)
2026-02-18 18:46:16,141 - INFO - Heard: I am fine are you
2026-02-18 18:46:16,143 - INFO - Detected happy mood from keyword: fine
2026-02-18 18:46:16,144 - INFO - *** ATTENDANCE MARKED: vini at 18:46:16 - Mood: Happy ***
2026-02-18 18:46:16,144 - INFO - Final attendance for vini with mood Happy saved to CSV.
2026-02-18 18:46:53,597 - INFO - Attendance manager initialized
2026-02-18 18:46:53,854 - INFO - Calibrating microphone for ambient noise...
2026-02-18 18:46:54,865 - INFO - Speech recognition initialized
2026-02-18 18:46:54,866 - INFO - ============================================================
2026-02-18 18:46:54,867 - INFO - FACE RECOGNITION ATTENDANCE SYSTEM
2026-02-18 18:46:54,867 - INFO - ============================================================
2026-02-18 18:46:54,868 - INFO - Loading 2 face images...
2026-02-18 18:46:55,882 - INFO - Loaded: Nishit
2026-02-18 18:46:56,850 - INFO - Loaded: vini
2026-02-18 18:46:56,851 - INFO - Total faces loaded: 2
2026-02-18 18:46:56,851 - INFO - Known people: Nishit, vini
2026-02-18 18:46:56,985 - INFO - Opening camera...
2026-02-18 18:47:01,602 - INFO - Camera ready. Looking for faces...
2026-02-18 18:47:01,602 - INFO - Press 'q' to quit manually
2026-02-18 18:47:02,220 - INFO - RECOGNIZED: Nishit (confidence: 0.252)
2026-02-18 18:47:09,659 - WARNING - Could not understand audio
2026-02-18 18:47:09,661 - INFO - *** ATTENDANCE MARKED: Nishit at 18:47:09 - Mood: Neutral ***
2026-02-18 18:47:09,661 - INFO - Final attendance for Nishit with mood Neutral saved to CSV.
2026-02-18 18:47:13,514 - INFO - RECOGNIZED: vini (confidence: 0.365)
2026-02-18 18:47:36,326 - INFO - Attendance manager initialized
2026-02-18 18:47:36,631 - INFO - Calibrating microphone for ambient noise...
2026-02-18 18:47:37,638 - INFO - Speech recognition initialized
2026-02-18 18:47:37,638 - INFO - ============================================================
2026-02-18 18:47:37,638 - INFO - FACE RECOGNITION ATTENDANCE SYSTEM
2026-02-18 18:47:37,639 - INFO - ============================================================
2026-02-18 18:47:37,639 - INFO - Loading 2 face images...
2026-02-18 18:47:38,560 - INFO - Loaded: Nishit
2026-02-18 18:47:39,472 - INFO - Loaded: vini
2026-02-18 18:47:39,473 - INFO - Total faces loaded: 2
2026-02-18 18:47:39,473 - INFO - Known people: Nishit, vini
2026-02-18 18:47:41,951 - INFO - Opening camera...
2026-02-18 18:47:46,196 - INFO - Camera ready. Looking for faces...
2026-02-18 18:47:46,197 - INFO - Press 'q' to quit manually
2026-02-18 18:47:47,466 - INFO - RECOGNIZED: Nishit (confidence: 0.321)
2026-02-18 18:47:57,684 - INFO - Heard: iPhone how are you
2026-02-18 18:47:57,688 - INFO - Neutral mood detected
2026-02-18 18:47:57,689 - INFO - *** ATTENDANCE MARKED: Nishit at 18:47:57 - Mood: Neutral ***
2026-02-18 18:47:57,690 - INFO - Final attendance for Nishit with mood Neutral saved to CSV.
2026-02-18 18:48:05,256 - INFO - RECOGNIZED: vini (confidence: 0.448)
2026-02-18 18:48:30,707 - INFO - Attendance manager initialized
2026-02-18 18:48:31,082 - INFO - Calibrating microphone for ambient noise...
2026-02-18 18:48:32,090 - INFO - Speech recognition initialized
2026-02-18 18:48:32,091 - INFO - ============================================================
2026-02-18 18:48:32,091 - INFO - FACE RECOGNITION ATTENDANCE SYSTEM
2026-02-18 18:48:32,091 - INFO - ============================================================
2026-02-18 18:48:32,093 - INFO - Loading 2 face images...
2026-02-18 18:48:33,210 - INFO - Loaded: Nishit
2026-02-18 18:48:34,079 - INFO - Loaded: vini
2026-02-18 18:48:34,080 - INFO - Total faces loaded: 2
2026-02-18 18:48:34,080 - INFO - Known people: Nishit, vini
2026-02-18 18:48:36,965 - INFO - Opening camera...
2026-02-18 18:48:41,274 - INFO - Camera ready. Looking for faces...
2026-02-18 18:48:41,274 - INFO - Press 'q' to quit manually
2026-02-18 18:48:41,903 - INFO - RECOGNIZED: vini (confidence: 0.315)
2026-02-18 18:48:51,637 - INFO - Heard: MI mobile
2026-02-18 18:48:51,641 - INFO - Neutral mood detected
2026-02-18 18:48:51,643 - INFO - *** ATTENDANCE MARKED: vini at 18:48:51 - Mood: Neutral ***
2026-02-18 18:48:51,644 - INFO - Final attendance for vini with mood Neutral saved to CSV.
2026-02-18 18:50:03,284 - INFO - Attendance manager initialized
2026-02-18 18:50:03,594 - INFO - Calibrating microphone for ambient noise...
2026-02-18 18:50:04,601 - INFO - Speech recognition initialized
2026-02-18 18:50:04,602 - INFO - ============================================================
2026-02-18 18:50:04,602 - INFO - FACE RECOGNITION ATTENDANCE SYSTEM
2026-02-18 18:50:04,603 - INFO - ============================================================
2026-02-18 18:50:04,604 - INFO - Loading 2 face images...
2026-02-18 18:50:05,521 - INFO - Loaded: Nishit
2026-02-18 18:50:06,398 - INFO - Loaded: vini
2026-02-18 18:50:06,399 - INFO - Total faces loaded: 2
2026-02-18 18:50:06,400 - INFO - Known people: Nishit, vini
2026-02-18 18:50:08,826 - INFO - Opening camera...
2026-02-18 18:50:13,151 - INFO - Camera ready. Looking for faces...
2026-02-18 18:50:13,151 - INFO - Press 'q' to quit manually
2026-02-18 18:50:13,777 - INFO - RECOGNIZED: vini (confidence: 0.360)
2026-02-18 18:50:24,482 - INFO - Heard: I am fine
2026-02-18 18:50:24,484 - INFO - Detected happy mood from keyword: fine
2026-02-18 18:50:24,485 - INFO - *** ATTENDANCE MARKED: vini at 18:50:24 - Mood: Happy ***
2026-02-18 18:50:24,485 - INFO - Final attendance for vini with mood Happy saved to CSV.
2026-02-19 11:25:28,802 - INFO - Attendance manager initialized
2026-02-19 11:25:29,895 - INFO - Calibrating microphone for ambient noise...
2026-02-19 11:25:30,967 - INFO - Speech recognition initialized
2026-02-19 11:25:30,968 - INFO - ============================================================
2026-02-19 11:25:30,969 - INFO - FACE RECOGNITION ATTENDANCE SYSTEM
2026-02-19 11:25:30,969 - INFO - ============================================================
2026-02-19 11:25:30,969 - INFO - Loading 2 face images...
2026-02-19 11:25:33,114 - INFO - Loaded: Nishit
2026-02-19 11:25:34,649 - INFO - Loaded: vini
2026-02-19 11:25:34,650 - INFO - Total faces loaded: 2
2026-02-19 11:25:34,650 - INFO - Known people: Nishit, vini
2026-02-19 11:25:59,734 - INFO - Opening camera...
2026-02-19 11:26:05,886 - INFO - Camera ready. Looking for faces...
2026-02-19 11:26:05,886 - INFO - Press 'q' to quit manually
2026-02-19 11:26:06,939 - INFO - RECOGNIZED: vini (confidence: 0.428)
2026-02-19 11:26:19,457 - WARNING - Could not understand audio
2026-02-19 11:26:19,459 - INFO - *** ATTENDANCE MARKED: vini at 11:26:19 - Mood: Neutral ***
2026-02-19 11:26:19,460 - INFO - Final attendance for vini with mood Neutral saved to CSV.
2026-02-19 11:26:43,912 - INFO - Already marked today: vini
2026-02-19 11:26:43,913 - INFO - Attendance manager initialized
2026-02-19 11:26:44,745 - INFO - Calibrating microphone for ambient noise...
2026-02-19 11:26:45,812 - INFO - Speech recognition initialized
2026-02-19 11:26:45,812 - INFO - ============================================================
2026-02-19 11:26:45,812 - INFO - FACE RECOGNITION ATTENDANCE SYSTEM
2026-02-19 11:26:45,813 - INFO - ============================================================
2026-02-19 11:26:45,814 - INFO - Loading 2 face images...
2026-02-19 11:26:47,034 - INFO - Loaded: Nishit
2026-02-19 11:26:48,087 - INFO - Loaded: vini
2026-02-19 11:26:48,088 - INFO - Total faces loaded: 2
2026-02-19 11:26:48,089 - INFO - Known people: Nishit, vini
2026-02-19 11:26:53,412 - INFO - Opening camera...
2026-02-19 11:26:59,296 - INFO - Camera ready. Looking for faces...
2026-02-19 11:26:59,296 - INFO - Press 'q' to quit manually
2026-02-19 11:27:00,057 - INFO - RECOGNIZED: vini (confidence: 0.343)
2026-02-19 11:27:00,058 - INFO - vini - Attendance already marked today
2026-02-19 11:27:30,076 - INFO - Attendance manager initialized
2026-02-19 11:27:30,567 - INFO - Calibrating microphone for ambient noise...
2026-02-19 11:27:31,634 - INFO - Speech recognition initialized
2026-02-19 11:27:31,635 - INFO - ============================================================
2026-02-19 11:27:31,635 - INFO - FACE RECOGNITION ATTENDANCE SYSTEM
2026-02-19 11:27:31,636 - INFO - ============================================================
2026-02-19 11:27:31,637 - INFO - Loading 2 face images...
2026-02-19 11:27:33,077 - INFO - Loaded: Nishit
2026-02-19 11:27:34,532 - INFO - Loaded: vini
2026-02-19 11:27:34,533 - INFO - Total faces loaded: 2
2026-02-19 11:27:34,533 - INFO - Known people: Nishit, vini
2026-02-19 11:27:36,539 - INFO - Opening camera...
2026-02-19 11:27:42,256 - INFO - Camera ready. Looking for faces...
2026-02-19 11:27:42,257 - INFO - Press 'q' to quit manually
2026-02-19 11:27:43,019 - INFO - RECOGNIZED: vini (confidence: 0.407)
2026-02-19 11:27:51,264 - WARNING - Person too close! Face width: 216px
2026-02-19 11:27:51,871 - WARNING - Person too close! Face width: 216px
2026-02-19 11:27:52,479 - WARNING - Person too close! Face width: 216px
2026-02-19 11:27:53,022 - WARNING - Person too close! Face width: 216px
2026-02-19 11:27:54,611 - WARNING - Could not understand audio
2026-02-19 11:27:54,614 - INFO - *** ATTENDANCE MARKED: vini at 11:27:54 - Mood: Neutral ***
2026-02-19 11:27:54,615 - INFO - Final attendance for vini with mood Neutral saved to CSV.
2026-02-19 11:28:18,725 - INFO - Already marked today: vini
2026-02-19 11:28:18,725 - INFO - Attendance manager initialized
2026-02-19 11:28:19,263 - INFO - Calibrating microphone for ambient noise...
2026-02-19 11:28:20,345 - INFO - Speech recognition initialized
2026-02-19 11:28:20,345 - INFO - ============================================================
2026-02-19 11:28:20,346 - INFO - FACE RECOGNITION ATTENDANCE SYSTEM
2026-02-19 11:28:20,346 - INFO - ============================================================
2026-02-19 11:28:20,347 - INFO - Loading 2 face images...
2026-02-19 11:28:21,815 - INFO - Loaded: Nishit
2026-02-19 11:28:22,884 - INFO - Loaded: vini
2026-02-19 11:28:22,884 - INFO - Total faces loaded: 2
2026-02-19 11:28:22,885 - INFO - Known people: Nishit, vini
2026-02-19 11:28:32,501 - INFO - Opening camera...
2026-02-19 11:28:38,388 - INFO - Camera ready. Looking for faces...
2026-02-19 11:28:38,388 - INFO - Press 'q' to quit manually
2026-02-19 11:28:39,160 - INFO - RECOGNIZED: vini (confidence: 0.351)
2026-02-19 11:28:39,161 - INFO - vini - Attendance already marked today
2026-02-19 11:29:02,352 - INFO - Attendance manager initialized
2026-02-19 11:29:02,879 - INFO - Calibrating microphone for ambient noise...
2026-02-19 11:29:03,947 - INFO - Speech recognition initialized
2026-02-19 11:29:03,948 - INFO - ============================================================
2026-02-19 11:29:03,948 - INFO - FACE RECOGNITION ATTENDANCE SYSTEM
2026-02-19 11:29:03,949 - INFO - ============================================================
2026-02-19 11:29:03,950 - INFO - Loading 2 face images...
2026-02-19 11:29:05,183 - INFO - Loaded: Nishit
2026-02-19 11:29:06,358 - INFO - Loaded: vini
2026-02-19 11:29:06,360 - INFO - Total faces loaded: 2
2026-02-19 11:29:06,360 - INFO - Known people: Nishit, vini
2026-02-19 11:29:09,073 - INFO - Opening camera...
2026-02-19 11:29:14,866 - INFO - Camera ready. Looking for faces...
2026-02-19 11:29:14,866 - INFO - Press 'q' to quit manually
2026-02-19 11:29:15,800 - INFO - RECOGNIZED: vini (confidence: 0.497)
2026-02-19 11:29:24,818 - INFO - Heard: I am from you
2026-02-19 11:29:24,867 - INFO - Neutral mood detected
2026-02-19 11:29:24,868 - INFO - *** ATTENDANCE MARKED: vini at 11:29:24 - Mood: Neutral ***
2026-02-19 11:29:24,869 - INFO - Final attendance for vini with mood Neutral saved to CSV.
2026-02-19 11:30:00,826 - INFO - Attendance manager initialized
2026-02-19 11:30:01,694 - INFO - Calibrating microphone for ambient noise...
2026-02-19 11:30:02,758 - INFO - Speech recognition initialized
2026-02-19 11:30:02,758 - INFO - ============================================================
2026-02-19 11:30:02,759 - INFO - FACE RECOGNITION ATTENDANCE SYSTEM
2026-02-19 11:30:02,759 - INFO - ============================================================
2026-02-19 11:30:02,760 - INFO - Loading 2 face images...
2026-02-19 11:30:03,906 - INFO - Loaded: Nishit
2026-02-19 11:30:05,114 - INFO - Loaded: vini
2026-02-19 11:30:05,114 - INFO - Total faces loaded: 2
2026-02-19 11:30:05,115 - INFO - Known people: Nishit, vini
2026-02-19 11:30:08,313 - INFO - Opening camera...
2026-02-19 11:30:14,176 - INFO - Camera ready. Looking for faces...
2026-02-19 11:30:14,176 - INFO - Press 'q' to quit manually
2026-02-19 11:30:14,994 - INFO - RECOGNIZED: vini (confidence: 0.392)
2026-02-19 11:30:27,209 - WARNING - Could not understand audio
2026-02-19 11:30:27,210 - INFO - *** ATTENDANCE MARKED: vini at 11:30:27 - Mood: Neutral ***
2026-02-19 11:30:27,211 - INFO - Final attendance for vini with mood Neutral saved to CSV.
2026-02-19 11:30:49,038 - INFO - Already marked today: vini
2026-02-19 11:30:49,038 - INFO - Attendance manager initialized
2026-02-19 11:30:49,827 - INFO - Calibrating microphone for ambient noise...
2026-02-19 11:30:50,909 - INFO - Speech recognition initialized
2026-02-19 11:30:50,909 - INFO - ============================================================
2026-02-19 11:30:50,910 - INFO - FACE RECOGNITION ATTENDANCE SYSTEM
2026-02-19 11:30:50,911 - INFO - ============================================================
2026-02-19 11:30:50,911 - INFO - Loading 2 face images...
2026-02-19 11:30:52,178 - INFO - Loaded: Nishit
2026-02-19 11:30:53,323 - INFO - Loaded: vini
2026-02-19 11:30:53,324 - INFO - Total faces loaded: 2
2026-02-19 11:30:53,325 - INFO - Known people: Nishit, vini
2026-02-19 11:31:01,938 - INFO - Opening camera...
2026-02-19 11:31:07,664 - INFO - Camera ready. Looking for faces...
2026-02-19 11:31:07,664 - INFO - Press 'q' to quit manually
2026-02-19 11:31:08,690 - INFO - RECOGNIZED: vini (confidence: 0.394)
2026-02-19 11:31:08,692 - INFO - vini - Attendance already marked today
2026-02-19 11:31:25,594 - INFO - Attendance manager initialized
2026-02-19 11:31:26,203 - INFO - Calibrating microphone for ambient noise...
2026-02-19 11:31:27,275 - INFO - Speech recognition initialized
2026-02-19 11:31:27,275 - INFO - ============================================================
2026-02-19 11:31:27,276 - INFO - FACE RECOGNITION ATTENDANCE SYSTEM
2026-02-19 11:31:27,276 - INFO - ============================================================
2026-02-19 11:31:27,277 - INFO - Loading 2 face images...
2026-02-19 11:31:28,984 - INFO - Loaded: Nishit
2026-02-19 11:31:30,076 - INFO - Loaded: vini
2026-02-19 11:31:30,076 - INFO - Total faces loaded: 2
2026-02-19 11:31:30,077 - INFO - Known people: Nishit, vini
2026-02-19 11:31:32,732 - INFO - Opening camera...
2026-02-19 11:31:39,109 - INFO - Camera ready. Looking for faces...
2026-02-19 11:31:39,110 - INFO - Press 'q' to quit manually
2026-02-19 11:31:39,959 - INFO - RECOGNIZED: vini (confidence: 0.353)
2026-02-19 11:31:51,535 - WARNING - Could not understand audio
2026-02-19 11:31:51,539 - INFO - *** ATTENDANCE MARKED: vini at 11:31:51 - Mood: Neutral ***
2026-02-19 11:31:51,539 - INFO - Final attendance for vini with mood Neutral saved to CSV.
2026-02-19 11:32:08,676 - INFO - Already marked today: vini
2026-02-19 11:32:08,676 - INFO - Attendance manager initialized
2026-02-19 11:32:09,308 - INFO - Calibrating microphone for ambient noise...
2026-02-19 11:32:10,415 - INFO - Speech recognition initialized
2026-02-19 11:32:10,417 - INFO - ============================================================
2026-02-19 11:32:10,418 - INFO - FACE RECOGNITION ATTENDANCE SYSTEM
2026-02-19 11:32:10,419 - INFO - ============================================================
2026-02-19 11:32:10,422 - INFO - Loading 2 face images...
2026-02-19 11:32:11,859 - INFO - Loaded: Nishit
2026-02-19 11:32:13,194 - INFO - Loaded: vini
2026-02-19 11:32:13,195 - INFO - Total faces loaded: 2
2026-02-19 11:32:13,195 - INFO - Known people: Nishit, vini
2026-02-19 11:32:42,177 - INFO - Opening camera...
2026-02-19 11:32:48,897 - INFO - Camera ready. Looking for faces...
2026-02-19 11:32:48,897 - INFO - Press 'q' to quit manually
2026-02-19 11:32:49,753 - INFO - RECOGNIZED: vini (confidence: 0.360)
2026-02-19 11:32:49,756 - INFO - vini - Attendance already marked today
2026-02-19 11:33:06,722 - INFO - Opening camera...
2026-02-19 11:33:13,312 - INFO - Camera ready. Looking for faces...
2026-02-19 11:33:13,312 - INFO - Press 'q' to quit manually
2026-02-19 11:33:14,162 - ERROR - Failed to read frame
2026-02-19 11:33:14,162 - INFO - ============================================================
2026-02-19 11:33:14,163 - INFO - SESSION SUMMARY
2026-02-19 11:33:14,163 - INFO - ============================================================
2026-02-19 11:33:14,164 - INFO - Frames processed: 65
2026-02-19 11:33:14,164 - INFO - People recognized: 1
2026-02-19 11:33:14,165 - INFO - Names: vini
2026-02-19 11:33:14,165 - INFO - Total attendance today: 1
2026-02-19 11:33:14,165 - INFO - Present: vini
2026-02-19 11:33:14,166 - INFO - Cleaning up...
2026-02-19 11:33:14,191 - INFO - Camera released
2026-02-19 11:33:14,201 - INFO - Windows closed
2026-02-19 11:33:14,214 - INFO - ============================================================
2026-02-19 11:33:14,215 - INFO - SYSTEM STOPPED
2026-02-19 11:33:14,216 - INFO - ============================================================
2026-02-19 11:33:35,270 - INFO - Attendance manager initialized
2026-02-19 11:33:35,783 - INFO - Calibrating microphone for ambient noise...
2026-02-19 11:33:36,853 - INFO - Speech recognition initialized
2026-02-19 11:33:36,853 - INFO - ============================================================
2026-02-19 11:33:36,854 - INFO - FACE RECOGNITION ATTENDANCE SYSTEM
2026-02-19 11:33:36,854 - INFO - ============================================================
2026-02-19 11:33:36,855 - INFO - Loading 2 face images...
2026-02-19 11:33:37,981 - INFO - Loaded: Nishit
2026-02-19 11:33:39,040 - INFO - Loaded: vini
2026-02-19 11:33:39,041 - INFO - Total faces loaded: 2
2026-02-19 11:33:39,041 - INFO - Known people: Nishit, vini
2026-02-19 11:33:42,138 - INFO - Opening camera...
2026-02-19 11:33:47,806 - INFO - Camera ready. Looking for faces...
2026-02-19 11:33:47,806 - INFO - Press 'q' to quit manually
2026-02-19 11:33:49,837 - INFO - RECOGNIZED: vini (confidence: 0.471)
2026-02-19 11:34:00,004 - INFO - Heard: how are you
2026-02-19 11:34:00,045 - INFO - Neutral mood detected
2026-02-19 11:34:00,046 - INFO - *** ATTENDANCE MARKED: vini at 11:34:00 - Mood: Neutral ***
2026-02-19 11:34:00,047 - INFO - Final attendance for vini with mood Neutral saved to CSV.
2026-02-19 11:34:42,266 - INFO - Attendance manager initialized
2026-02-19 11:34:42,890 - INFO - Calibrating microphone for ambient noise...
2026-02-19 11:34:43,965 - INFO - Speech recognition initialized
2026-02-19 11:34:43,965 - INFO - ============================================================
2026-02-19 11:34:43,966 - INFO - FACE RECOGNITION ATTENDANCE SYSTEM
2026-02-19 11:34:43,966 - INFO - ============================================================
2026-02-19 11:34:43,967 - INFO - Loading 2 face images...
2026-02-19 11:34:45,326 - INFO - Loaded: Nishit
2026-02-19 11:34:46,939 - INFO - Loaded: vini
2026-02-19 11:34:46,940 - INFO - Total faces loaded: 2
2026-02-19 11:34:46,940 - INFO - Known people: Nishit, vini
2026-02-19 11:34:48,827 - INFO - Opening camera...
2026-02-19 11:34:54,754 - INFO - Camera ready. Looking for faces...
2026-02-19 11:34:54,754 - INFO - Press 'q' to quit manually
2026-02-19 11:35:06,053 - INFO - RECOGNIZED: vini (confidence: 0.436)
2026-02-19 11:35:15,780 - INFO - Heard: I am fine great nice you
2026-02-19 11:35:15,833 - INFO - Detected happy mood from keyword: great
2026-02-19 11:35:15,834 - INFO - *** ATTENDANCE MARKED: vini at 11:35:15 - Mood: Happy ***
2026-02-19 11:35:15,835 - INFO - Final attendance for vini with mood Happy saved to CSV.
2026-02-19 11:55:20,964 - INFO - Attendance manager initialized
2026-02-19 11:55:21,919 - INFO - Calibrating microphone for ambient noise...
2026-02-19 11:55:23,013 - INFO - Speech recognition initialized
2026-02-19 11:55:23,013 - INFO - ============================================================
2026-02-19 11:55:23,015 - INFO - FACE RECOGNITION ATTENDANCE SYSTEM
2026-02-19 11:55:23,015 - INFO - ============================================================
2026-02-19 11:55:23,015 - INFO - Loading 2 face images...
2026-02-19 11:55:24,310 - INFO - Loaded: Nishit
2026-02-19 11:55:25,555 - INFO - Loaded: vini
2026-02-19 11:55:25,556 - INFO - Total faces loaded: 2
2026-02-19 11:55:25,557 - INFO - Known people: Nishit, vini
2026-02-19 11:55:28,476 - INFO - Opening camera...
2026-02-19 11:55:34,405 - INFO - Camera ready. Looking for faces...
2026-02-19 11:55:34,405 - INFO - Press 'q' to quit manually
2026-02-19 11:55:35,201 - INFO - RECOGNIZED: vini (confidence: 0.398)
2026-02-19 11:55:46,942 - INFO - Heard: ice how are you
2026-02-19 11:55:46,984 - INFO - Neutral mood detected
2026-02-19 11:55:46,986 - INFO - *** ATTENDANCE MARKED: vini at 11:55:46 - Mood: Neutral ***
2026-02-19 11:55:46,986 - INFO - Final attendance for vini with mood Neutral saved to CSV.
2026-02-19 11:56:41,062 - INFO - Attendance manager initialized
2026-02-19 11:56:41,593 - INFO - Calibrating microphone for ambient noise...
2026-02-19 11:56:42,667 - INFO - Speech recognition initialized
2026-02-19 11:56:42,667 - INFO - ============================================================
2026-02-19 11:56:42,668 - INFO - FACE RECOGNITION ATTENDANCE SYSTEM
2026-02-19 11:56:42,668 - INFO - ============================================================
2026-02-19 11:56:42,669 - INFO - Loading 2 face images...
2026-02-19 11:56:43,932 - INFO - Loaded: Nishit
2026-02-19 11:56:45,103 - INFO - Loaded: vini
2026-02-19 11:56:45,103 - INFO - Total faces loaded: 2
2026-02-19 11:56:45,105 - INFO - Known people: Nishit, vini
2026-02-19 11:56:47,624 - INFO - Opening camera...
2026-02-19 11:56:54,183 - INFO - Camera ready. Looking for faces...
2026-02-19 11:56:54,184 - INFO - Press 'q' to quit manually
2026-02-19 11:56:55,236 - INFO - RECOGNIZED: vini (confidence: 0.390)
2026-02-19 11:57:05,447 - WARNING - Could not understand audio
2026-02-19 11:57:05,448 - INFO - *** ATTENDANCE MARKED: vini at 11:57:05 - Mood: Neutral ***
2026-02-19 11:57:05,449 - INFO - Final attendance for vini with mood Neutral saved to CSV.
2026-02-19 11:57:39,708 - INFO - Attendance manager initialized
2026-02-19 11:57:40,476 - INFO - Calibrating microphone for ambient noise...
2026-02-19 11:57:41,544 - INFO - Speech recognition initialized
2026-02-19 11:57:41,544 - INFO - ============================================================
2026-02-19 11:57:41,544 - INFO - FACE RECOGNITION ATTENDANCE SYSTEM
2026-02-19 11:57:41,545 - INFO - ============================================================
2026-02-19 11:57:41,545 - INFO - Loading 2 face images...
2026-02-19 11:57:42,980 - INFO - Loaded: Nishit
2026-02-19 11:57:44,397 - INFO - Loaded: vini
2026-02-19 11:57:44,398 - INFO - Total faces loaded: 2
2026-02-19 11:57:44,398 - INFO - Known people: Nishit, vini
2026-02-19 11:57:46,895 - INFO - Opening camera...
2026-02-19 11:57:53,406 - INFO - Camera ready. Looking for faces...
2026-02-19 11:57:53,406 - INFO - Press 'q' to quit manually
2026-02-19 11:57:54,251 - INFO - RECOGNIZED: vini (confidence: 0.358)
2026-02-19 11:58:07,521 - WARNING - Could not understand audio
2026-02-19 11:58:07,522 - INFO - *** ATTENDANCE MARKED: vini at 11:58:07 - Mood: Neutral ***
2026-02-19 11:58:07,524 - INFO - Final attendance for vini with mood Neutral saved to CSV.
2026-02-19 12:06:13,749 - INFO - Already marked today: vini
2026-02-19 12:06:13,750 - INFO - Attendance manager initialized
2026-02-19 12:06:14,548 - INFO - Calibrating microphone for ambient noise...
2026-02-19 12:06:15,644 - INFO - Speech recognition initialized
2026-02-19 12:06:15,645 - INFO - ============================================================
2026-02-19 12:06:15,646 - INFO - FACE RECOGNITION ATTENDANCE SYSTEM
2026-02-19 12:06:15,647 - INFO - ============================================================
2026-02-19 12:06:15,648 - INFO - Loading 2 face images...
2026-02-19 12:06:17,121 - INFO - Loaded: Nishit
2026-02-19 12:06:18,282 - INFO - Loaded: vini
2026-02-19 12:06:18,282 - INFO - Total faces loaded: 2
2026-02-19 12:06:18,282 - INFO - Known people: Nishit, vini
2026-02-19 12:06:23,563 - INFO - Opening camera...
2026-02-19 12:06:29,401 - INFO - Camera ready. Looking for faces...
2026-02-19 12:06:29,402 - INFO - Press 'q' to quit manually
2026-02-19 12:06:30,149 - INFO - RECOGNIZED: vini (confidence: 0.431)
2026-02-19 12:06:30,150 - INFO - vini - Attendance already marked today
2026-02-19 12:07:26,398 - INFO - Attendance manager initialized
2026-02-19 12:07:27,172 - INFO - Calibrating microphone for ambient noise...
2026-02-19 12:07:28,226 - INFO - Speech recognition initialized
2026-02-19 12:07:28,226 - INFO - ============================================================
2026-02-19 12:07:28,227 - INFO - FACE RECOGNITION ATTENDANCE SYSTEM
2026-02-19 12:07:28,227 - INFO - ============================================================
2026-02-19 12:07:28,228 - INFO - Loading 2 face images...
2026-02-19 12:07:29,379 - INFO - Loaded: Nishit
2026-02-19 12:07:30,477 - INFO - Loaded: vini
2026-02-19 12:07:30,478 - INFO - Total faces loaded: 2
2026-02-19 12:07:30,478 - INFO - Known people: Nishit, vini
2026-02-19 12:07:32,955 - INFO - Opening camera...
2026-02-19 12:07:38,662 - INFO - Camera ready. Looking for faces...
2026-02-19 12:07:38,662 - INFO - Press 'q' to quit manually
2026-02-19 12:07:39,432 - INFO - RECOGNIZED: vini (confidence: 0.303)
2026-02-19 12:07:50,437 - WARNING - Could not understand audio
2026-02-19 12:07:50,439 - INFO - *** ATTENDANCE MARKED: vini at 12:07:50 - Mood: Neutral ***
2026-02-19 12:07:50,439 - INFO - Final attendance for vini with mood Neutral saved to CSV.
2026-02-19 12:08:16,413 - INFO - Already marked today: vini
2026-02-19 12:08:16,414 - INFO - Attendance manager initialized
2026-02-19 12:08:16,859 - INFO - Calibrating microphone for ambient noise...
2026-02-19 12:08:17,930 - INFO - Speech recognition initialized
2026-02-19 12:08:17,931 - INFO - ============================================================
2026-02-19 12:08:17,931 - INFO - FACE RECOGNITION ATTENDANCE SYSTEM
2026-02-19 12:08:17,932 - INFO - ============================================================
2026-02-19 12:08:17,933 - INFO - Loading 2 face images...
2026-02-19 12:08:19,131 - INFO - Loaded: Nishit
2026-02-19 12:08:20,331 - INFO - Loaded: vini
2026-02-19 12:08:20,332 - INFO - Total faces loaded: 2
2026-02-19 12:08:20,332 - INFO - Known people: Nishit, vini
2026-02-19 12:08:36,119 - INFO - Attendance manager initialized
2026-02-19 12:08:36,686 - INFO - Calibrating microphone for ambient noise...
2026-02-19 12:08:37,758 - INFO - Speech recognition initialized
2026-02-19 12:08:37,758 - INFO - ============================================================
2026-02-19 12:08:37,759 - INFO - FACE RECOGNITION ATTENDANCE SYSTEM
2026-02-19 12:08:37,759 - INFO - ============================================================
2026-02-19 12:08:37,760 - INFO - Loading 2 face images...
2026-02-19 12:08:38,975 - INFO - Loaded: Nishit
2026-02-19 12:08:40,111 - INFO - Loaded: vini
2026-02-19 12:08:40,112 - INFO - Total faces loaded: 2
2026-02-19 12:08:40,112 - INFO - Known people: Nishit, vini
2026-02-19 12:08:42,447 - INFO - Opening camera...
2026-02-19 12:08:48,527 - INFO - Camera ready. Looking for faces...
2026-02-19 12:08:48,528 - INFO - Press 'q' to quit manually
2026-02-19 12:08:49,294 - INFO - RECOGNIZED: vini (confidence: 0.369)
2026-02-19 12:08:59,410 - WARNING - Could not understand audio
2026-02-19 12:08:59,410 - INFO - *** ATTENDANCE MARKED: vini at 12:08:59 - Mood: Neutral ***
2026-02-19 12:08:59,411 - INFO - Final attendance for vini with mood Neutral saved to CSV.
2026-02-19 12:12:42,278 - WARNING - Person too close! Face width: 216px
2026-02-19 12:47:49,526 - INFO - Attendance manager initialized
2026-02-19 12:47:50,387 - INFO - Calibrating microphone for ambient noise...
2026-02-19 12:47:51,454 - INFO - Speech recognition initialized
2026-02-19 12:47:51,454 - INFO - ============================================================
2026-02-19 12:47:51,455 - INFO - FACE RECOGNITION ATTENDANCE SYSTEM
2026-02-19 12:47:51,455 - INFO - ============================================================
2026-02-19 12:47:51,456 - INFO - Loading 2 face images...
2026-02-19 12:47:52,786 - INFO - Loaded: Nishit
2026-02-19 12:47:53,939 - INFO - Loaded: vini
2026-02-19 12:47:53,940 - INFO - Total faces loaded: 2
2026-02-19 12:47:53,940 - INFO - Known people: Nishit, vini
2026-02-19 12:47:57,314 - INFO - Opening camera...
2026-02-19 12:48:03,340 - INFO - Camera ready. Looking for faces...
2026-02-19 12:48:03,340 - INFO - Press 'q' to quit manually
2026-02-19 12:48:04,196 - INFO - RECOGNIZED: vini (confidence: 0.314)
2026-02-19 12:48:07,238 - WARNING - Person too close! Face width: 216px
2026-02-19 12:48:10,789 - WARNING - Person too close! Face width: 216px
2026-02-19 12:48:11,999 - WARNING - Person too close! Face width: 216px
2026-02-19 12:48:12,562 - WARNING - Person too close! Face width: 216px
2026-02-19 12:48:14,839 - WARNING - Person too close! Face width: 216px
2026-02-19 12:48:15,338 - WARNING - Person too close! Face width: 216px
2026-02-19 12:48:16,383 - WARNING - Person too close! Face width: 216px
2026-02-19 12:48:16,882 - WARNING - Person too close! Face width: 216px
2026-02-19 12:48:16,918 - WARNING - Could not understand audio
2026-02-19 12:48:16,919 - WARNING - No response from vini
2026-02-19 12:48:19,606 - WARNING - Person too close! Face width: 216px
2026-02-19 12:48:20,163 - WARNING - Person too close! Face width: 216px
2026-02-19 12:48:21,273 - WARNING - Person too close! Face width: 216px
2026-02-19 12:48:21,854 - WARNING - Person too close! Face width: 216px
2026-02-19 12:48:22,343 - WARNING - Person too close! Face width: 216px
2026-02-19 12:48:22,971 - WARNING - Person too close! Face width: 216px
2026-02-19 12:48:23,684 - WARNING - Person too close! Face width: 216px
2026-02-19 12:48:24,542 - WARNING - Person too close! Face width: 216px
2026-02-19 12:48:27,272 - WARNING - Person too close! Face width: 216px
2026-02-19 12:48:57,145 - WARNING - Unknown person detected
2026-02-19 12:49:29,415 - WARNING - Person too close! Face width: 216px
2026-02-19 12:49:45,155 - INFO - Attendance manager initialized
2026-02-19 12:49:45,714 - INFO - Calibrating microphone for ambient noise...
2026-02-19 12:49:46,789 - INFO - Speech recognition initialized
2026-02-19 12:49:46,790 - INFO - ============================================================
2026-02-19 12:49:46,790 - INFO - FACE RECOGNITION ATTENDANCE SYSTEM
2026-02-19 12:49:46,791 - INFO - ============================================================
2026-02-19 12:49:46,792 - INFO - Loading 2 face images...
2026-02-19 12:49:48,139 - INFO - Loaded: Nishit
2026-02-19 12:49:49,301 - INFO - Loaded: vini
2026-02-19 12:49:49,302 - INFO - Total faces loaded: 2
2026-02-19 12:49:49,302 - INFO - Known people: Nishit, vini
2026-02-19 12:49:53,004 - INFO - Opening camera...
2026-02-19 12:49:59,339 - INFO - Camera ready. Looking for faces...
2026-02-19 12:49:59,339 - INFO - Press 'q' to quit manually
2026-02-19 12:50:00,269 - INFO - RECOGNIZED: vini (confidence: 0.389)
2026-02-19 12:50:12,909 - INFO - Heard: I am
2026-02-19 12:50:12,955 - INFO - Neutral mood detected
2026-02-19 12:50:41,511 - INFO - No faces detected for 30 seconds
2026-02-19 12:50:41,513 - INFO - ============================================================
2026-02-19 12:50:41,513 - INFO - SESSION SUMMARY
2026-02-19 12:50:41,514 - INFO - ============================================================
2026-02-19 12:50:41,515 - INFO - Frames processed: 274
2026-02-19 12:50:41,517 - INFO - People recognized: 1
2026-02-19 12:50:41,518 - INFO - Names: vini
2026-02-19 12:50:41,519 - INFO - Total attendance today: 0
2026-02-19 12:50:41,520 - INFO - Cleaning up...
2026-02-19 12:50:41,840 - INFO - Camera released
2026-02-19 12:50:41,847 - INFO - Windows closed
2026-02-19 12:50:41,854 - INFO - ============================================================
2026-02-19 12:50:41,855 - INFO - SYSTEM STOPPED
2026-02-19 12:50:41,855 - INFO - ============================================================
2026-02-19 12:52:09,599 - INFO - Attendance manager initialized
2026-02-19 12:52:10,244 - INFO - Calibrating microphone for ambient noise...
2026-02-19 12:52:11,325 - INFO - Speech recognition initialized
2026-02-19 12:52:11,325 - INFO - ============================================================
2026-02-19 12:52:11,326 - INFO - FACE RECOGNITION ATTENDANCE SYSTEM
2026-02-19 12:52:11,327 - INFO - ============================================================
2026-02-19 12:52:11,328 - INFO - Loading 2 face images...
2026-02-19 12:52:13,115 - INFO - Loaded: Nishit
2026-02-19 12:52:14,327 - INFO - Loaded: vini
2026-02-19 12:52:14,328 - INFO - Total faces loaded: 2
2026-02-19 12:52:14,328 - INFO - Known people: Nishit, vini
2026-02-19 12:52:16,864 - INFO - Opening camera...
2026-02-19 12:52:23,009 - INFO - Camera ready. Looking for faces...
2026-02-19 12:52:23,010 - INFO - Press 'q' to quit manually
2026-02-19 12:52:23,778 - INFO - RECOGNIZED: vini (confidence: 0.422)
2026-02-19 12:52:36,830 - WARNING - Could not understand audio
2026-02-19 12:52:36,831 - WARNING - No response from vini
2026-02-19 12:52:45,455 - WARNING - Person too close! Face width: 216px
2026-02-19 12:52:46,339 - WARNING - Person too close! Face width: 216px
2026-02-19 12:53:37,162 - INFO - Attendance manager initialized
2026-02-19 12:53:37,740 - INFO - Calibrating microphone for ambient noise...
2026-02-19 12:53:38,818 - INFO - Speech recognition initialized
2026-02-19 12:53:38,819 - INFO - ============================================================
2026-02-19 12:53:38,820 - INFO - FACE RECOGNITION ATTENDANCE SYSTEM
2026-02-19 12:53:38,820 - INFO - ============================================================
2026-02-19 12:53:38,822 - INFO - Loading 2 face images...
2026-02-19 12:53:40,367 - INFO - Loaded: Nishit
2026-02-19 12:53:41,570 - INFO - Loaded: vini
2026-02-19 12:53:41,571 - INFO - Total faces loaded: 2
2026-02-19 12:53:41,571 - INFO - Known people: Nishit, vini
2026-02-19 12:53:44,897 - INFO - Opening camera...
2026-02-19 12:53:50,735 - INFO - Camera ready. Looking for faces...
2026-02-19 12:53:50,735 - INFO - Press 'q' to quit manually
2026-02-19 12:53:53,550 - INFO - RECOGNIZED: vini (confidence: 0.518)
2026-02-19 12:54:05,988 - INFO - Heard: I am a fine nice good fine nice good
2026-02-19 12:54:06,028 - INFO - Detected happy mood from keyword: good
2026-02-19 12:54:06,030 - INFO - *** ATTENDANCE MARKED: vini at 12:54:06 - Mood: Happy ***
2026-02-19 12:55:15,807 - INFO - No faces detected for 30 seconds
2026-02-19 12:55:15,808 - INFO - ============================================================
2026-02-19 12:55:15,808 - INFO - SESSION SUMMARY
2026-02-19 12:55:15,809 - INFO - ============================================================
2026-02-19 12:55:15,809 - INFO - Frames processed: 564
2026-02-19 12:55:15,810 - INFO - People recognized: 1
2026-02-19 12:55:15,810 - INFO - Names: vini
2026-02-19 12:55:15,811 - INFO - Total attendance today: 1
2026-02-19 12:55:15,811 - INFO - Present: vini
2026-02-19 12:55:15,811 - INFO - Cleaning up...
2026-02-19 12:55:16,123 - INFO - Camera released
2026-02-19 12:55:16,129 - INFO - Windows closed
2026-02-19 12:55:16,144 - INFO - ============================================================
2026-02-19 12:55:16,145 - INFO - SYSTEM STOPPED
2026-02-19 12:55:16,145 - INFO - ============================================================
2026-02-19 12:58:53,281 - INFO - Attendance manager initialized
2026-02-19 12:58:54,185 - INFO - Calibrating microphone for ambient noise...
2026-02-19 12:58:55,249 - INFO - Speech recognition initialized
2026-02-19 12:58:55,250 - INFO - ============================================================
2026-02-19 12:58:55,250 - INFO - FACE RECOGNITION ATTENDANCE SYSTEM
2026-02-19 12:58:55,251 - INFO - ============================================================
2026-02-19 12:58:55,251 - INFO - Loading 2 face images...
2026-02-19 12:58:56,554 - INFO - Loaded: Nishit
2026-02-19 12:58:57,757 - INFO - Loaded: vini
2026-02-19 12:58:57,757 - INFO - Total faces loaded: 2
2026-02-19 12:58:57,757 - INFO - Known people: Nishit, vini
2026-02-19 12:59:03,466 - INFO - Opening camera...
2026-02-19 12:59:10,051 - INFO - Camera ready. Looking for faces...
2026-02-19 12:59:10,052 - INFO - Press 'q' to quit manually
2026-02-19 12:59:10,973 - INFO - RECOGNIZED: vini (confidence: 0.414)
2026-02-19 12:59:22,902 - INFO - Heard: define good night
2026-02-19 12:59:22,953 - INFO - Detected happy mood from keyword: good
2026-02-19 12:59:22,954 - INFO - *** ATTENDANCE MARKED: vini at 12:59:22 - Mood: Happy ***
2026-02-19 12:59:22,955 - INFO - Final attendance for vini with mood Happy saved to CSV.
2026-02-19 13:00:59,271 - INFO - No faces detected for 30 seconds
2026-02-19 13:00:59,272 - INFO - ============================================================
2026-02-19 13:00:59,273 - INFO - SESSION SUMMARY
2026-02-19 13:00:59,273 - INFO - ============================================================
2026-02-19 13:00:59,274 - INFO - Frames processed: 566
2026-02-19 13:00:59,275 - INFO - People recognized: 1
2026-02-19 13:00:59,275 - INFO - Names: vini
2026-02-19 13:00:59,276 - INFO - Total attendance today: 1
2026-02-19 13:00:59,276 - INFO - Present: vini
2026-02-19 13:00:59,277 - INFO - Cleaning up...
2026-02-19 13:00:59,594 - INFO - Camera released
2026-02-19 13:00:59,600 - INFO - Windows closed
2026-02-19 13:00:59,606 - INFO - ============================================================
2026-02-19 13:00:59,607 - INFO - SYSTEM STOPPED
2026-02-19 13:00:59,607 - INFO - ============================================================
2026-02-19 13:05:23,913 - INFO - Attendance manager initialized
2026-02-19 13:05:24,818 - INFO - Calibrating microphone for ambient noise...
2026-02-19 13:05:25,890 - INFO - Speech recognition initialized
2026-02-19 13:05:25,891 - INFO - ============================================================
2026-02-19 13:05:25,891 - INFO - FACE RECOGNITION ATTENDANCE SYSTEM
2026-02-19 13:05:25,892 - INFO - ============================================================
2026-02-19 13:05:25,893 - INFO - Loading 2 face images...
2026-02-19 13:05:27,465 - INFO - Loaded: Nishit
2026-02-19 13:05:29,221 - INFO - Loaded: vini
2026-02-19 13:05:29,221 - INFO - Total faces loaded: 2
2026-02-19 13:05:29,222 - INFO - Known people: Nishit, vini
2026-02-19 13:05:39,277 - INFO - Opening camera...
2026-02-19 13:05:45,975 - INFO - Camera ready. Looking for faces...
2026-02-19 13:05:45,975 - INFO - Press 'q' to quit manually
2026-02-19 13:05:46,919 - INFO - RECOGNIZED: vini (confidence: 0.308)
2026-02-19 13:05:58,978 - WARNING - Could not understand audio
2026-02-19 13:05:58,978 - WARNING - No response from vini
2026-02-19 13:06:27,617 - INFO - Attendance manager initialized
2026-02-19 13:06:28,237 - INFO - Calibrating microphone for ambient noise...
2026-02-19 13:06:29,308 - INFO - Speech recognition initialized
2026-02-19 13:06:29,309 - INFO - ============================================================
2026-02-19 13:06:29,309 - INFO - FACE RECOGNITION ATTENDANCE SYSTEM
2026-02-19 13:06:29,310 - INFO - ============================================================
2026-02-19 13:06:29,311 - INFO - Loading 2 face images...
2026-02-19 13:06:30,761 - INFO - Loaded: Nishit
2026-02-19 13:06:31,988 - INFO - Loaded: vini
2026-02-19 13:06:31,989 - INFO - Total faces loaded: 2
2026-02-19 13:06:31,989 - INFO - Known people: Nishit, vini
2026-02-19 13:06:39,320 - INFO - Opening camera...
2026-02-19 13:06:46,231 - INFO - Camera ready. Looking for faces...
2026-02-19 13:06:46,231 - INFO - Press 'q' to quit manually
2026-02-19 13:06:47,096 - INFO - RECOGNIZED: vini (confidence: 0.431)
2026-02-19 13:06:51,836 - WARNING - Person too close! Face width: 216px
2026-02-19 13:07:00,618 - WARNING - Could not understand audio
2026-02-19 13:07:00,619 - WARNING - No response from vini
2026-02-19 13:07:12,765 - INFO - Attendance manager initialized
2026-02-19 13:07:13,397 - INFO - Calibrating microphone for ambient noise...
2026-02-19 13:07:14,462 - INFO - Speech recognition initialized
2026-02-19 13:07:14,464 - INFO - ============================================================
2026-02-19 13:07:14,464 - INFO - FACE RECOGNITION ATTENDANCE SYSTEM
2026-02-19 13:07:14,464 - INFO - ============================================================
2026-02-19 13:07:14,465 - INFO - Loading 2 face images...
2026-02-19 13:07:16,077 - INFO - Loaded: Nishit
2026-02-19 13:07:17,533 - INFO - Loaded: vini
2026-02-19 13:07:17,534 - INFO - Total faces loaded: 2
2026-02-19 13:07:17,534 - INFO - Known people: Nishit, vini
2026-02-19 13:07:49,179 - INFO - Opening camera...
2026-02-19 13:07:54,732 - INFO - Camera ready. Looking for faces...
2026-02-19 13:07:54,732 - INFO - Press 'q' to quit manually
2026-02-19 13:07:55,670 - INFO - RECOGNIZED: vini (confidence: 0.392)
2026-02-19 13:08:06,723 - WARNING - Could not understand audio
2026-02-19 13:08:06,723 - WARNING - No response from vini
2026-02-19 13:08:20,089 - INFO - Attendance manager initialized
2026-02-19 13:08:20,506 - INFO - Calibrating microphone for ambient noise...
2026-02-19 13:08:21,570 - INFO - Speech recognition initialized
2026-02-19 13:08:21,570 - INFO - ============================================================
2026-02-19 13:08:21,571 - INFO - FACE RECOGNITION ATTENDANCE SYSTEM
2026-02-19 13:08:21,571 - INFO - ============================================================
2026-02-19 13:08:21,571 - INFO - Loading 2 face images...
2026-02-19 13:08:22,459 - INFO - Loaded: Nishit
2026-02-19 13:08:23,329 - INFO - Loaded: vini
2026-02-19 13:08:23,329 - INFO - Total faces loaded: 2
2026-02-19 13:08:23,330 - INFO - Known people: Nishit, vini
2026-02-19 13:08:36,251 - INFO - Opening camera...
2026-02-19 13:08:40,479 - INFO - Camera ready. Looking for faces...
2026-02-19 13:08:40,479 - INFO - Press 'q' to quit manually
2026-02-19 13:08:41,100 - INFO - RECOGNIZED: vini (confidence: 0.346)
2026-02-19 13:09:00,470 - WARNING - Could not understand audio
2026-02-19 13:09:00,471 - WARNING - No response from vini
2026-02-19 13:09:15,007 - INFO - Attendance manager initialized
2026-02-19 13:09:15,396 - INFO - Calibrating microphone for ambient noise...
2026-02-19 13:09:16,449 - INFO - Speech recognition initialized
2026-02-19 13:09:16,449 - INFO - ============================================================
2026-02-19 13:09:16,449 - INFO - FACE RECOGNITION ATTENDANCE SYSTEM
2026-02-19 13:09:16,450 - INFO - ============================================================
2026-02-19 13:09:16,450 - INFO - Loading 2 face images...
2026-02-19 13:09:17,436 - INFO - Loaded: Nishit
2026-02-19 13:09:18,378 - INFO - Loaded: vini
2026-02-19 13:09:18,379 - INFO - Total faces loaded: 2
2026-02-19 13:09:18,379 - INFO - Known people: Nishit, vini
2026-02-19 13:09:21,114 - INFO - Opening camera...
2026-02-19 13:09:25,240 - INFO - Camera ready. Looking for faces...
2026-02-19 13:09:25,240 - INFO - Press 'q' to quit manually
2026-02-19 13:09:34,895 - INFO - RECOGNIZED: vini (confidence: 0.483)
2026-02-19 13:09:49,327 - INFO - Heard: not good bad
2026-02-19 13:09:49,362 - INFO - Detected happy mood from keyword: good
2026-02-19 13:09:49,362 - INFO - *** ATTENDANCE MARKED: vini at 13:09:49 - Mood: Happy ***
2026-02-19 13:09:49,363 - INFO - Final attendance for vini with mood Happy saved to CSV.
2026-02-19 13:10:07,868 - WARNING - Person too close! Face width: 216px
2026-02-19 13:10:08,257 - WARNING - Person too close! Face width: 216px
2026-02-19 13:10:08,646 - WARNING - Person too close! Face width: 216px
2026-02-19 13:10:09,031 - WARNING - Person too close! Face width: 216px
2026-02-19 13:10:31,706 - INFO - Attendance manager initialized
2026-02-19 13:10:32,035 - INFO - Calibrating microphone for ambient noise...
2026-02-19 13:10:33,098 - INFO - Speech recognition initialized
2026-02-19 13:10:33,098 - INFO - ============================================================
2026-02-19 13:10:33,098 - INFO - FACE RECOGNITION ATTENDANCE SYSTEM
2026-02-19 13:10:33,099 - INFO - ============================================================
2026-02-19 13:10:33,099 - INFO - Loading 2 face images...
2026-02-19 13:10:33,990 - INFO - Loaded: Nishit
2026-02-19 13:10:34,866 - INFO - Loaded: vini
2026-02-19 13:10:34,866 - INFO - Total faces loaded: 2
2026-02-19 13:10:34,867 - INFO - Known people: Nishit, vini
2026-02-19 13:10:57,234 - INFO - Attendance manager initialized
2026-02-19 13:10:57,544 - INFO - Calibrating microphone for ambient noise...
2026-02-19 13:10:58,608 - INFO - Speech recognition initialized
2026-02-19 13:10:58,609 - INFO - ============================================================
2026-02-19 13:10:58,609 - INFO - FACE RECOGNITION ATTENDANCE SYSTEM
2026-02-19 13:10:58,609 - INFO - ============================================================
2026-02-19 13:10:58,610 - INFO - Loading 2 face images...
2026-02-19 13:10:59,491 - INFO - Loaded: Nishit
2026-02-19 13:11:00,412 - INFO - Loaded: vini
2026-02-19 13:11:00,414 - INFO - Total faces loaded: 2
2026-02-19 13:11:00,414 - INFO - Known people: Nishit, vini
2026-02-19 13:11:02,961 - INFO - Opening camera...
2026-02-19 13:11:07,216 - INFO - Camera ready. Looking for faces...
2026-02-19 13:11:07,216 - INFO - Press 'q' to quit manually
2026-02-19 13:11:07,847 - INFO - RECOGNIZED: vini (confidence: 0.368)
2026-02-19 13:11:20,324 - WARNING - Could not understand audio
2026-02-19 13:11:20,324 - WARNING - No response from vini
2026-02-19 13:11:26,904 - INFO - Attendance manager initialized
2026-02-19 13:11:27,295 - INFO - Calibrating microphone for ambient noise...
2026-02-19 13:11:28,361 - INFO - Speech recognition initialized
2026-02-19 13:11:28,362 - INFO - ============================================================
2026-02-19 13:11:28,362 - INFO - FACE RECOGNITION ATTENDANCE SYSTEM
2026-02-19 13:11:28,362 - INFO - ============================================================
2026-02-19 13:11:28,363 - INFO - Loading 2 face images...
2026-02-19 13:11:29,293 - INFO - Loaded: Nishit
2026-02-19 13:11:30,188 - INFO - Loaded: vini
2026-02-19 13:11:30,189 - INFO - Total faces loaded: 2
2026-02-19 13:11:30,189 - INFO - Known people: Nishit, vini
2026-02-19 14:45:19,536 - INFO - Opening camera...
2026-02-19 14:45:23,873 - INFO - Camera ready. Looking for faces...
2026-02-19 14:45:23,873 - INFO - Press 'q' to quit manually
2026-02-19 14:45:25,284 - INFO - RECOGNIZED: vini (confidence: 0.338)
2026-02-19 14:45:29,446 - WARNING - Person too close! Face width: 216px
2026-02-19 14:45:30,610 - WARNING - Person too close! Face width: 216px
2026-02-19 14:45:31,442 - WARNING - Person too close! Face width: 216px
2026-02-19 14:45:31,835 - WARNING - Person too close! Face width: 216px
2026-02-19 14:45:32,589 - WARNING - Person too close! Face width: 216px
2026-02-19 14:45:32,963 - WARNING - Person too close! Face width: 216px
2026-02-19 14:45:33,334 - WARNING - Person too close! Face width: 216px
2026-02-19 14:45:33,777 - WARNING - Person too close! Face width: 216px
2026-02-19 14:45:34,901 - WARNING - Person too close! Face width: 216px
2026-02-19 14:45:35,346 - WARNING - Person too close! Face width: 216px
2026-02-19 14:45:35,719 - WARNING - Person too close! Face width: 216px
2026-02-19 14:45:36,095 - WARNING - Person too close! Face width: 216px
2026-02-19 14:45:37,248 - WARNING - Person too close! Face width: 216px
2026-02-19 14:45:38,106 - WARNING - Person too close! Face width: 216px
2026-02-19 14:45:38,484 - WARNING - Person too close! Face width: 216px
2026-02-19 14:45:38,873 - WARNING - Person too close! Face width: 216px
2026-02-19 14:45:38,874 - INFO - Heard: bad bad
2026-02-19 14:45:38,906 - INFO - Detected sad mood from keyword: bad
2026-02-19 14:45:38,908 - INFO - *** ATTENDANCE MARKED: vini at 14:45:38 - Mood: Sad ***
2026-02-19 14:45:38,908 - INFO - Final attendance for vini with mood Sad saved to CSV.
2026-02-19 14:45:51,714 - WARNING - Unknown person detected
2026-02-19 14:46:49,807 - INFO - Attendance manager initialized
2026-02-19 14:46:50,523 - INFO - Calibrating microphone for ambient noise...
2026-02-19 14:46:51,578 - INFO - Speech recognition initialized
2026-02-19 14:46:51,578 - INFO - ============================================================
2026-02-19 14:46:51,578 - INFO - FACE RECOGNITION ATTENDANCE SYSTEM
2026-02-19 14:46:51,578 - INFO - ============================================================
2026-02-19 14:46:51,579 - INFO - Loading 2 face images...
2026-02-19 14:46:52,637 - INFO - Loaded: Nishit
2026-02-19 14:46:53,679 - INFO - Loaded: vini
2026-02-19 14:46:53,680 - INFO - Total faces loaded: 2
2026-02-19 14:46:53,680 - INFO - Known people: Nishit, vini
2026-02-19 14:47:02,548 - INFO - Opening camera...
2026-02-19 14:47:07,648 - INFO - Camera ready. Looking for faces...
2026-02-19 14:47:07,648 - INFO - Press 'q' to quit manually
2026-02-19 14:47:08,664 - INFO - RECOGNIZED: vini (confidence: 0.339)
2026-02-19 14:47:22,511 - WARNING - Could not understand audio
2026-02-19 14:47:22,511 - WARNING - No response from vini
2026-02-19 14:48:01,329 - INFO - Attendance manager initialized
2026-02-19 14:48:02,020 - INFO - Calibrating microphone for ambient noise...
2026-02-19 14:48:03,084 - INFO - Speech recognition initialized
2026-02-19 14:48:03,084 - INFO - ============================================================
2026-02-19 14:48:03,085 - INFO - FACE RECOGNITION ATTENDANCE SYSTEM
2026-02-19 14:48:03,085 - INFO - ============================================================
2026-02-19 14:48:03,085 - INFO - Loading 2 face images...
2026-02-19 14:48:03,973 - INFO - Loaded: Nishit
2026-02-19 14:48:04,838 - INFO - Loaded: vini
2026-02-19 14:48:04,838 - INFO - Total faces loaded: 2
2026-02-19 14:48:04,838 - INFO - Known people: Nishit, vini
2026-02-19 14:48:41,950 - INFO - Opening camera...
2026-02-19 14:48:47,121 - INFO - Camera ready. Looking for faces...
2026-02-19 14:48:47,121 - INFO - Press 'q' to quit manually
2026-02-19 14:48:47,874 - INFO - RECOGNIZED: vini (confidence: 0.324)
2026-02-19 14:49:01,839 - WARNING - Could not understand audio
2026-02-19 14:49:01,839 - WARNING - No response from vini
2026-02-19 14:49:40,623 - INFO - Attendance manager initialized
2026-02-19 14:49:41,307 - INFO - Calibrating microphone for ambient noise...
2026-02-19 14:49:42,358 - INFO - Speech recognition initialized
2026-02-19 14:49:42,358 - INFO - ============================================================
2026-02-19 14:49:42,358 - INFO - FACE RECOGNITION ATTENDANCE SYSTEM
2026-02-19 14:49:42,358 - INFO - ============================================================
2026-02-19 14:49:42,359 - INFO - Loading 2 face images...
2026-02-19 14:49:43,240 - INFO - Loaded: Nishit
2026-02-19 14:49:44,139 - INFO - Loaded: vini
2026-02-19 14:49:44,139 - INFO - Total faces loaded: 2
2026-02-19 14:49:44,140 - INFO - Known people: Nishit, vini
2026-02-19 14:49:53,326 - INFO - Opening camera...
2026-02-19 14:49:58,337 - INFO - Camera ready. Looking for faces...
2026-02-19 14:49:58,338 - INFO - Press 'q' to quit manually
2026-02-19 14:49:59,025 - INFO - RECOGNIZED: vini (confidence: 0.380)
2026-02-19 14:50:13,007 - WARNING - Could not understand audio
2026-02-19 14:50:13,007 - WARNING - No response from vini
2026-02-19 14:51:17,569 - INFO - Attendance manager initialized
2026-02-19 14:51:18,243 - INFO - Calibrating microphone for ambient noise...
2026-02-19 14:51:19,300 - INFO - Speech recognition initialized
2026-02-19 14:51:19,300 - INFO - ============================================================
2026-02-19 14:51:19,301 - INFO - FACE RECOGNITION ATTENDANCE SYSTEM
2026-02-19 14:51:19,301 - INFO - ============================================================
2026-02-19 14:51:19,301 - INFO - Loading 2 face images...
2026-02-19 14:51:20,347 - INFO - Loaded: Nishit
2026-02-19 14:51:21,243 - INFO - Loaded: vini
2026-02-19 14:51:21,243 - INFO - Total faces loaded: 2
2026-02-19 14:51:21,243 - INFO - Known people: Nishit, vini
2026-02-19 14:51:24,334 - INFO - Opening camera...
2026-02-19 14:51:28,641 - INFO - Camera ready. Looking for faces...
2026-02-19 14:51:28,642 - INFO - Press 'q' to quit manually
2026-02-19 14:51:29,258 - INFO - RECOGNIZED: vini (confidence: 0.316)
2026-02-19 14:51:31,964 - WARNING - Person too close! Face width: 216px
2026-02-19 14:51:45,017 - WARNING - Could not understand audio
2026-02-19 14:51:45,017 - WARNING - No response from vini
2026-02-19 14:53:14,774 - INFO - Attendance manager initialized
2026-02-19 14:53:15,450 - INFO - Calibrating microphone for ambient noise...
2026-02-19 14:53:16,489 - INFO - Speech recognition initialized
2026-02-19 14:53:16,490 - INFO - ============================================================
2026-02-19 14:53:16,490 - INFO - FACE RECOGNITION ATTENDANCE SYSTEM
2026-02-19 14:53:16,490 - INFO - ============================================================
2026-02-19 14:53:16,491 - INFO - Loading 2 face images...
2026-02-19 14:53:17,395 - INFO - Loaded: Nishit
2026-02-19 14:53:18,263 - INFO - Loaded: vini
2026-02-19 14:53:18,263 - INFO - Total faces loaded: 2
2026-02-19 14:53:18,264 - INFO - Known people: Nishit, vini
2026-02-19 14:53:27,292 - INFO - Opening camera...
2026-02-19 14:53:32,246 - INFO - Camera ready. Looking for faces...
2026-02-19 14:53:32,246 - INFO - Press 'q' to quit manually
2026-02-19 14:53:32,933 - INFO - RECOGNIZED: vini (confidence: 0.370)
2026-02-19 14:53:48,978 - WARNING - Could not understand audio
2026-02-19 14:53:48,978 - WARNING - No response from vini
2026-02-19 14:56:16,268 - INFO - Attendance manager initialized
2026-02-19 14:56:17,068 - INFO - Calibrating microphone for ambient noise...
2026-02-19 14:56:18,134 - INFO - Speech recognition initialized
2026-02-19 14:56:18,135 - INFO - ============================================================
2026-02-19 14:56:18,135 - INFO - FACE RECOGNITION ATTENDANCE SYSTEM
2026-02-19 14:56:18,135 - INFO - ============================================================
2026-02-19 14:56:18,136 - INFO - Loading 2 face images...
2026-02-19 14:56:19,024 - INFO - Loaded: Nishit
2026-02-19 14:56:19,903 - INFO - Loaded: vini
2026-02-19 14:56:19,904 - INFO - Total faces loaded: 2
2026-02-19 14:56:19,905 - INFO - Known people: Nishit, vini
2026-02-19 14:56:22,309 - INFO - Opening camera...
2026-02-19 14:56:26,628 - INFO - Camera ready. Looking for faces...
2026-02-19 14:56:26,628 - INFO - Press 'q' to quit manually
2026-02-19 14:56:27,247 - INFO - RECOGNIZED: vini (confidence: 0.390)
2026-02-19 14:56:49,437 - WARNING - Person too close! Face width: 216px
2026-02-19 14:56:56,551 - WARNING - Could not understand audio
2026-02-19 14:56:56,552 - WARNING - No response from vini
2026-02-19 14:57:06,755 - INFO - Attendance manager initialized
2026-02-19 14:57:07,157 - INFO - Calibrating microphone for ambient noise...
2026-02-19 14:57:08,212 - INFO - Speech recognition initialized
2026-02-19 14:57:08,213 - INFO - ============================================================
2026-02-19 14:57:08,213 - INFO - FACE RECOGNITION ATTENDANCE SYSTEM
2026-02-19 14:57:08,213 - INFO - ============================================================
2026-02-19 14:57:08,214 - INFO - Loading 2 face images...
2026-02-19 14:57:09,208 - INFO - Loaded: Nishit
2026-02-19 14:57:10,097 - INFO - Loaded: vini
2026-02-19 14:57:10,097 - INFO - Total faces loaded: 2
2026-02-19 14:57:10,097 - INFO - Known people: Nishit, vini
2026-02-19 14:57:16,024 - INFO - Opening camera...
2026-02-19 14:57:20,216 - INFO - Camera ready. Looking for faces...
2026-02-19 14:57:20,216 - INFO - Press 'q' to quit manually
2026-02-19 14:57:20,852 - INFO - RECOGNIZED: vini (confidence: 0.381)
2026-02-19 14:57:25,842 - WARNING - Person too close! Face width: 216px
2026-02-19 14:57:28,546 - WARNING - Person too close! Face width: 216px
2026-02-19 14:57:28,936 - WARNING - Person too close! Face width: 216px
2026-02-19 14:57:29,319 - WARNING - Person too close! Face width: 216px
2026-02-19 14:57:29,708 - WARNING - Person too close! Face width: 216px
2026-02-19 14:57:30,479 - WARNING - Person too close! Face width: 216px
2026-02-19 14:57:30,879 - WARNING - Person too close! Face width: 216px
2026-02-19 14:57:32,838 - WARNING - Could not understand audio
2026-02-19 14:57:32,838 - WARNING - No response from vini
2026-02-19 14:57:37,364 - WARNING - Person too close! Face width: 216px
2026-02-19 15:10:29,474 - INFO - Attendance manager initialized
2026-02-19 15:10:30,171 - INFO - Calibrating microphone for ambient noise...
2026-02-19 15:10:31,228 - INFO - Speech recognition initialized
2026-02-19 15:10:31,229 - INFO - ============================================================
2026-02-19 15:10:31,229 - INFO - FACE RECOGNITION ATTENDANCE SYSTEM
2026-02-19 15:10:31,230 - INFO - ============================================================
2026-02-19 15:10:31,230 - INFO - Loading 2 face images...
2026-02-19 15:10:32,142 - INFO - Loaded: Nishit
2026-02-19 15:10:33,015 - INFO - Loaded: vini
2026-02-19 15:10:33,016 - INFO - Total faces loaded: 2
2026-02-19 15:10:33,016 - INFO - Known people: Nishit, vini
2026-02-19 15:10:36,926 - INFO - Opening camera...
2026-02-19 15:10:41,300 - INFO - Camera ready. Looking for faces...
2026-02-19 15:10:41,300 - INFO - Press 'q' to quit manually
2026-02-19 15:10:41,920 - INFO - RECOGNIZED: vini (confidence: 0.339)
2026-02-19 15:11:24,071 - WARNING - Person too close! Face width: 216px
2026-02-19 15:11:24,072 - ERROR - run loop already started
2026-02-19 15:13:45,792 - INFO - Attendance manager initialized
2026-02-19 15:13:46,108 - INFO - Speech engine initialized ✅
2026-02-19 15:13:46,597 - INFO - Calibrating microphone for ambient noise...
2026-02-19 15:13:47,635 - INFO - Speech recognition initialized
2026-02-19 15:13:47,635 - INFO - ============================================================
2026-02-19 15:13:47,635 - INFO - FACE RECOGNITION ATTENDANCE SYSTEM
2026-02-19 15:13:47,635 - INFO - ============================================================
2026-02-19 15:13:47,636 - INFO - Loading 2 face images...
2026-02-19 15:13:48,544 - INFO - Loaded: Nishit
2026-02-19 15:13:49,417 - INFO - Loaded: vini
2026-02-19 15:13:49,417 - INFO - Total faces loaded: 2
2026-02-19 15:13:49,417 - INFO - Known people: Nishit, vini
2026-02-19 15:13:54,034 - INFO - Opening camera...
2026-02-19 15:13:58,411 - INFO - Camera ready. Looking for faces...
2026-02-19 15:13:58,411 - INFO - Press 'q' to quit manually
2026-02-19 15:13:59,032 - INFO - RECOGNIZED: vini (confidence: 0.316)
2026-02-19 15:13:59,033 - INFO - Speaking: Hi vini, how are you?
2026-02-19 15:14:01,825 - INFO - Listening... 🎤
2026-02-19 15:14:07,642 - INFO - Recognizing...
2026-02-19 15:14:09,129 - INFO - Heard: iPhone good night
2026-02-19 15:14:09,129 - INFO - Detected happy mood from keyword: good
2026-02-19 15:14:09,130 - INFO - *** ATTENDANCE MARKED: vini at 15:14:09 - Mood: Happy ***
2026-02-19 15:14:09,131 - INFO - Final attendance for vini with mood Happy saved to CSV.
2026-02-19 15:14:30,647 - INFO - Attendance manager initialized
2026-02-19 15:14:30,887 - INFO - Speech engine initialized ✅
2026-02-19 15:14:31,133 - INFO - Calibrating microphone for ambient noise...
2026-02-19 15:14:32,190 - INFO - Speech recognition initialized
2026-02-19 15:14:32,190 - INFO - ============================================================
2026-02-19 15:14:32,191 - INFO - FACE RECOGNITION ATTENDANCE SYSTEM
2026-02-19 15:14:32,191 - INFO - ============================================================
2026-02-19 15:14:32,191 - INFO - Loading 2 face images...
2026-02-19 15:14:33,124 - INFO - Loaded: Nishit
2026-02-19 15:14:33,999 - INFO - Loaded: vini
2026-02-19 15:14:34,000 - INFO - Total faces loaded: 2
2026-02-19 15:14:34,000 - INFO - Known people: Nishit, vini
2026-02-19 15:14:37,886 - INFO - Opening camera...
2026-02-19 15:14:42,178 - INFO - Camera ready. Looking for faces...
2026-02-19 15:14:42,178 - INFO - Press 'q' to quit manually
2026-02-19 15:14:42,803 - INFO - RECOGNIZED: vini (confidence: 0.395)
2026-02-19 15:14:42,805 - INFO - Speaking: Hi vini, how are you?
2026-02-19 15:14:45,554 - INFO - Listening... 🎤
2026-02-19 15:14:51,056 - INFO - Recognizing...
2026-02-19 15:14:55,374 - WARNING - Could not understand audio
2026-02-19 15:14:55,375 - WARNING - No response from vini
2026-02-19 15:15:08,644 - INFO - Attendance manager initialized
2026-02-19 15:15:08,837 - INFO - Speech engine initialized ✅
2026-02-19 15:15:09,027 - INFO - Calibrating microphone for ambient noise...
2026-02-19 15:15:10,084 - INFO - Speech recognition initialized
2026-02-19 15:15:10,085 - INFO - ============================================================
2026-02-19 15:15:10,085 - INFO - FACE RECOGNITION ATTENDANCE SYSTEM
2026-02-19 15:15:10,085 - INFO - ============================================================
2026-02-19 15:15:10,085 - INFO - Loading 2 face images...
2026-02-19 15:15:11,024 - INFO - Loaded: Nishit
2026-02-19 15:15:12,030 - INFO - Loaded: vini
2026-02-19 15:15:12,030 - INFO - Total faces loaded: 2
2026-02-19 15:15:12,031 - INFO - Known people: Nishit, vini
2026-02-19 15:15:14,825 - INFO - Opening camera...
2026-02-19 15:15:19,073 - INFO - Camera ready. Looking for faces...
2026-02-19 15:15:19,073 - INFO - Press 'q' to quit manually
2026-02-19 15:15:19,700 - INFO - RECOGNIZED: vini (confidence: 0.345)
2026-02-19 15:15:19,702 - INFO - Speaking: Hi vini, how are you?
2026-02-19 15:15:22,497 - INFO - Listening... 🎤
2026-02-19 15:15:28,364 - INFO - Recognizing...
2026-02-19 15:15:29,499 - WARNING - Could not understand audio
2026-02-19 15:15:29,499 - WARNING - No response from vini
2026-02-19 15:15:43,037 - INFO - Attendance manager initialized
2026-02-19 15:15:43,282 - INFO - Speech engine initialized ✅
2026-02-19 15:15:43,509 - INFO - Calibrating microphone for ambient noise...
2026-02-19 15:15:44,579 - INFO - Speech recognition initialized
2026-02-19 15:15:44,579 - INFO - ============================================================
2026-02-19 15:15:44,580 - INFO - FACE RECOGNITION ATTENDANCE SYSTEM
2026-02-19 15:15:44,580 - INFO - ============================================================
2026-02-19 15:15:44,581 - INFO - Loading 2 face images...
2026-02-19 15:15:45,519 - INFO - Loaded: Nishit
2026-02-19 15:15:46,420 - INFO - Loaded: vini
2026-02-19 15:15:46,420 - INFO - Total faces loaded: 2
2026-02-19 15:15:46,421 - INFO - Known people: Nishit, vini
2026-02-19 15:15:49,860 - INFO - Opening camera...
2026-02-19 15:15:54,215 - INFO - Camera ready. Looking for faces...
2026-02-19 15:15:54,215 - INFO - Press 'q' to quit manually
2026-02-19 15:15:54,843 - INFO - RECOGNIZED: vini (confidence: 0.304)
2026-02-19 15:15:54,845 - INFO - Speaking: Hi vini, how are you?
2026-02-19 15:15:57,576 - INFO - Listening... 🎤
2026-02-19 15:16:03,363 - INFO - Recognizing...
2026-02-19 15:16:04,583 - WARNING - Could not understand audio
2026-02-19 15:16:04,584 - WARNING - No response from vini
2026-02-19 15:16:18,161 - INFO - Attendance manager initialized
2026-02-19 15:16:18,344 - INFO - Speech engine initialized ✅
2026-02-19 15:16:18,580 - INFO - Calibrating microphone for ambient noise...
2026-02-19 15:16:19,630 - INFO - Speech recognition initialized
2026-02-19 15:16:19,631 - INFO - ============================================================
2026-02-19 15:16:19,631 - INFO - FACE RECOGNITION ATTENDANCE SYSTEM
2026-02-19 15:16:19,631 - INFO - ============================================================
2026-02-19 15:16:19,632 - INFO - Loading 2 face images...
2026-02-19 15:16:20,572 - INFO - Loaded: Nishit
2026-02-19 15:16:21,451 - INFO - Loaded: vini
2026-02-19 15:16:21,452 - INFO - Total faces loaded: 2
2026-02-19 15:16:21,452 - INFO - Known people: Nishit, vini
2026-02-19 15:16:24,460 - INFO - Opening camera...
2026-02-19 15:16:28,828 - INFO - Camera ready. Looking for faces...
2026-02-19 15:16:28,828 - INFO - Press 'q' to quit manually
2026-02-19 15:16:29,451 - INFO - RECOGNIZED: vini (confidence: 0.386)
2026-02-19 15:16:29,453 - INFO - Speaking: Hi vini, how are you?
2026-02-19 15:16:31,954 - INFO - Listening... 🎤
2026-02-19 15:16:39,683 - INFO - Recognizing...
2026-02-19 15:16:41,218 - WARNING - Could not understand audio
2026-02-19 15:16:41,218 - WARNING - No response from vini
2026-02-19 15:17:31,061 - INFO - Attendance manager initialized
2026-02-19 15:17:31,243 - INFO - Speech engine initialized ✅
2026-02-19 15:17:31,749 - INFO - Calibrating microphone for ambient noise...
2026-02-19 15:17:32,803 - INFO - Speech recognition initialized
2026-02-19 15:17:32,803 - INFO - ============================================================
2026-02-19 15:17:32,804 - INFO - FACE RECOGNITION ATTENDANCE SYSTEM
2026-02-19 15:17:32,804 - INFO - ============================================================
2026-02-19 15:17:32,804 - INFO - Loading 2 face images...
2026-02-19 15:17:33,701 - INFO - Loaded: Nishit
2026-02-19 15:17:34,577 - INFO - Loaded: vini
2026-02-19 15:17:34,577 - INFO - Total faces loaded: 2
2026-02-19 15:17:34,578 - INFO - Known people: Nishit, vini
2026-02-19 15:17:42,007 - INFO - Opening camera...
2026-02-19 15:17:46,267 - INFO - Camera ready. Looking for faces...
2026-02-19 15:17:46,267 - INFO - Press 'q' to quit manually
2026-02-19 15:17:46,903 - INFO - RECOGNIZED: vini (confidence: 0.356)
2026-02-19 15:17:46,904 - INFO - Speaking: Hi vini, how are you?
2026-02-19 15:17:49,641 - INFO - Listening... 🎤
2026-02-19 15:17:57,407 - INFO - Recognizing...
2026-02-19 15:17:59,267 - INFO - Heard: I am feeling bored nice I am I
2026-02-19 15:17:59,267 - INFO - Detected happy mood from keyword: nice
2026-02-19 15:17:59,268 - INFO - *** ATTENDANCE MARKED: vini at 15:17:59 - Mood: Happy ***
2026-02-19 15:17:59,268 - INFO - Final attendance for vini with mood Happy saved to CSV.
2026-02-19 15:20:26,340 - INFO - Attendance manager initialized
2026-02-19 15:20:26,510 - INFO - Speech engine initialized ✅
2026-02-19 15:20:27,026 - INFO - Calibrating microphone for ambient noise...
2026-02-19 15:20:28,071 - INFO - Speech recognition initialized
2026-02-19 15:20:28,071 - INFO - ============================================================
2026-02-19 15:20:28,072 - INFO - FACE RECOGNITION ATTENDANCE SYSTEM
2026-02-19 15:20:28,072 - INFO - ============================================================
2026-02-19 15:20:28,072 - INFO - Loading 2 face images...
2026-02-19 15:20:28,967 - INFO - Loaded: Nishit
2026-02-19 15:20:29,847 - INFO - Loaded: vini
2026-02-19 15:20:29,848 - INFO - Total faces loaded: 2
2026-02-19 15:20:29,848 - INFO - Known people: Nishit, vini
2026-02-19 15:20:35,129 - INFO - Opening camera...
2026-02-19 15:20:39,458 - INFO - Camera ready. Looking for faces...
2026-02-19 15:20:39,458 - INFO - Press 'q' to quit manually
2026-02-19 15:20:40,080 - INFO - RECOGNIZED: vini (confidence: 0.328)
2026-02-19 15:20:40,082 - INFO - Speaking: Hi vini, how are you?
2026-02-19 15:20:42,801 - INFO - Listening... 🎤
2026-02-19 15:20:53,653 - INFO - Recognizing...
2026-02-19 15:20:55,532 - INFO - Heard: what good
2026-02-19 15:20:55,533 - INFO - Detected happy mood from keyword: good
2026-02-19 15:20:55,534 - INFO - *** ATTENDANCE MARKED: vini at 15:20:55 - Mood: Happy ***
2026-02-19 15:20:55,534 - INFO - Final attendance for vini with mood Happy saved to CSV.
2026-02-19 15:21:33,124 - WARNING - Person too close! Face width: 216px
2026-02-19 15:21:33,596 - WARNING - Person too close! Face width: 216px
2026-02-19 15:21:34,152 - WARNING - Person too close! Face width: 216px
2026-02-19 15:22:03,716 - INFO - No faces detected for 30 seconds
2026-02-19 15:22:03,717 - INFO - ============================================================
2026-02-19 15:22:03,717 - INFO - SESSION SUMMARY
2026-02-19 15:22:03,718 - INFO - ============================================================
2026-02-19 15:22:03,718 - INFO - Frames processed: 451
2026-02-19 15:22:03,718 - INFO - People recognized: 1
2026-02-19 15:22:03,719 - INFO - Names: vini
2026-02-19 15:22:03,719 - INFO - Total attendance today: 1
2026-02-19 15:22:03,719 - INFO - Present: vini
2026-02-19 15:22:03,720 - INFO - Cleaning up...
2026-02-19 15:22:04,042 - INFO - Camera released
2026-02-19 15:22:04,047 - INFO - Windows closed
2026-02-19 15:22:04,053 - INFO - ============================================================
2026-02-19 15:22:04,053 - INFO - SYSTEM STOPPED
2026-02-19 15:22:04,053 - INFO - ============================================================
2026-02-19 15:32:14,460 - INFO - Attendance manager initialized
2026-02-19 15:32:14,644 - INFO - Speech engine initialized ✅
2026-02-19 15:32:15,212 - INFO - Calibrating microphone for ambient noise...
2026-02-19 15:32:16,274 - INFO - Speech recognition initialized
2026-02-19 15:32:16,275 - INFO - ============================================================
2026-02-19 15:32:16,275 - INFO - FACE RECOGNITION ATTENDANCE SYSTEM
2026-02-19 15:32:16,275 - INFO - ============================================================
2026-02-19 15:32:16,276 - INFO - Loading 2 face images...
2026-02-19 15:32:17,292 - INFO - Loaded: Nishit
2026-02-19 15:32:18,161 - INFO - Loaded: vini
2026-02-19 15:32:18,162 - INFO - Total faces loaded: 2
2026-02-19 15:32:18,163 - INFO - Known people: Nishit, vini
2026-02-19 15:32:20,223 - INFO - Opening camera...
2026-02-19 15:32:24,602 - INFO - Camera ready. Looking for faces...
2026-02-19 15:32:24,602 - INFO - Press 'q' to quit manually
2026-02-19 15:32:25,232 - INFO - RECOGNIZED: vini (confidence: 0.345)
2026-02-19 15:32:25,233 - INFO - Speaking: Hi vini, how are you?
2026-02-19 15:32:27,968 - INFO - Listening... 🎤
2026-02-19 15:32:32,988 - INFO - Recognizing...
2026-02-19 15:32:34,085 - WARNING - Could not understand audio
2026-02-19 15:32:34,085 - WARNING - No response from vini
2026-02-19 15:32:34,086 - INFO - *** ATTENDANCE MARKED: vini at 15:32:34 - Mood: Neutral ***
2026-02-19 15:32:34,086 - INFO - Final attendance for vini with mood Neutral saved to CSV.
2026-02-19 15:33:10,169 - INFO - RECOGNIZED: Nishit (confidence: 0.445)
2026-02-19 15:33:12,805 - INFO - Listening... 🎤
2026-02-19 15:33:20,409 - INFO - Recognizing...
2026-02-19 15:33:21,503 - WARNING - Could not understand audio
2026-02-19 15:33:21,504 - WARNING - No response from Nishit
2026-02-19 15:33:21,505 - INFO - *** ATTENDANCE MARKED: Nishit at 15:33:21 - Mood: Neutral ***
2026-02-19 15:33:21,505 - INFO - Final attendance for Nishit with mood Neutral saved to CSV.
2026-02-19 15:33:29,257 - WARNING - Unknown person detected
2026-02-19 15:35:01,108 - INFO - Already marked today: vini, Nishit
2026-02-19 15:35:01,109 - INFO - Attendance manager initialized
2026-02-19 15:35:01,334 - INFO - Speech engine initialized ✅
2026-02-19 15:35:01,843 - INFO - Calibrating microphone for ambient noise...
2026-02-19 15:35:02,897 - INFO - Speech recognition initialized
2026-02-19 15:35:02,898 - INFO - ============================================================
2026-02-19 15:35:02,898 - INFO - FACE RECOGNITION ATTENDANCE SYSTEM
2026-02-19 15:35:02,898 - INFO - ============================================================
2026-02-19 15:35:02,899 - INFO - Loading 2 face images...
2026-02-19 15:35:03,819 - INFO - Loaded: Nishit
2026-02-19 15:35:04,694 - INFO - Loaded: vini
2026-02-19 15:35:04,694 - INFO - Total faces loaded: 2
2026-02-19 15:35:04,695 - INFO - Known people: Nishit, vini
2026-02-19 15:35:07,092 - INFO - Opening camera...
2026-02-19 15:35:11,560 - INFO - Camera ready. Looking for faces...
2026-02-19 15:35:11,560 - INFO - Press 'q' to quit manually
2026-02-19 15:35:12,180 - INFO - RECOGNIZED: vini (confidence: 0.352)
2026-02-19 15:35:12,181 - INFO - Speaking: Attendance already marked
2026-02-19 15:35:12,181 - INFO - vini - Attendance already marked today
2026-02-19 15:43:57,857 - INFO - Already marked today: Nishit, vini
2026-02-19 15:43:57,857 - INFO - Attendance manager initialized
2026-02-19 15:43:58,056 - INFO - Speech engine initialized ✅
2026-02-19 15:43:58,571 - INFO - Calibrating microphone for ambient noise...
2026-02-19 15:43:59,639 - INFO - Speech recognition initialized
2026-02-19 15:43:59,639 - INFO - ============================================================
2026-02-19 15:43:59,640 - INFO - FACE RECOGNITION ATTENDANCE SYSTEM
2026-02-19 15:43:59,640 - INFO - ============================================================
2026-02-19 15:43:59,640 - INFO - Loading 2 face images...
2026-02-19 15:44:00,587 - INFO - Loaded: Nishit
2026-02-19 15:44:01,520 - INFO - Loaded: vini
2026-02-19 15:44:01,524 - INFO - Total faces loaded: 2
2026-02-19 15:44:01,525 - INFO - Known people: Nishit, vini
2026-02-19 15:44:07,547 - INFO - Opening camera...
2026-02-19 15:44:11,992 - INFO - Camera ready. Looking for faces...
2026-02-19 15:44:11,992 - INFO - Press 'q' to quit manually
2026-02-19 15:44:12,624 - INFO - RECOGNIZED: vini (confidence: 0.273)
2026-02-19 15:44:12,626 - INFO - Speaking: Attendance already marked
2026-02-19 15:44:12,626 - INFO - vini - Attendance already marked today
2026-02-19 15:53:31,835 - INFO - Already marked today: Nishit, vini
2026-02-19 15:53:31,835 - INFO - Attendance manager initialized
2026-02-19 15:53:32,042 - INFO - Speech engine initialized ✅
2026-02-19 15:53:32,545 - INFO - Calibrating microphone for ambient noise...
2026-02-19 15:53:33,603 - INFO - Speech recognition initialized
2026-02-19 15:53:33,603 - INFO - ============================================================
2026-02-19 15:53:33,603 - INFO - FACE RECOGNITION ATTENDANCE SYSTEM
2026-02-19 15:53:33,604 - INFO - ============================================================
2026-02-19 15:53:33,604 - INFO - Loading 2 face images...
2026-02-19 15:53:34,783 - INFO - Loaded: Nishit
2026-02-19 15:53:35,717 - INFO - Loaded: vini
2026-02-19 15:53:35,718 - INFO - Total faces loaded: 2
2026-02-19 15:53:35,718 - INFO - Known people: Nishit, vini
2026-02-19 15:53:37,788 - INFO - Opening camera...
2026-02-19 15:53:42,220 - INFO - Camera ready. Looking for faces...
2026-02-19 15:53:42,220 - INFO - Press 'q' to quit manually
2026-02-19 15:53:42,846 - INFO - Face detected. Idle timer started.
2026-02-19 15:53:42,847 - INFO - RECOGNIZED: vini (confidence: 0.315)
2026-02-19 15:53:42,847 - INFO - Speaking: Attendance already marked
2026-02-19 15:53:42,847 - INFO - vini - Attendance already marked today
2026-02-19 15:53:53,142 - INFO - No faces detected for 10 seconds
2026-02-19 15:53:53,143 - INFO - ============================================================
2026-02-19 15:53:53,143 - INFO - SESSION SUMMARY
2026-02-19 15:53:53,143 - INFO - ============================================================
2026-02-19 15:53:53,144 - INFO - Frames processed: 29
2026-02-19 15:53:53,144 - INFO - People recognized: 1
2026-02-19 15:53:53,144 - INFO - Names: vini
2026-02-19 15:53:53,145 - INFO - Total attendance today: 2
2026-02-19 15:53:53,145 - INFO - Present: Nishit, vini
2026-02-19 15:53:53,145 - INFO - Cleaning up...
2026-02-19 15:53:53,486 - INFO - Camera released
2026-02-19 15:53:53,489 - INFO - Windows closed
2026-02-19 15:53:53,497 - INFO - ============================================================
2026-02-19 15:53:53,498 - INFO - SYSTEM STOPPED
2026-02-19 15:53:53,498 - INFO - ============================================================
2026-02-19 16:36:32,742 - INFO - Already marked today: Nishit
2026-02-19 16:36:32,743 - INFO - Attendance manager initialized
2026-02-19 16:36:33,113 - INFO - Speech engine initialized ✅
2026-02-19 16:36:33,771 - INFO - Calibrating microphone for ambient noise...
2026-02-19 16:36:34,842 - INFO - Speech recognition initialized
2026-02-19 16:36:34,842 - INFO - ============================================================
2026-02-19 16:36:34,843 - INFO - FACE RECOGNITION ATTENDANCE SYSTEM
2026-02-19 16:36:34,843 - INFO - ============================================================
2026-02-19 16:36:34,844 - INFO - Loading 2 face images...
2026-02-19 16:36:35,978 - INFO - Loaded: Nishit
2026-02-19 16:36:36,899 - INFO - Loaded: vini
2026-02-19 16:36:36,900 - INFO - Total faces loaded: 2
2026-02-19 16:36:36,900 - INFO - Known people: Nishit, vini
2026-02-19 16:36:40,148 - INFO - Opening camera...
2026-02-19 16:36:45,424 - INFO - Camera ready. Looking for faces...
2026-02-19 16:36:45,424 - INFO - Press 'q' to quit manually
2026-02-19 16:36:46,164 - INFO - Face detected. Idle timer started.
2026-02-19 16:36:46,175 - INFO - RECOGNIZED: vini (confidence: 0.368)
2026-02-19 16:36:46,177 - INFO - Speaking: Hi vini, how are you?
2026-02-19 16:36:48,956 - INFO - Listening... 🎤
2026-02-19 16:36:55,059 - INFO - Recognizing...
2026-02-19 16:36:56,327 - INFO - No faces detected for 10 seconds
2026-02-19 16:36:56,328 - INFO - ============================================================
2026-02-19 16:36:56,328 - INFO - SESSION SUMMARY
2026-02-19 16:36:56,328 - INFO - ============================================================
2026-02-19 16:36:56,329 - INFO - Frames processed: 25
2026-02-19 16:36:56,329 - INFO - People recognized: 1
2026-02-19 16:36:56,330 - INFO - Names: vini
2026-02-19 16:36:56,330 - INFO - Total attendance today: 1
2026-02-19 16:36:56,331 - INFO - Present: Nishit
2026-02-19 16:36:56,331 - INFO - Cleaning up...
2026-02-19 16:36:56,704 - INFO - Camera released
2026-02-19 16:36:56,708 - INFO - Windows closed
2026-02-19 16:36:56,714 - INFO - ============================================================
2026-02-19 16:36:56,714 - INFO - SYSTEM STOPPED
2026-02-19 16:36:56,714 - INFO - ============================================================
2026-02-19 16:36:57,644 - WARNING - Could not understand audio
2026-02-19 16:36:57,648 - WARNING - No response from vini
2026-02-19 16:36:57,651 - INFO - *** ATTENDANCE MARKED: vini at 16:36:57 - Mood: Neutral ***
2026-02-19 16:36:57,652 - INFO - Final attendance for vini with mood Neutral saved to CSV.
2026-02-19 16:37:51,899 - INFO - Attendance manager initialized
2026-02-19 16:37:52,435 - INFO - Speech engine initialized ✅
2026-02-19 16:37:52,941 - INFO - Calibrating microphone for ambient noise...
2026-02-19 16:37:54,003 - INFO - Speech recognition initialized
2026-02-19 16:37:54,004 - INFO - ============================================================
2026-02-19 16:37:54,004 - INFO - FACE RECOGNITION ATTENDANCE SYSTEM
2026-02-19 16:37:54,004 - INFO - ============================================================
2026-02-19 16:37:54,005 - INFO - Loading 2 face images...
2026-02-19 16:37:54,979 - INFO - Loaded: Nishit
2026-02-19 16:37:55,896 - INFO - Loaded: vini
2026-02-19 16:37:55,897 - INFO - Total faces loaded: 2
2026-02-19 16:37:55,897 - INFO - Known people: Nishit, vini
2026-02-19 16:37:58,209 - INFO - Opening camera...
2026-02-19 16:38:02,977 - INFO - Camera ready. Looking for faces...
2026-02-19 16:38:02,977 - INFO - Press 'q' to quit manually
2026-02-19 16:38:03,642 - INFO - Face detected. Idle timer started.
2026-02-19 16:38:03,643 - INFO - RECOGNIZED: vini (confidence: 0.398)
2026-02-19 16:38:03,644 - INFO - Speaking: Hi vini, how are you?
2026-02-19 16:38:06,488 - INFO - Listening... 🎤
2026-02-19 16:38:14,326 - INFO - Recognizing...
2026-02-19 16:38:15,675 - WARNING - Could not understand audio
2026-02-19 16:38:15,675 - WARNING - No response from vini
2026-02-19 16:38:15,676 - INFO - *** ATTENDANCE MARKED: vini at 16:38:15 - Mood: Neutral ***
2026-02-19 16:38:15,676 - INFO - Final attendance for vini with mood Neutral saved to CSV.
2026-02-19 16:38:33,666 - INFO - No faces detected for 30 seconds
2026-02-19 16:38:33,667 - INFO - ============================================================
2026-02-19 16:38:33,667 - INFO - SESSION SUMMARY
2026-02-19 16:38:33,668 - INFO - ============================================================
2026-02-19 16:38:33,668 - INFO - Frames processed: 151
2026-02-19 16:38:33,669 - INFO - People recognized: 1
2026-02-19 16:38:33,669 - INFO - Names: vini
2026-02-19 16:38:33,669 - INFO - Total attendance today: 1
2026-02-19 16:38:33,670 - INFO - Present: vini
2026-02-19 16:38:33,670 - INFO - Cleaning up...
2026-02-19 16:38:34,029 - INFO - Camera released
2026-02-19 16:38:34,034 - INFO - Windows closed
2026-02-19 16:38:34,045 - INFO - ============================================================
2026-02-19 16:38:34,045 - INFO - SYSTEM STOPPED
2026-02-19 16:38:34,045 - INFO - ============================================================
2026-02-19 17:15:21,694 - INFO - Attendance manager initialized
2026-02-19 17:15:21,891 - INFO - Speech engine initialized ✅
2026-02-19 17:15:22,442 - INFO - Calibrating microphone for ambient noise...
2026-02-19 17:15:23,509 - INFO - Speech recognition initialized
2026-02-19 17:15:23,510 - INFO - ============================================================
2026-02-19 17:15:23,510 - INFO - FACE RECOGNITION ATTENDANCE SYSTEM
2026-02-19 17:15:23,511 - INFO - ============================================================
2026-02-19 17:15:23,511 - INFO - Loading 2 face images...
2026-02-19 17:15:24,508 - INFO - Loaded: Nishit
2026-02-19 17:15:25,476 - INFO - Loaded: vini
2026-02-19 17:15:25,476 - INFO - Total faces loaded: 2
2026-02-19 17:15:25,477 - INFO - Known people: Nishit, vini
2026-02-19 17:15:48,596 - INFO - Opening camera...
2026-02-19 17:15:55,271 - INFO - Camera ready. Looking for faces...
2026-02-19 17:15:55,273 - INFO - Press 'q' to quit manually
2026-02-19 17:15:56,671 - INFO - Face detected. Idle timer started.
2026-02-19 17:15:56,672 - INFO - RECOGNIZED: vini (confidence: 0.397)
2026-02-19 17:15:56,683 - INFO - Speaking: Hi vini, how are you?
2026-02-19 17:15:59,542 - INFO - Listening... 🎤
2026-02-19 17:16:06,172 - INFO - Recognizing...
2026-02-19 17:16:07,324 - WARNING - Could not understand audio
2026-02-19 17:16:07,325 - WARNING - No response from vini
2026-02-19 17:16:07,326 - INFO - *** ATTENDANCE MARKED: vini at 17:16:07 - Mood: Neutral ***
2026-02-19 17:16:07,327 - INFO - Final attendance for vini with mood Neutral saved to CSV.
2026-02-19 17:17:31,204 - INFO - Attendance manager initialized
2026-02-19 17:17:31,389 - INFO - Speech engine initialized ✅
2026-02-19 17:17:31,596 - INFO - Calibrating microphone for ambient noise...
2026-02-19 17:17:32,659 - INFO - Speech recognition initialized
2026-02-19 17:17:32,659 - INFO - ============================================================
2026-02-19 17:17:32,660 - INFO - FACE RECOGNITION ATTENDANCE SYSTEM
2026-02-19 17:17:32,660 - INFO - ============================================================
2026-02-19 17:17:32,661 - INFO - Loading 2 face images...
2026-02-19 17:17:33,672 - INFO - Loaded: Nishit
2026-02-19 17:17:34,607 - INFO - Loaded: vini
2026-02-19 17:17:34,608 - INFO - Total faces loaded: 2
2026-02-19 17:17:34,608 - INFO - Known people: Nishit, vini
2026-02-19 17:17:51,150 - INFO - Opening camera...
2026-02-19 17:17:57,320 - INFO - Camera ready. Looking for faces...
2026-02-19 17:17:57,320 - INFO - Press 'q' to quit manually
2026-02-19 17:17:58,667 - INFO - Face detected. Idle timer started.
2026-02-19 17:17:58,668 - INFO - RECOGNIZED: vini (confidence: 0.274)
2026-02-19 17:17:58,674 - INFO - Speaking: Hi vini, how are you?
2026-02-19 17:18:01,175 - INFO - Listening... 🎤
2026-02-19 17:18:09,128 - INFO - Recognizing...
2026-02-19 17:18:11,870 - WARNING - Could not understand audio
2026-02-19 17:18:11,871 - WARNING - No response from vini
2026-02-19 17:18:11,873 - INFO - *** ATTENDANCE MARKED: vini at 17:18:11 - Mood: Neutral ***
2026-02-19 17:18:11,875 - INFO - Final attendance for vini with mood Neutral saved to CSV.
2026-02-19 17:18:25,241 - WARNING - Person too close! Face width: 216px
2026-02-19 17:18:28,952 - INFO - No faces detected for 30 seconds
2026-02-19 17:18:28,953 - INFO - ============================================================
2026-02-19 17:18:28,953 - INFO - SESSION SUMMARY
2026-02-19 17:18:28,954 - INFO - ============================================================
2026-02-19 17:18:28,955 - INFO - Frames processed: 76
2026-02-19 17:18:28,955 - INFO - People recognized: 1
2026-02-19 17:18:28,955 - INFO - Names: vini
2026-02-19 17:18:28,956 - INFO - Total attendance today: 1
2026-02-19 17:18:28,956 - INFO - Present: vini
2026-02-19 17:18:28,956 - INFO - Cleaning up...
2026-02-19 17:18:29,297 - INFO - Camera released
2026-02-19 17:18:29,310 - INFO - Windows closed
2026-02-19 17:18:29,323 - INFO - ============================================================
2026-02-19 17:18:29,324 - INFO - SYSTEM STOPPED
2026-02-19 17:18:29,324 - INFO - ============================================================
2026-02-19 18:20:19,351 - INFO - Attendance manager initialized
2026-02-19 18:20:19,694 - INFO - Speech engine initialized ✅
2026-02-19 18:20:19,905 - INFO - Calibrating microphone for ambient noise...
2026-02-19 18:20:20,994 - INFO - Speech recognition initialized
2026-02-19 18:20:20,994 - INFO - ============================================================
2026-02-19 18:20:20,995 - INFO - FACE RECOGNITION ATTENDANCE SYSTEM
2026-02-19 18:20:20,995 - INFO - ============================================================
2026-02-19 18:20:20,996 - INFO - Loading 2 face images...
2026-02-19 18:20:22,328 - INFO - Loaded: Nishit
2026-02-19 18:20:23,865 - INFO - Loaded: vini
2026-02-19 18:20:23,866 - INFO - Total faces loaded: 2
2026-02-19 18:20:23,866 - INFO - Known people: Nishit, vini
2026-02-19 18:20:27,851 - INFO - Opening camera...
2026-02-19 18:20:33,583 - INFO - Camera ready. Looking for faces...
2026-02-19 18:20:33,583 - INFO - Press 'q' to quit manually
2026-02-19 18:20:34,393 - INFO - Face detected. Idle timer started.
2026-02-19 18:20:34,394 - INFO - RECOGNIZED: vini (confidence: 0.312)
2026-02-19 18:20:34,395 - INFO - Speaking: Hi vini, how are you?
2026-02-19 18:20:36,919 - INFO - Listening... 🎤
2026-02-19 18:20:43,030 - INFO - Recognizing...
2026-02-19 18:20:44,583 - INFO - Heard: I am very good
2026-02-19 18:20:44,583 - INFO - Detected happy mood from keyword: good
2026-02-19 18:20:44,585 - INFO - *** ATTENDANCE MARKED: vini at 18:20:44 - Mood: Happy ***
2026-02-19 18:20:44,585 - INFO - Final attendance for vini with mood Happy saved to CSV.
2026-02-19 18:21:04,422 - INFO - No faces detected for 30 seconds
2026-02-19 18:21:04,423 - INFO - ============================================================
2026-02-19 18:21:04,424 - INFO - SESSION SUMMARY
2026-02-19 18:21:04,424 - INFO - ============================================================
2026-02-19 18:21:04,424 - INFO - Frames processed: 103
2026-02-19 18:21:04,425 - INFO - People recognized: 1
2026-02-19 18:21:04,425 - INFO - Names: vini
2026-02-19 18:21:04,426 - INFO - Total attendance today: 1
2026-02-19 18:21:04,426 - INFO - Present: vini
2026-02-19 18:21:04,426 - INFO - Cleaning up...
2026-02-19 18:21:24,458 - INFO - Attendance manager initialized
2026-02-19 18:21:24,665 - INFO - Speech engine initialized ✅
2026-02-19 18:21:24,878 - INFO - Calibrating microphone for ambient noise...
2026-02-19 18:21:25,946 - INFO - Speech recognition initialized
2026-02-19 18:21:25,947 - INFO - ============================================================
2026-02-19 18:21:25,947 - INFO - FACE RECOGNITION ATTENDANCE SYSTEM
2026-02-19 18:21:25,948 - INFO - ============================================================
2026-02-19 18:21:25,948 - INFO - Loading 2 face images...
2026-02-19 18:21:27,010 - INFO - Loaded: Nishit
2026-02-19 18:21:28,059 - INFO - Loaded: vini
2026-02-19 18:21:28,059 - INFO - Total faces loaded: 2
2026-02-19 18:21:28,060 - INFO - Known people: Nishit, vini
2026-02-19 18:21:53,803 - INFO - Opening camera...
2026-02-19 18:22:01,307 - INFO - Camera ready. Looking for faces...
2026-02-19 18:22:01,308 - INFO - Press 'q' to quit manually
2026-02-19 18:22:02,280 - INFO - Face detected. Idle timer started.
2026-02-19 18:22:02,281 - INFO - RECOGNIZED: vini (confidence: 0.341)
2026-02-19 18:22:02,285 - INFO - Speaking: Hi vini, how are you?
2026-02-19 18:22:05,492 - INFO - Listening... 🎤
2026-02-19 18:22:12,474 - INFO - Recognizing...
2026-02-19 18:22:14,482 - WARNING - Could not understand audio
2026-02-19 18:22:14,488 - WARNING - No response from vini
2026-02-19 18:22:14,493 - INFO - *** ATTENDANCE MARKED: vini at 18:22:14 - Mood: Neutral ***
2026-02-19 18:22:14,493 - INFO - Final attendance for vini with mood Neutral saved to CSV.
2026-02-19 18:22:32,738 - INFO - No faces detected for 30 seconds
2026-02-19 18:22:32,738 - INFO - ============================================================
2026-02-19 18:22:32,739 - INFO - SESSION SUMMARY
2026-02-19 18:22:32,739 - INFO - ============================================================
2026-02-19 18:22:32,740 - INFO - Frames processed: 45
2026-02-19 18:22:32,740 - INFO - People recognized: 1
2026-02-19 18:22:32,740 - INFO - Names: vini
2026-02-19 18:22:32,741 - INFO - Total attendance today: 1
2026-02-19 18:22:32,741 - INFO - Present: vini
2026-02-19 18:22:32,741 - INFO - Cleaning up...
2026-02-19 18:22:33,159 - INFO - Camera released
2026-02-19 18:22:33,169 - INFO - Windows closed
2026-02-19 18:22:33,180 - INFO - ============================================================
2026-02-19 18:22:33,185 - INFO - SYSTEM STOPPED
2026-02-19 18:22:33,186 - INFO - ============================================================
2026-02-19 18:23:16,573 - INFO - Already marked today: vini
2026-02-19 18:23:16,574 - INFO - Attendance manager initialized
2026-02-19 18:23:16,939 - INFO - Speech engine initialized ✅
2026-02-19 18:23:17,210 - INFO - Calibrating microphone for ambient noise...
2026-02-19 18:23:18,293 - INFO - Speech recognition initialized
2026-02-19 18:23:18,294 - INFO - ============================================================
2026-02-19 18:23:18,294 - INFO - FACE RECOGNITION ATTENDANCE SYSTEM
2026-02-19 18:23:18,295 - INFO - ============================================================
2026-02-19 18:23:18,296 - INFO - Loading 2 face images...
2026-02-19 18:23:19,695 - INFO - Loaded: Nishit
2026-02-19 18:23:21,363 - INFO - Loaded: vini
2026-02-19 18:23:21,363 - INFO - Total faces loaded: 2
2026-02-19 18:23:21,363 - INFO - Known people: Nishit, vini
2026-02-19 18:23:58,465 - INFO - Opening camera...
2026-02-19 18:24:07,241 - INFO - Camera ready. Looking for faces...
2026-02-19 18:24:07,241 - INFO - Press 'q' to quit manually
2026-02-19 18:24:08,693 - INFO - Face detected. Idle timer started.
2026-02-19 18:24:08,695 - INFO - RECOGNIZED: vini (confidence: 0.296)
2026-02-19 18:24:08,700 - INFO - Speaking: Attendance already marked
2026-02-19 18:24:08,700 - INFO - vini - Attendance already marked today
2026-02-19 18:24:24,006 - WARNING - Person too close! Face width: 216px
2026-02-19 18:24:24,548 - WARNING - Person too close! Face width: 216px
2026-02-19 18:24:25,222 - WARNING - Person too close! Face width: 216px
2026-02-19 18:24:26,012 - WARNING - Person too close! Face width: 216px
2026-02-19 18:24:26,540 - WARNING - Person too close! Face width: 216px
2026-02-19 18:24:28,485 - WARNING - Person too close! Face width: 216px
2026-02-19 18:24:38,632 - WARNING - Person too close! Face width: 216px
2026-02-19 18:24:38,794 - INFO - No faces detected for 30 seconds
2026-02-19 18:24:38,795 - INFO - ============================================================
2026-02-19 18:24:38,795 - INFO - SESSION SUMMARY
2026-02-19 18:24:38,796 - INFO - ============================================================
2026-02-19 18:24:38,797 - INFO - Frames processed: 121
2026-02-19 18:24:38,797 - INFO - People recognized: 1
2026-02-19 18:24:38,798 - INFO - Names: vini
2026-02-19 18:24:38,799 - INFO - Total attendance today: 1
2026-02-19 18:24:38,799 - INFO - Present: vini
2026-02-19 18:24:38,800 - INFO - Cleaning up...
2026-02-19 18:24:39,131 - INFO - Camera released
2026-02-19 18:24:39,135 - INFO - Windows closed
2026-02-19 18:24:39,141 - INFO - ============================================================
2026-02-19 18:24:39,142 - INFO - SYSTEM STOPPED
2026-02-19 18:24:39,143 - INFO - ============================================================
2026-02-19 18:25:59,708 - INFO - Attendance manager initialized
2026-02-19 18:26:00,001 - INFO - Speech engine initialized ✅
2026-02-19 18:26:00,574 - INFO - Calibrating microphone for ambient noise...
2026-02-19 18:26:01,633 - INFO - Speech recognition initialized
2026-02-19 18:26:01,633 - INFO - ============================================================
2026-02-19 18:26:01,633 - INFO - FACE RECOGNITION ATTENDANCE SYSTEM
2026-02-19 18:26:01,634 - INFO - ============================================================
2026-02-19 18:26:01,634 - INFO - Loading 2 face images...
2026-02-19 18:26:02,703 - INFO - Loaded: Nishit
2026-02-19 18:26:03,736 - INFO - Loaded: vini
2026-02-19 18:26:03,737 - INFO - Total faces loaded: 2
2026-02-19 18:26:03,737 - INFO - Known people: Nishit, vini
2026-02-19 18:26:11,606 - INFO - Opening camera...
2026-02-19 18:26:24,771 - INFO - Attendance manager initialized
2026-02-19 18:26:25,012 - INFO - Speech engine initialized ✅
2026-02-19 18:26:25,246 - INFO - Calibrating microphone for ambient noise...
2026-02-19 18:26:26,313 - INFO - Speech recognition initialized
2026-02-19 18:26:26,314 - INFO - ============================================================
2026-02-19 18:26:26,314 - INFO - FACE RECOGNITION ATTENDANCE SYSTEM
2026-02-19 18:26:26,314 - INFO - ============================================================
2026-02-19 18:26:26,315 - INFO - Loading 2 face images...
2026-02-19 18:26:27,365 - INFO - Loaded: Nishit
2026-02-19 18:26:28,363 - INFO - Loaded: vini
2026-02-19 18:26:28,364 - INFO - Total faces loaded: 2
2026-02-19 18:26:28,364 - INFO - Known people: Nishit, vini
2026-02-19 18:26:45,588 - INFO - Opening camera...
2026-02-19 18:26:48,552 - INFO - Camera ready. Looking for faces...
2026-02-19 18:26:48,553 - INFO - Press 'q' to quit manually
2026-02-19 18:26:49,298 - INFO - Face detected. Idle timer started.
2026-02-19 18:26:49,299 - INFO - RECOGNIZED: vini (confidence: 0.297)
2026-02-19 18:26:49,300 - INFO - Speaking: Hi vini, how are you?
2026-02-19 18:26:52,144 - INFO - Listening... 🎤
2026-02-19 18:26:59,262 - INFO - Recognizing...
2026-02-19 18:27:01,149 - INFO - Heard: good night
2026-02-19 18:27:01,149 - INFO - Detected happy mood from keyword: good
2026-02-19 18:27:01,152 - INFO - *** ATTENDANCE MARKED: vini at 18:27:01 - Mood: Happy ***
2026-02-19 18:27:01,160 - INFO - Final attendance for vini with mood Happy saved to CSV.
2026-02-19 18:27:19,354 - INFO - No faces detected for 30 seconds
2026-02-19 18:27:19,354 - INFO - ============================================================
2026-02-19 18:27:19,354 - INFO - SESSION SUMMARY
2026-02-19 18:27:19,355 - INFO - ============================================================
2026-02-19 18:27:19,355 - INFO - Frames processed: 50
2026-02-19 18:27:19,356 - INFO - People recognized: 1
2026-02-19 18:27:19,356 - INFO - Names: vini
2026-02-19 18:27:19,357 - INFO - Total attendance today: 1
2026-02-19 18:27:19,358 - INFO - Present: vini
2026-02-19 18:27:19,358 - INFO - Cleaning up...
2026-02-19 18:27:19,659 - INFO - Camera released
2026-02-19 18:27:19,673 - INFO - Windows closed
2026-02-19 18:27:19,679 - INFO - ============================================================
2026-02-19 18:27:19,679 - INFO - SYSTEM STOPPED
2026-02-19 18:27:19,680 - INFO - ============================================================
2026-02-19 18:28:06,124 - INFO - Attendance manager initialized
2026-02-19 18:28:06,587 - INFO - Speech engine initialized ✅
2026-02-19 18:28:06,946 - INFO - Calibrating microphone for ambient noise...
2026-02-19 18:28:08,043 - INFO - Speech recognition initialized
2026-02-19 18:28:08,043 - INFO - ============================================================
2026-02-19 18:28:08,044 - INFO - FACE RECOGNITION ATTENDANCE SYSTEM
2026-02-19 18:28:08,045 - INFO - ============================================================
2026-02-19 18:28:08,050 - INFO - Loading 2 face images...
2026-02-19 18:28:09,590 - INFO - Loaded: Nishit
2026-02-19 18:28:11,127 - INFO - Loaded: vini
2026-02-19 18:28:11,127 - INFO - Total faces loaded: 2
2026-02-19 18:28:11,127 - INFO - Known people: Nishit, vini
2026-02-19 18:28:27,945 - INFO - Opening camera...
2026-02-19 18:28:35,294 - INFO - Camera ready. Looking for faces...
2026-02-19 18:28:35,295 - INFO - Press 'q' to quit manually
2026-02-19 18:28:36,239 - INFO - Face detected. Idle timer started.
2026-02-19 18:28:36,240 - INFO - RECOGNIZED: vini (confidence: 0.284)
2026-02-19 18:28:36,242 - INFO - Speaking: Hi vini, how are you?
2026-02-19 18:28:39,341 - INFO - Listening... 🎤
2026-02-19 18:28:52,395 - INFO - Recognizing...
2026-02-19 18:28:54,357 - WARNING - Could not understand audio
2026-02-19 18:28:54,358 - WARNING - No response from vini
2026-02-19 18:28:54,360 - INFO - *** ATTENDANCE MARKED: vini at 18:28:54 - Mood: Neutral ***
2026-02-19 18:28:54,361 - INFO - Final attendance for vini with mood Neutral saved to CSV.
2026-02-19 18:29:06,625 - INFO - No faces detected for 30 seconds
2026-02-19 18:29:06,626 - INFO - ============================================================
2026-02-19 18:29:06,626 - INFO - SESSION SUMMARY
2026-02-19 18:29:06,626 - INFO - ============================================================
2026-02-19 18:29:06,626 - INFO - Frames processed: 45
2026-02-19 18:29:06,627 - INFO - People recognized: 1
2026-02-19 18:29:06,627 - INFO - Names: vini
2026-02-19 18:29:06,627 - INFO - Total attendance today: 1
2026-02-19 18:29:06,627 - INFO - Present: vini
2026-02-19 18:29:06,628 - INFO - Cleaning up...
2026-02-19 18:29:06,955 - INFO - Camera released
2026-02-19 18:29:06,960 - INFO - Windows closed
2026-02-19 18:29:06,967 - INFO - ============================================================
2026-02-19 18:29:06,968 - INFO - SYSTEM STOPPED
2026-02-19 18:29:06,970 - INFO - ============================================================
2026-02-19 18:29:49,561 - INFO - Attendance manager initialized
2026-02-19 18:29:49,784 - INFO - Speech engine initialized ✅
2026-02-19 18:29:50,353 - INFO - Calibrating microphone for ambient noise...
2026-02-19 18:29:51,420 - INFO - Speech recognition initialized
2026-02-19 18:29:51,420 - INFO - ============================================================
2026-02-19 18:29:51,421 - INFO - FACE RECOGNITION ATTENDANCE SYSTEM
2026-02-19 18:29:51,421 - INFO - ============================================================
2026-02-19 18:29:51,422 - INFO - Loading 2 face images...
2026-02-19 18:29:52,439 - INFO - Loaded: Nishit
2026-02-19 18:29:53,474 - INFO - Loaded: vini
2026-02-19 18:29:53,474 - INFO - Total faces loaded: 2
2026-02-19 18:29:53,475 - INFO - Known people: Nishit, vini
2026-02-19 18:30:13,891 - INFO - Opening camera...
2026-02-19 18:30:21,691 - INFO - Camera ready. Looking for faces...
2026-02-19 18:30:21,691 - INFO - Press 'q' to quit manually
2026-02-19 18:30:22,642 - INFO - Face detected. Idle timer started.
2026-02-19 18:30:22,643 - INFO - RECOGNIZED: vini (confidence: 0.261)
2026-02-19 18:30:22,651 - INFO - Speaking: Hi vini, how are you?
2026-02-19 18:30:25,376 - INFO - Listening... 🎤
2026-02-19 18:30:38,968 - INFO - Recognizing...
2026-02-19 18:30:41,431 - INFO - Heard: Airtel office
2026-02-19 18:30:41,432 - INFO - Neutral mood detected
2026-02-19 18:30:41,433 - INFO - *** ATTENDANCE MARKED: vini at 18:30:41 - Mood: Neutral ***
2026-02-19 18:30:41,434 - INFO - Final attendance for vini with mood Neutral saved to CSV.
2026-02-19 18:30:53,290 - INFO - No faces detected for 30 seconds
2026-02-19 18:30:53,290 - INFO - ============================================================
2026-02-19 18:30:53,291 - INFO - SESSION SUMMARY
2026-02-19 18:30:53,291 - INFO - ============================================================
2026-02-19 18:30:53,292 - INFO - Frames processed: 46
2026-02-19 18:30:53,292 - INFO - People recognized: 1
2026-02-19 18:30:53,293 - INFO - Names: vini
2026-02-19 18:30:53,294 - INFO - Total attendance today: 1
2026-02-19 18:30:53,301 - INFO - Present: vini
2026-02-19 18:30:53,310 - INFO - Cleaning up...
2026-02-19 18:30:53,708 - INFO - Camera released
2026-02-19 18:30:53,725 - INFO - Windows closed
2026-02-19 18:30:53,738 - INFO - ============================================================
2026-02-19 18:30:53,739 - INFO - SYSTEM STOPPED
2026-02-19 18:30:53,740 - INFO - ============================================================
2026-02-19 18:31:27,258 - INFO - Attendance manager initialized
2026-02-19 18:31:27,612 - INFO - Speech engine initialized ✅
2026-02-19 18:31:27,979 - INFO - Calibrating microphone for ambient noise...
2026-02-19 18:31:29,059 - INFO - Speech recognition initialized
2026-02-19 18:31:29,059 - INFO - ============================================================
2026-02-19 18:31:29,060 - INFO - FACE RECOGNITION ATTENDANCE SYSTEM
2026-02-19 18:31:29,061 - INFO - ============================================================
2026-02-19 18:31:29,061 - INFO - Loading 2 face images...
2026-02-19 18:31:30,834 - INFO - Loaded: Nishit
2026-02-19 18:31:32,028 - INFO - Loaded: vini
2026-02-19 18:31:32,028 - INFO - Total faces loaded: 2
2026-02-19 18:31:32,029 - INFO - Known people: Nishit, vini
2026-02-19 18:31:46,255 - INFO - Opening camera...
2026-02-19 18:31:55,330 - INFO - Camera ready. Looking for faces...
2026-02-19 18:31:55,331 - INFO - Press 'q' to quit manually
2026-02-19 18:31:56,278 - INFO - Face detected. Idle timer started.
2026-02-19 18:31:56,280 - INFO - RECOGNIZED: vini (confidence: 0.287)
2026-02-19 18:31:56,281 - INFO - Speaking: Hi vini, how are you?
2026-02-19 18:31:59,067 - INFO - Listening... 🎤
2026-02-19 18:32:14,058 - INFO - Recognizing...
2026-02-19 18:32:15,902 - WARNING - Could not understand audio
2026-02-19 18:32:15,902 - WARNING - No response from vini
2026-02-19 18:32:15,905 - INFO - *** ATTENDANCE MARKED: vini at 18:32:15 - Mood: Neutral ***
2026-02-19 18:32:15,906 - INFO - Final attendance for vini with mood Neutral saved to CSV.
2026-02-19 18:33:59,413 - INFO - Attendance manager initialized
2026-02-19 18:33:59,775 - INFO - Speech engine initialized ✅
2026-02-19 18:33:59,916 - INFO - Calibrating microphone for ambient noise...
2026-02-19 18:34:00,939 - INFO - Speech recognition initialized
2026-02-19 18:34:00,943 - INFO - ============================================================
2026-02-19 18:34:00,945 - INFO - FACE RECOGNITION ATTENDANCE SYSTEM
2026-02-19 18:34:00,946 - INFO - ============================================================
2026-02-19 18:34:00,948 - INFO - Loading 2 face images...
2026-02-19 18:34:02,420 - INFO - Loaded: Nishit
2026-02-19 18:34:03,450 - INFO - Loaded: vini
2026-02-19 18:34:03,451 - INFO - Total faces loaded: 2
2026-02-19 18:34:03,451 - INFO - Known people: Nishit, vini
2026-02-19 18:34:21,599 - INFO - Opening camera...
2026-02-19 18:34:29,646 - INFO - Camera ready. Looking for faces...
2026-02-19 18:34:29,646 - INFO - Press 'q' to quit manually
2026-02-19 18:34:30,613 - INFO - Face detected. Idle timer started.
2026-02-19 18:34:30,613 - INFO - RECOGNIZED: vini (confidence: 0.388)
2026-02-19 18:34:30,616 - INFO - Speaking: Hi vini, how are you?
2026-02-19 18:34:33,408 - INFO - Listening... 🎤
2026-02-19 18:34:46,261 - INFO - Recognizing...
2026-02-19 18:35:00,694 - INFO - No faces detected for 30 seconds
2026-02-19 18:35:00,694 - INFO - ============================================================
2026-02-19 18:35:00,695 - INFO - SESSION SUMMARY
2026-02-19 18:35:00,695 - INFO - ============================================================
2026-02-19 18:35:00,695 - INFO - Frames processed: 49
2026-02-19 18:35:00,696 - INFO - People recognized: 1
2026-02-19 18:35:00,696 - INFO - Names: vini
2026-02-19 18:35:00,696 - INFO - Total attendance today: 0
2026-02-19 18:35:00,697 - INFO - Cleaning up...
2026-02-19 18:35:01,001 - WARNING - Could not understand audio
2026-02-19 18:35:01,003 - WARNING - No response from vini
2026-02-19 18:35:01,006 - INFO - *** ATTENDANCE MARKED: vini at 18:35:01 - Mood: Neutral ***
2026-02-19 18:35:01,007 - INFO - Final attendance for vini with mood Neutral saved to CSV.
2026-02-19 18:35:01,062 - INFO - Camera released
2026-02-19 18:35:01,074 - INFO - Windows closed
2026-02-19 18:35:01,081 - INFO - ============================================================
2026-02-19 18:35:01,081 - INFO - SYSTEM STOPPED
2026-02-19 18:35:01,083 - INFO - ============================================================
2026-02-19 18:36:07,014 - INFO - Attendance manager initialized
2026-02-19 18:36:07,355 - INFO - Speech engine initialized ✅
2026-02-19 18:36:07,476 - INFO - Calibrating microphone for ambient noise...
2026-02-19 18:36:08,491 - INFO - Speech recognition initialized
2026-02-19 18:36:08,492 - INFO - ============================================================
2026-02-19 18:36:08,493 - INFO - FACE RECOGNITION ATTENDANCE SYSTEM
2026-02-19 18:36:08,493 - INFO - ============================================================
2026-02-19 18:36:08,495 - INFO - Loading 2 face images...
2026-02-19 18:36:09,980 - INFO - Loaded: Nishit
2026-02-19 18:36:11,151 - INFO - Loaded: vini
2026-02-19 18:36:11,151 - INFO - Total faces loaded: 2
2026-02-19 18:36:11,151 - INFO - Known people: Nishit, vini
2026-02-19 18:36:28,639 - INFO - Opening camera...
2026-02-19 18:36:37,507 - INFO - Camera ready. Looking for faces...
2026-02-19 18:36:37,507 - INFO - Press 'q' to quit manually
2026-02-19 18:36:38,428 - INFO - Face detected. Idle timer started.
2026-02-19 18:36:38,430 - INFO - RECOGNIZED: vini (confidence: 0.353)
2026-02-19 18:36:38,433 - INFO - Speaking: Hi vini, how are you?
2026-02-19 18:36:41,174 - INFO - Listening... 🎤
2026-02-19 18:36:57,039 - INFO - Recognizing...
2026-02-19 18:37:08,740 - INFO - No faces detected for 30 seconds
2026-02-19 18:37:08,742 - INFO - ============================================================
2026-02-19 18:37:08,742 - INFO - SESSION SUMMARY
2026-02-19 18:37:08,742 - INFO - ============================================================
2026-02-19 18:37:08,743 - INFO - Frames processed: 51
2026-02-19 18:37:08,743 - INFO - People recognized: 1
2026-02-19 18:37:08,744 - INFO - Names: vini
2026-02-19 18:37:08,745 - INFO - Total attendance today: 0
2026-02-19 18:37:08,745 - INFO - Cleaning up...
2026-02-19 18:37:09,084 - INFO - Camera released
2026-02-19 18:37:09,089 - INFO - Windows closed
2026-02-19 18:37:09,096 - INFO - ============================================================
2026-02-19 18:37:09,096 - INFO - SYSTEM STOPPED
2026-02-19 18:37:09,097 - INFO - ============================================================
2026-02-19 18:37:52,341 - INFO - Attendance manager initialized
2026-02-19 18:37:52,674 - INFO - Speech engine initialized ✅
2026-02-19 18:37:52,786 - INFO - Calibrating microphone for ambient noise...
2026-02-19 18:37:53,793 - INFO - Speech recognition initialized
2026-02-19 18:37:53,794 - INFO - ============================================================
2026-02-19 18:37:53,794 - INFO - FACE RECOGNITION ATTENDANCE SYSTEM
2026-02-19 18:37:53,795 - INFO - ============================================================
2026-02-19 18:37:53,795 - INFO - Loading 2 face images...
2026-02-19 18:37:54,924 - INFO - Loaded: Nishit
2026-02-19 18:37:55,973 - INFO - Loaded: vini
2026-02-19 18:37:55,975 - INFO - Total faces loaded: 2
2026-02-19 18:37:55,975 - INFO - Known people: Nishit, vini
2026-02-19 18:38:09,538 - INFO - Opening camera...
2026-02-19 18:38:18,154 - INFO - Camera ready. Looking for faces...
2026-02-19 18:38:18,154 - INFO - Press 'q' to quit manually
2026-02-19 18:38:19,050 - INFO - Face detected. Idle timer started.
2026-02-19 18:38:19,051 - INFO - RECOGNIZED: vini (confidence: 0.310)
2026-02-19 18:38:19,053 - INFO - Speaking: Hi vini, how are you?
2026-02-19 18:38:21,815 - INFO - Listening... 🎤
2026-02-19 18:38:31,478 - INFO - Recognizing...
2026-02-19 18:38:32,751 - WARNING - Could not understand audio
2026-02-19 18:38:32,752 - WARNING - No response from vini
2026-02-19 18:38:32,754 - INFO - *** ATTENDANCE MARKED: vini at 18:38:32 - Mood: Neutral ***
2026-02-19 18:38:32,755 - INFO - Final attendance for vini with mood Neutral saved to CSV.
2026-02-19 18:39:33,664 - INFO - Attendance manager initialized
2026-02-19 18:39:33,890 - INFO - Speech engine initialized ✅
2026-02-19 18:39:34,001 - INFO - Calibrating microphone for ambient noise...
2026-02-19 18:39:35,008 - INFO - Speech recognition initialized
2026-02-19 18:39:35,009 - INFO - ============================================================
2026-02-19 18:39:35,010 - INFO - FACE RECOGNITION ATTENDANCE SYSTEM
2026-02-19 18:39:35,010 - INFO - ============================================================
2026-02-19 18:39:35,012 - INFO - Loading 2 face images...
2026-02-19 18:39:36,095 - INFO - Loaded: Nishit
2026-02-19 18:39:37,167 - INFO - Loaded: vini
2026-02-19 18:39:37,167 - INFO - Total faces loaded: 2
2026-02-19 18:39:37,167 - INFO - Known people: Nishit, vini
2026-02-19 18:39:50,280 - INFO - Opening camera...
2026-02-19 18:39:57,815 - INFO - Camera ready. Looking for faces...
2026-02-19 18:39:57,815 - INFO - Press 'q' to quit manually
2026-02-19 18:39:59,562 - INFO - Face detected. Idle timer started.
2026-02-19 18:39:59,563 - INFO - RECOGNIZED: vini (confidence: 0.455)
2026-02-19 18:39:59,565 - INFO - Speaking: Hi vini, how are you?
2026-02-19 18:40:02,288 - INFO - Listening... 🎤
2026-02-19 18:40:06,478 - INFO - Recognizing...
2026-02-19 18:40:07,689 - INFO - Heard: bed bed
2026-02-19 18:40:07,689 - INFO - Neutral mood detected
2026-02-19 18:40:07,690 - INFO - *** ATTENDANCE MARKED: vini at 18:40:07 - Mood: Neutral ***
2026-02-19 18:40:07,691 - INFO - Final attendance for vini with mood Neutral saved to CSV.
2026-02-19 18:41:04,900 - INFO - Attendance manager initialized
2026-02-19 18:41:05,146 - INFO - Speech engine initialized ✅
2026-02-19 18:41:05,253 - INFO - Calibrating microphone for ambient noise...
2026-02-19 18:41:06,263 - INFO - Speech recognition initialized
2026-02-19 18:41:06,264 - INFO - ============================================================
2026-02-19 18:41:06,265 - INFO - FACE RECOGNITION ATTENDANCE SYSTEM
2026-02-19 18:41:06,266 - INFO - ============================================================
2026-02-19 18:41:06,267 - INFO - Loading 2 face images...
2026-02-19 18:41:07,499 - INFO - Loaded: Nishit
2026-02-19 18:41:09,060 - INFO - Loaded: vini
2026-02-19 18:41:09,060 - INFO - Total faces loaded: 2
2026-02-19 18:41:09,061 - INFO - Known people: Nishit, vini
2026-02-19 18:41:19,965 - INFO - Opening camera...
2026-02-19 18:41:28,729 - INFO - Camera ready. Looking for faces...
2026-02-19 18:41:28,729 - INFO - Press 'q' to quit manually
2026-02-19 18:41:29,679 - INFO - Face detected. Idle timer started.
2026-02-19 18:41:29,679 - INFO - RECOGNIZED: vini (confidence: 0.329)
2026-02-19 18:41:29,682 - INFO - Speaking: Hi vini, how are you?
2026-02-19 18:41:32,570 - INFO - Listening... 🎤
2026-02-19 18:41:40,658 - INFO - Recognizing...
2026-02-19 18:41:41,320 - WARNING - Could not understand audio
2026-02-19 18:41:41,321 - WARNING - No response from vini
2026-02-19 18:41:41,322 - INFO - *** ATTENDANCE MARKED: vini at 18:41:41 - Mood: Neutral ***
2026-02-19 18:41:41,323 - INFO - Final attendance for vini with mood Neutral saved to CSV.
2026-02-19 18:42:27,785 - INFO - Attendance manager initialized
2026-02-19 18:42:28,034 - INFO - Speech engine initialized ✅
2026-02-19 18:42:28,179 - INFO - Calibrating microphone for ambient noise...
2026-02-19 18:42:29,193 - INFO - Speech recognition initialized
2026-02-19 18:42:29,193 - INFO - ============================================================
2026-02-19 18:42:29,194 - INFO - FACE RECOGNITION ATTENDANCE SYSTEM
2026-02-19 18:42:29,194 - INFO - ============================================================
2026-02-19 18:42:29,195 - INFO - Loading 2 face images...
2026-02-19 18:42:31,047 - INFO - Loaded: Nishit
2026-02-19 18:42:32,976 - INFO - Loaded: vini
2026-02-19 18:42:32,977 - INFO - Total faces loaded: 2
2026-02-19 18:42:32,977 - INFO - Known people: Nishit, vini
2026-02-19 18:42:42,183 - INFO - Opening camera...
2026-02-19 18:42:50,939 - INFO - Camera ready. Looking for faces...
2026-02-19 18:42:50,939 - INFO - Press 'q' to quit manually
2026-02-19 18:42:51,954 - INFO - Face detected. Idle timer started.
2026-02-19 18:42:51,955 - INFO - RECOGNIZED: vini (confidence: 0.319)
2026-02-19 18:42:51,957 - INFO - Speaking: Hi vini, how are you?
2026-02-19 18:42:55,035 - INFO - Listening... 🎤
2026-02-19 18:43:02,031 - INFO - Recognizing...
2026-02-19 18:43:02,723 - WARNING - Could not understand audio
2026-02-19 18:43:02,724 - WARNING - No response from vini
2026-02-19 18:43:02,726 - INFO - *** ATTENDANCE MARKED: vini at 18:43:02 - Mood: Neutral ***
2026-02-19 18:43:02,727 - INFO - Final attendance for vini with mood Neutral saved to CSV.
2026-02-19 18:43:08,257 - INFO - RECOGNIZED: Nishit (confidence: 0.365)
2026-02-19 18:43:11,043 - INFO - Listening... 🎤
2026-02-19 18:43:17,532 - INFO - Recognizing...
2026-02-19 18:43:18,798 - WARNING - Could not understand audio
2026-02-19 18:43:18,800 - WARNING - No response from Nishit
2026-02-19 18:43:18,801 - INFO - *** ATTENDANCE MARKED: Nishit at 18:43:18 - Mood: Neutral ***
2026-02-19 18:43:18,803 - INFO - Final attendance for Nishit with mood Neutral saved to CSV.
2026-02-19 18:44:47,268 - INFO - Attendance manager initialized
2026-02-19 18:44:47,550 - INFO - Speech engine initialized ✅
2026-02-19 18:44:47,695 - INFO - Calibrating microphone for ambient noise...
2026-02-19 18:44:48,704 - INFO - Speech recognition initialized
2026-02-19 18:44:48,704 - INFO - ============================================================
2026-02-19 18:44:48,705 - INFO - FACE RECOGNITION ATTENDANCE SYSTEM
2026-02-19 18:44:48,705 - INFO - ============================================================
2026-02-19 18:44:48,706 - INFO - Loading 2 face images...
2026-02-19 18:44:50,114 - INFO - Loaded: Nishit
2026-02-19 18:44:51,144 - INFO - Loaded: vini
2026-02-19 18:44:51,145 - INFO - Total faces loaded: 2
2026-02-19 18:44:51,145 - INFO - Known people: Nishit, vini
2026-02-19 18:45:03,511 - INFO - Opening camera...
2026-02-19 18:45:12,453 - INFO - Camera ready. Looking for faces...
2026-02-19 18:45:12,453 - INFO - Press 'q' to quit manually
2026-02-19 18:45:13,430 - INFO - Face detected. Idle timer started.
2026-02-19 18:45:13,431 - INFO - RECOGNIZED: vini (confidence: 0.363)
2026-02-19 18:45:13,432 - INFO - Speaking: Hi vini, how are you?
2026-02-19 18:45:15,934 - INFO - Listening... 🎤
2026-02-19 18:45:24,266 - INFO - Recognizing...
2026-02-19 18:45:25,597 - WARNING - Could not understand audio
2026-02-19 18:45:25,597 - WARNING - No response from vini
2026-02-19 18:45:25,600 - INFO - *** ATTENDANCE MARKED: vini at 18:45:25 - Mood: Neutral ***
2026-02-19 18:45:25,600 - INFO - Final attendance for vini with mood Neutral saved to CSV.
2026-02-19 18:45:35,508 - INFO - RECOGNIZED: Nishit (confidence: 0.353)
2026-02-19 18:45:38,330 - INFO - Listening... 🎤
2026-02-19 18:45:48,966 - INFO - Recognizing...
2026-02-19 18:45:49,808 - WARNING - Could not understand audio
2026-02-19 18:45:49,809 - WARNING - No response from Nishit
2026-02-19 18:45:49,810 - INFO - *** ATTENDANCE MARKED: Nishit at 18:45:49 - Mood: Neutral ***
2026-02-19 18:45:49,810 - INFO - Final attendance for Nishit with mood Neutral saved to CSV.
2026-02-19 18:46:38,631 - INFO - Attendance manager initialized
2026-02-19 18:46:38,895 - INFO - Speech engine initialized ✅
2026-02-19 18:46:39,005 - INFO - Calibrating microphone for ambient noise...
2026-02-19 18:46:40,021 - INFO - Speech recognition initialized
2026-02-19 18:46:40,022 - INFO - ============================================================
2026-02-19 18:46:40,023 - INFO - FACE RECOGNITION ATTENDANCE SYSTEM
2026-02-19 18:46:40,024 - INFO - ============================================================
2026-02-19 18:46:40,025 - INFO - Loading 2 face images...
2026-02-19 18:46:41,993 - INFO - Loaded: Nishit
2026-02-19 18:46:43,473 - INFO - Loaded: vini
2026-02-19 18:46:43,473 - INFO - Total faces loaded: 2
2026-02-19 18:46:43,474 - INFO - Known people: Nishit, vini
2026-02-19 18:46:54,578 - INFO - Opening camera...
2026-02-19 18:47:02,059 - INFO - Camera ready. Looking for faces...
2026-02-19 18:47:02,060 - INFO - Press 'q' to quit manually
2026-02-19 18:47:03,056 - INFO - Face detected. Idle timer started.
2026-02-19 18:47:03,057 - INFO - RECOGNIZED: vini (confidence: 0.282)
2026-02-19 18:47:03,059 - INFO - Speaking: Hi vini, how are you?
2026-02-19 18:47:05,730 - INFO - Listening... 🎤
2026-02-19 18:47:13,532 - INFO - Recognizing...
2026-02-19 18:47:16,404 - WARNING - Could not understand audio
2026-02-19 18:47:16,405 - WARNING - No response from vini
2026-02-19 18:47:16,408 - INFO - *** ATTENDANCE MARKED: vini at 18:47:16 - Mood: Neutral ***
2026-02-19 18:47:16,408 - INFO - Final attendance for vini with mood Neutral saved to CSV.
2026-02-19 18:47:20,866 - INFO - RECOGNIZED: Nishit (confidence: 0.359)
2026-02-19 18:47:23,372 - INFO - Listening... 🎤
2026-02-19 18:47:33,339 - INFO - Recognizing...
2026-02-19 18:47:34,770 - WARNING - Could not understand audio
2026-02-19 18:47:34,771 - WARNING - No response from Nishit
2026-02-19 18:47:34,772 - INFO - *** ATTENDANCE MARKED: Nishit at 18:47:34 - Mood: Neutral ***
2026-02-19 18:47:34,773 - INFO - Final attendance for Nishit with mood Neutral saved to CSV.
2026-02-19 18:47:53,318 - INFO - No faces detected for 50 seconds
2026-02-19 18:47:53,318 - INFO - ============================================================
2026-02-19 18:47:53,319 - INFO - SESSION SUMMARY
2026-02-19 18:47:53,320 - INFO - ============================================================
2026-02-19 18:47:53,320 - INFO - Frames processed: 78
2026-02-19 18:47:53,321 - INFO - People recognized: 2
2026-02-19 18:47:53,321 - INFO - Names: vini, Nishit
2026-02-19 18:47:53,322 - INFO - Total attendance today: 2
2026-02-19 18:47:53,322 - INFO - Present: vini, Nishit
2026-02-19 18:47:53,323 - INFO - Cleaning up...
2026-02-19 18:47:53,672 - INFO - Camera released
2026-02-19 18:47:53,677 - INFO - Windows closed
2026-02-19 18:47:53,691 - INFO - ============================================================
2026-02-19 18:47:53,691 - INFO - SYSTEM STOPPED
2026-02-19 18:47:53,691 - INFO - ============================================================
2026-02-19 18:49:19,649 - INFO - Attendance manager initialized
2026-02-19 18:49:20,040 - INFO - Speech engine initialized ✅
2026-02-19 18:49:20,206 - INFO - Calibrating microphone for ambient noise...
2026-02-19 18:49:21,224 - INFO - Speech recognition initialized
2026-02-19 18:49:21,225 - INFO - ============================================================
2026-02-19 18:49:21,226 - INFO - FACE RECOGNITION ATTENDANCE SYSTEM
2026-02-19 18:49:21,227 - INFO - ============================================================
2026-02-19 18:49:21,228 - INFO - Loading 2 face images...
2026-02-19 18:49:22,839 - INFO - Loaded: Nishit
2026-02-19 18:49:23,897 - INFO - Loaded: vini
2026-02-19 18:49:23,898 - INFO - Total faces loaded: 2
2026-02-19 18:49:23,898 - INFO - Known people: Nishit, vini
2026-02-19 18:49:37,489 - INFO - Opening camera...
2026-02-19 18:49:45,199 - INFO - Camera ready. Looking for faces...
2026-02-19 18:49:45,199 - INFO - Press 'q' to quit manually
2026-02-19 18:49:46,289 - INFO - Face detected. Idle timer started.
2026-02-19 18:49:46,289 - INFO - RECOGNIZED: vini (confidence: 0.262)
2026-02-19 18:49:46,291 - INFO - Speaking: Hi vini, how are you?
2026-02-19 18:49:49,015 - INFO - Listening... 🎤
2026-02-19 18:49:58,484 - INFO - Recognizing...
2026-02-19 18:50:00,055 - WARNING - Could not understand audio
2026-02-19 18:50:00,057 - WARNING - No response from vini
2026-02-19 18:50:00,059 - INFO - *** ATTENDANCE MARKED: vini at 18:50:00 - Mood: Neutral ***
2026-02-19 18:50:00,061 - INFO - Final attendance for vini with mood Neutral saved to CSV.
2026-02-19 18:50:04,668 - INFO - RECOGNIZED: Nishit (confidence: 0.407)
2026-02-19 18:50:07,774 - INFO - Listening... 🎤
2026-02-19 18:50:13,675 - INFO - Recognizing...
2026-02-19 18:50:14,542 - WARNING - Could not understand audio
2026-02-19 18:50:14,545 - WARNING - No response from Nishit
2026-02-19 18:50:14,550 - INFO - *** ATTENDANCE MARKED: Nishit at 18:50:14 - Mood: Neutral ***
2026-02-19 18:50:14,551 - INFO - Final attendance for Nishit with mood Neutral saved to CSV.
2026-02-19 18:50:36,670 - INFO - No faces detected for 50 seconds
2026-02-19 18:50:36,671 - INFO - ============================================================
2026-02-19 18:50:36,671 - INFO - SESSION SUMMARY
2026-02-19 18:50:36,672 - INFO - ============================================================
2026-02-19 18:50:36,672 - INFO - Frames processed: 103
2026-02-19 18:50:36,673 - INFO - People recognized: 2
2026-02-19 18:50:36,673 - INFO - Names: vini, Nishit
2026-02-19 18:50:36,674 - INFO - Total attendance today: 2
2026-02-19 18:50:36,674 - INFO - Present: vini, Nishit
2026-02-19 18:50:36,675 - INFO - Cleaning up...
2026-02-19 18:50:37,026 - INFO - Camera released
2026-02-19 18:50:37,034 - INFO - Windows closed
2026-02-19 18:50:37,036 - INFO - ============================================================
2026-02-19 18:50:37,036 - INFO - SYSTEM STOPPED
2026-02-19 18:50:37,037 - INFO - ============================================================
2026-02-19 18:50:50,186 - INFO - Attendance manager initialized
2026-02-19 18:50:50,426 - INFO - Speech engine initialized ✅
2026-02-19 18:50:50,532 - INFO - Calibrating microphone for ambient noise...
2026-02-19 18:50:51,543 - INFO - Speech recognition initialized
2026-02-19 18:50:51,545 - INFO - ============================================================
2026-02-19 18:50:51,546 - INFO - FACE RECOGNITION ATTENDANCE SYSTEM
2026-02-19 18:50:51,547 - INFO - ============================================================
2026-02-19 18:50:51,548 - INFO - Loading 2 face images...
2026-02-19 18:50:52,804 - INFO - Loaded: Nishit
2026-02-19 18:50:54,069 - INFO - Loaded: vini
2026-02-19 18:50:54,070 - INFO - Total faces loaded: 2
2026-02-19 18:50:54,071 - INFO - Known people: Nishit, vini
2026-02-19 18:51:03,613 - INFO - Opening camera...
2026-02-19 18:51:11,473 - INFO - Camera ready. Looking for faces...
2026-02-19 18:51:11,473 - INFO - Press 'q' to quit manually
2026-02-19 18:51:12,541 - INFO - Face detected. Idle timer started.
2026-02-19 18:51:12,543 - INFO - RECOGNIZED: vini (confidence: 0.300)
2026-02-19 18:51:12,546 - INFO - Speaking: Hi vini, how are you?
2026-02-19 18:51:15,553 - INFO - Listening... 🎤
2026-02-19 18:51:25,474 - INFO - Recognizing...
2026-02-19 18:51:27,013 - WARNING - Could not understand audio
2026-02-19 18:51:27,014 - WARNING - No response from vini
2026-02-19 18:51:27,015 - INFO - *** ATTENDANCE MARKED: vini at 18:51:27 - Mood: Neutral ***
2026-02-19 18:51:27,015 - INFO - Final attendance for vini with mood Neutral saved to CSV.
2026-02-19 18:51:31,733 - INFO - RECOGNIZED: Nishit (confidence: 0.357)
2026-02-19 18:51:34,236 - INFO - Listening... 🎤
2026-02-19 18:51:42,799 - INFO - Recognizing...
2026-02-19 18:51:44,361 - WARNING - Could not understand audio
2026-02-19 18:51:44,361 - WARNING - No response from Nishit
2026-02-19 18:51:44,362 - INFO - *** ATTENDANCE MARKED: Nishit at 18:51:44 - Mood: Neutral ***
2026-02-19 18:51:44,363 - INFO - Final attendance for Nishit with mood Neutral saved to CSV.
2026-02-19 18:54:41,075 - INFO - Attendance manager initialized
2026-02-19 18:54:41,386 - INFO - Speech engine initialized ✅
2026-02-19 18:54:41,509 - INFO - Calibrating microphone for ambient noise...
2026-02-19 18:54:42,525 - INFO - Speech recognition initialized
2026-02-19 18:54:42,526 - INFO - ============================================================
2026-02-19 18:54:42,527 - INFO - FACE RECOGNITION ATTENDANCE SYSTEM
2026-02-19 18:54:42,528 - INFO - ============================================================
2026-02-19 18:54:42,530 - INFO - Loading 2 face images...
2026-02-19 18:54:44,198 - INFO - Loaded: Nishit
2026-02-19 18:54:45,351 - INFO - Loaded: vini
2026-02-19 18:54:45,352 - INFO - Total faces loaded: 2
2026-02-19 18:54:45,352 - INFO - Known people: Nishit, vini
2026-02-19 18:54:55,593 - INFO - Opening camera...
2026-02-19 18:55:03,331 - INFO - Camera ready. Looking for faces...
2026-02-19 18:55:03,332 - INFO - Press 'q' to quit manually
2026-02-19 18:55:04,372 - INFO - Face detected. Idle timer started.
2026-02-19 18:55:04,373 - INFO - RECOGNIZED: vini (confidence: 0.369)
2026-02-19 18:55:04,374 - INFO - Speaking: Hi vini, how are you?
2026-02-19 18:55:07,074 - INFO - Listening... 🎤
2026-02-19 18:55:17,553 - INFO - Recognizing...
2026-02-19 18:55:19,689 - INFO - Heard: I am tired back
2026-02-19 18:55:19,691 - INFO - Detected sad mood from keyword: tired
2026-02-19 18:55:19,693 - INFO - *** ATTENDANCE MARKED: vini at 18:55:19 - Mood: Sad ***
2026-02-19 18:55:19,695 - INFO - Final attendance for vini with mood Sad saved to CSV.
2026-02-19 18:55:54,808 - INFO - No faces detected for 50 seconds
2026-02-19 18:55:54,808 - INFO - ============================================================
2026-02-19 18:55:54,809 - INFO - SESSION SUMMARY
2026-02-19 18:55:54,810 - INFO - ============================================================
2026-02-19 18:55:54,810 - INFO - Frames processed: 69
2026-02-19 18:55:54,811 - INFO - People recognized: 1
2026-02-19 18:55:54,811 - INFO - Names: vini
2026-02-19 18:55:54,812 - INFO - Total attendance today: 1
2026-02-19 18:55:54,812 - INFO - Present: vini
2026-02-19 18:55:54,813 - INFO - Cleaning up...
2026-02-19 18:55:55,137 - INFO - Camera released
2026-02-19 18:55:55,145 - INFO - Windows closed
2026-02-19 18:55:55,151 - INFO - ============================================================
2026-02-19 18:55:55,151 - INFO - SYSTEM STOPPED
2026-02-19 18:55:55,151 - INFO - ============================================================
2026-02-20 12:07:59,956 - INFO - Attendance manager initialized
2026-02-20 12:08:00,213 - INFO - Speech engine initialized with child-like voice
2026-02-20 12:08:00,213 - INFO - Using voice: HKEY_LOCAL_MACHINE\SOFTWARE\Microsoft\Speech\Voices\Tokens\TTS_MS_EN-US_DAVID_11.0
2026-02-20 12:08:00,377 - INFO - Calibrating microphone for ambient noise...
2026-02-20 12:08:01,434 - INFO - Speech recognition initialized
2026-02-20 12:08:01,435 - INFO - ============================================================
2026-02-20 12:08:01,435 - INFO - FACE RECOGNITION ATTENDANCE SYSTEM
2026-02-20 12:08:01,436 - INFO - ============================================================
2026-02-20 12:08:01,436 - INFO - Loading 2 face images...
2026-02-20 12:08:02,357 - INFO - Loaded: Nishit
2026-02-20 12:08:03,236 - INFO - Loaded: vini
2026-02-20 12:08:03,237 - INFO - Total faces loaded: 2
2026-02-20 12:08:03,237 - INFO - Known people: Nishit, vini
2026-02-20 12:08:06,855 - INFO - Opening camera...
2026-02-20 12:08:11,195 - INFO - ============================================================
2026-02-20 12:08:11,195 - INFO - SAY 'HEY ALEXI' TO START FACE RECOGNITION
2026-02-20 12:08:11,195 - INFO - ============================================================
2026-02-20 12:08:11,195 - INFO - Speaking: Say Hey Alexi to start
2026-02-20 12:14:22,211 - INFO - Attendance manager initialized
2026-02-20 12:14:22,533 - INFO - Speech engine initialized with child-like voice
2026-02-20 12:14:22,534 - INFO - Using voice: HKEY_LOCAL_MACHINE\SOFTWARE\Microsoft\Speech\Voices\Tokens\TTS_MS_EN-US_DAVID_11.0
2026-02-20 12:14:22,755 - INFO - Calibrating microphone for ambient noise...
2026-02-20 12:14:23,815 - INFO - Speech recognition initialized
2026-02-20 12:14:23,815 - INFO - ============================================================
2026-02-20 12:14:23,816 - INFO - FACE RECOGNITION ATTENDANCE SYSTEM
2026-02-20 12:14:23,816 - INFO - ============================================================
2026-02-20 12:14:23,816 - INFO - Loading 2 face images...
2026-02-20 12:14:24,829 - INFO - Loaded: Nishit
2026-02-20 12:14:25,717 - INFO - Loaded: vini
2026-02-20 12:14:25,718 - INFO - Total faces loaded: 2
2026-02-20 12:14:25,719 - INFO - Known people: Nishit, vini
2026-02-20 12:14:28,181 - INFO - Opening camera...
2026-02-20 12:14:33,015 - INFO - ============================================================
2026-02-20 12:14:33,015 - INFO - SAY 'HEY ALEXI' TO START FACE RECOGNITION
2026-02-20 12:14:33,015 - INFO - ============================================================
2026-02-20 12:14:33,016 - INFO - Speaking: Say Hey Alexi to start
2026-02-20 12:22:21,579 - INFO - Attendance manager initialized
2026-02-20 12:22:21,847 - INFO - Speech engine initialized with child-like voice
2026-02-20 12:22:21,848 - INFO - Using voice: HKEY_LOCAL_MACHINE\SOFTWARE\Microsoft\Speech\Voices\Tokens\TTS_MS_EN-US_DAVID_11.0
2026-02-20 12:22:22,028 - INFO - Calibrating microphone for ambient noise...
2026-02-20 12:22:23,082 - INFO - Speech recognition initialized
2026-02-20 12:22:23,082 - INFO - ============================================================
2026-02-20 12:22:23,083 - INFO - FACE RECOGNITION ATTENDANCE SYSTEM
2026-02-20 12:22:23,083 - INFO - ============================================================
2026-02-20 12:22:23,083 - INFO - Loading 2 face images...
2026-02-20 12:22:24,005 - INFO - Loaded: Nishit
2026-02-20 12:22:24,958 - INFO - Loaded: vini
2026-02-20 12:22:24,959 - INFO - Total faces loaded: 2
2026-02-20 12:22:24,959 - INFO - Known people: Nishit, vini
2026-02-20 12:22:27,368 - INFO - Opening camera...
2026-02-20 12:22:31,843 - INFO - ============================================================
2026-02-20 12:22:31,843 - INFO - SAY 'HEY ALEXI' TO START FACE RECOGNITION
2026-02-20 12:22:31,843 - INFO - ============================================================
2026-02-20 12:22:31,843 - INFO - Speaking: Say Hey Alexi to start
2026-02-20 12:28:14,713 - INFO - Attendance manager initialized
2026-02-20 12:28:14,900 - INFO - Speech engine initialized with child-like voice
2026-02-20 12:28:14,900 - INFO - Using voice: HKEY_LOCAL_MACHINE\SOFTWARE\Microsoft\Speech\Voices\Tokens\TTS_MS_EN-US_DAVID_11.0
2026-02-20 12:28:15,493 - INFO - Calibrating microphone for ambient noise...
2026-02-20 12:28:16,551 - INFO - Speech recognition initialized
2026-02-20 12:28:16,552 - INFO - ============================================================
2026-02-20 12:28:16,552 - INFO - FACE RECOGNITION ATTENDANCE SYSTEM
2026-02-20 12:28:16,552 - INFO - ============================================================
2026-02-20 12:28:16,553 - INFO - Loading 2 face images...
2026-02-20 12:28:17,582 - INFO - Loaded: Nishit
2026-02-20 12:28:18,485 - INFO - Loaded: vini
2026-02-20 12:28:18,486 - INFO - Total faces loaded: 2
2026-02-20 12:28:18,486 - INFO - Known people: Nishit, vini
2026-02-20 12:28:21,061 - INFO - Opening camera...
2026-02-20 12:28:25,886 - INFO - ============================================================
2026-02-20 12:28:25,886 - INFO - SAY 'HEY ALEXI' TO START FACE RECOGNITION
2026-02-20 12:28:25,886 - INFO - ============================================================
2026-02-20 12:28:25,886 - INFO - Speaking: Say Hey Alexi to start
2026-02-20 12:32:49,472 - INFO - Attendance manager initialized
2026-02-20 12:32:49,741 - INFO - Speech engine initialized with child-like voice
2026-02-20 12:32:49,741 - INFO - Using voice: HKEY_LOCAL_MACHINE\SOFTWARE\Microsoft\Speech\Voices\Tokens\TTS_MS_EN-US_DAVID_11.0
2026-02-20 12:32:49,960 - INFO - Calibrating microphone for ambient noise...
2026-02-20 12:32:51,017 - INFO - Speech recognition initialized
2026-02-20 12:32:51,017 - INFO - ============================================================
2026-02-20 12:32:51,017 - INFO - FACE RECOGNITION ATTENDANCE SYSTEM
2026-02-20 12:32:51,017 - INFO - ============================================================
2026-02-20 12:32:51,018 - INFO - Loading 2 face images...
2026-02-20 12:32:51,962 - INFO - Loaded: Nishit
2026-02-20 12:32:52,886 - INFO - Loaded: vini
2026-02-20 12:32:52,886 - INFO - Total faces loaded: 2
2026-02-20 12:32:52,886 - INFO - Known people: Nishit, vini
2026-02-20 12:32:55,528 - INFO - Opening camera...
2026-02-20 12:33:00,121 - INFO - ============================================================
2026-02-20 12:33:00,121 - INFO - SAY 'HEY ALEXI' TO START FACE RECOGNITION
2026-02-20 12:33:00,121 - INFO - ============================================================
2026-02-20 12:33:00,121 - INFO - Speaking: Say Hey Alexi to start
2026-02-20 12:41:47,681 - INFO - Attendance manager initialized
2026-02-20 12:41:47,861 - INFO - Speech engine initialized with child-like voice
2026-02-20 12:41:47,862 - INFO - Using voice: HKEY_LOCAL_MACHINE\SOFTWARE\Microsoft\Speech\Voices\Tokens\TTS_MS_EN-US_DAVID_11.0
2026-02-20 12:41:48,075 - INFO - Calibrating microphone for ambient noise...
2026-02-20 12:41:49,135 - INFO - Speech recognition initialized
2026-02-20 12:41:49,136 - INFO - ============================================================
2026-02-20 12:41:49,136 - INFO - FACE RECOGNITION ATTENDANCE SYSTEM
2026-02-20 12:41:49,136 - INFO - ============================================================
2026-02-20 12:41:49,137 - INFO - Loading 2 face images...
2026-02-20 12:41:50,064 - INFO - Loaded: Nishit
2026-02-20 12:41:50,963 - INFO - Loaded: vini
2026-02-20 12:41:50,964 - INFO - Total faces loaded: 2
2026-02-20 12:41:50,964 - INFO - Known people: Nishit, vini
2026-02-20 12:41:53,320 - INFO - Opening camera...
2026-02-20 12:41:57,725 - INFO - ============================================================
2026-02-20 12:41:57,725 - INFO - SAY 'HEY ALEXI' TO START FACE RECOGNITION
2026-02-20 12:41:57,725 - INFO - ============================================================
2026-02-20 12:41:57,725 - INFO - Speaking: Say Hey Alexi to start
2026-02-20 12:47:06,855 - INFO - Attendance manager initialized
2026-02-20 12:47:07,027 - INFO - Speech engine initialized with child-like voice
2026-02-20 12:47:07,027 - INFO - Using voice: HKEY_LOCAL_MACHINE\SOFTWARE\Microsoft\Speech\Voices\Tokens\TTS_MS_EN-US_DAVID_11.0
2026-02-20 12:47:07,187 - INFO - Calibrating microphone for ambient noise...
2026-02-20 12:47:08,251 - INFO - Speech recognition initialized
2026-02-20 12:47:08,252 - INFO - ============================================================
2026-02-20 12:47:08,252 - INFO - FACE RECOGNITION ATTENDANCE SYSTEM
2026-02-20 12:47:08,252 - INFO - ============================================================
2026-02-20 12:47:08,252 - INFO - Loading 2 face images...
2026-02-20 12:47:09,147 - INFO - Loaded: Nishit
2026-02-20 12:47:10,023 - INFO - Loaded: vini
2026-02-20 12:47:10,023 - INFO - Total faces loaded: 2
2026-02-20 12:47:10,024 - INFO - Known people: Nishit, vini
2026-02-20 12:47:12,394 - INFO - Opening camera...
2026-02-20 12:47:16,769 - INFO - ============================================================
2026-02-20 12:47:16,769 - INFO - SAY 'HEY ALEXI' TO START FACE RECOGNITION
2026-02-20 12:47:16,769 - INFO - ============================================================
2026-02-20 12:47:16,769 - INFO - Speaking: Say Hey Alexi to start
2026-02-20 13:03:24,204 - INFO - Attendance manager initialized
2026-02-20 13:03:24,493 - INFO - Speech engine initialized with child-like voice
2026-02-20 13:03:24,493 - INFO - Using voice: HKEY_LOCAL_MACHINE\SOFTWARE\Microsoft\Speech\Voices\Tokens\TTS_MS_EN-US_DAVID_11.0
2026-02-20 13:03:24,742 - INFO - Calibrating microphone for ambient noise...
2026-02-20 13:03:25,801 - INFO - Speech recognition initialized
2026-02-20 13:03:25,801 - INFO - ============================================================
2026-02-20 13:03:25,801 - INFO - FACE RECOGNITION ATTENDANCE SYSTEM
2026-02-20 13:03:25,801 - INFO - ============================================================
2026-02-20 13:03:25,802 - INFO - Loading 2 face images...
2026-02-20 13:03:27,038 - INFO - Loaded: Nishit
2026-02-20 13:03:27,945 - INFO - Loaded: vini
2026-02-20 13:03:27,945 - INFO - Total faces loaded: 2
2026-02-20 13:03:27,946 - INFO - Known people: Nishit, vini
2026-02-20 13:03:30,452 - INFO - Opening camera...
2026-02-20 13:03:34,868 - INFO - ============================================================
2026-02-20 13:03:34,868 - INFO - SAY 'HEY ALEXI' TO START FACE RECOGNITION
2026-02-20 13:03:34,869 - INFO - ============================================================
2026-02-20 13:03:34,869 - INFO - Speaking: Say Hey Alexi to start
2026-02-20 14:55:42,220 - INFO - Attendance manager initialized
2026-02-20 14:55:42,487 - INFO - Speech engine initialized with child-like voice
2026-02-20 14:55:42,488 - INFO - Using voice: HKEY_LOCAL_MACHINE\SOFTWARE\Microsoft\Speech\Voices\Tokens\TTS_MS_EN-US_DAVID_11.0
2026-02-20 14:55:42,771 - INFO - Calibrating microphone for ambient noise...
2026-02-20 14:55:43,306 - INFO - Speech recognition initialized
2026-02-20 14:55:43,306 - INFO - ============================================================
2026-02-20 14:55:43,306 - INFO - FACE RECOGNITION ATTENDANCE SYSTEM
2026-02-20 14:55:43,307 - INFO - ============================================================
2026-02-20 14:55:43,307 - INFO - Loading 2 face images...
2026-02-20 14:55:44,469 - INFO - Loaded: Nishit
2026-02-20 14:55:45,471 - INFO - Loaded: vini
2026-02-20 14:55:45,471 - INFO - Total faces loaded: 2
2026-02-20 14:55:45,471 - INFO - Known people: Nishit, vini
2026-02-20 14:55:48,142 - INFO - Opening camera...
2026-02-20 14:55:51,041 - INFO - ============================================================
2026-02-20 14:55:51,041 - INFO - SAY 'HEY ALEXI' TO START FACE RECOGNITION
2026-02-20 14:55:51,042 - INFO - ============================================================
2026-02-20 14:55:51,042 - INFO - Speaking: Say Hey Alexi to start
2026-02-20 14:57:20,060 - INFO - Attendance manager initialized
2026-02-20 14:57:20,260 - INFO - Speech engine initialized with child-like voice
2026-02-20 14:57:20,261 - INFO - Using voice: HKEY_LOCAL_MACHINE\SOFTWARE\Microsoft\Speech\Voices\Tokens\TTS_MS_EN-US_DAVID_11.0
2026-02-20 14:57:20,449 - INFO - Calibrating microphone for ambient noise...
2026-02-20 14:57:21,001 - INFO - Speech recognition initialized
2026-02-20 14:57:21,002 - INFO - ============================================================
2026-02-20 14:57:21,002 - INFO - FACE RECOGNITION ATTENDANCE SYSTEM
2026-02-20 14:57:21,003 - INFO - ============================================================
2026-02-20 14:57:21,003 - INFO - Loading 2 face images...
2026-02-20 14:57:21,968 - INFO - Loaded: Nishit
2026-02-20 14:57:22,889 - INFO - Loaded: vini
2026-02-20 14:57:22,889 - INFO - Total faces loaded: 2
2026-02-20 14:57:22,890 - INFO - Known people: Nishit, vini
2026-02-20 14:57:24,705 - INFO - Opening camera...
2026-02-20 14:57:27,576 - INFO - ============================================================
2026-02-20 14:57:27,577 - INFO - SAY 'HEY ALEXI' TO START FACE RECOGNITION
2026-02-20 14:57:27,578 - INFO - ============================================================
2026-02-20 14:57:27,578 - INFO - Speaking: Say Hey Alexi to start
2026-02-20 15:18:05,121 - INFO - Attendance manager initialized
2026-02-20 15:18:05,391 - INFO - Speech engine initialized with child-like voice
2026-02-20 15:18:05,392 - INFO - Using voice: HKEY_LOCAL_MACHINE\SOFTWARE\Microsoft\Speech\Voices\Tokens\TTS_MS_EN-US_DAVID_11.0
2026-02-20 15:18:05,638 - INFO - Calibrating microphone for ambient noise...
2026-02-20 15:18:06,210 - INFO - Speech recognition initialized
2026-02-20 15:18:06,211 - INFO - ============================================================
2026-02-20 15:18:06,212 - INFO - FACE RECOGNITION ATTENDANCE SYSTEM
2026-02-20 15:18:06,212 - INFO - ============================================================
2026-02-20 15:18:06,213 - INFO - Loading 2 face images...
2026-02-20 15:18:07,288 - INFO - Loaded: Nishit
2026-02-20 15:18:08,220 - INFO - Loaded: vini
2026-02-20 15:18:08,220 - INFO - Total faces loaded: 2
2026-02-20 15:18:08,221 - INFO - Known people: Nishit, vini
2026-02-20 15:18:10,286 - INFO - Opening camera...
2026-02-20 15:18:13,135 - INFO - ============================================================
2026-02-20 15:18:13,136 - INFO - SAY 'HEY ALEXI' TO START FACE RECOGNITION
2026-02-20 15:18:13,136 - INFO - ============================================================
2026-02-20 15:18:13,136 - INFO - Speaking: Say Hey Alexi to start
2026-02-20 15:24:19,029 - INFO - Attendance manager initialized
2026-02-20 15:24:19,245 - INFO - Speech engine initialized with child-like voice
2026-02-20 15:24:19,245 - INFO - Using voice: HKEY_LOCAL_MACHINE\SOFTWARE\Microsoft\Speech\Voices\Tokens\TTS_MS_EN-US_DAVID_11.0
2026-02-20 15:24:19,467 - INFO - Calibrating microphone for ambient noise...
2026-02-20 15:24:20,008 - INFO - Speech recognition initialized
2026-02-20 15:24:29,664 - INFO - Mimi is active and bypassing wake word for Frontend...
2026-02-20 15:24:29,665 - INFO - Speaking: I am awake and looking for you!
2026-02-20 15:26:55,884 - INFO - Attendance manager initialized
2026-02-20 15:26:56,316 - INFO - Speech engine initialized with child-like voice
2026-02-20 15:26:56,316 - INFO - Using voice: HKEY_LOCAL_MACHINE\SOFTWARE\Microsoft\Speech\Voices\Tokens\TTS_MS_EN-US_DAVID_11.0
2026-02-20 15:26:56,635 - INFO - Calibrating microphone for ambient noise...
2026-02-20 15:26:57,198 - INFO - Speech recognition initialized
2026-02-20 15:27:07,813 - INFO - Mimi is active and bypassing wake word for Frontend...
2026-02-20 15:27:07,813 - INFO - Speaking: I am awake and looking for you!
2026-02-20 15:42:45,308 - INFO - Attendance manager initialized
2026-02-20 15:42:45,577 - INFO - Speech engine initialized ✅
2026-02-20 15:42:45,884 - INFO - Calibrating microphone for ambient noise...
2026-02-20 15:42:46,956 - INFO - Speech recognition initialized
2026-02-20 15:42:46,956 - INFO - ============================================================
2026-02-20 15:42:46,957 - INFO - FACE RECOGNITION ATTENDANCE SYSTEM
2026-02-20 15:42:46,957 - INFO - ============================================================
2026-02-20 15:42:46,957 - INFO - Loading 2 face images...
2026-02-20 15:42:48,084 - INFO - Loaded: Nishit
2026-02-20 15:42:49,369 - INFO - Loaded: vini
2026-02-20 15:42:49,370 - INFO - Total faces loaded: 2
2026-02-20 15:42:49,370 - INFO - Known people: Nishit, vini
2026-02-20 15:42:51,650 - INFO - Opening camera...
2026-02-20 15:42:57,362 - INFO - Camera ready. Looking for faces...
2026-02-20 15:42:57,362 - INFO - Press 'q' to quit manually
2026-02-20 15:42:58,176 - INFO - Face detected. Idle timer started.
2026-02-20 15:42:58,190 - INFO - RECOGNIZED: vini (confidence: 0.306)
2026-02-20 15:42:58,192 - INFO - Speaking: Hi vini, how are you?
2026-02-20 15:43:00,970 - INFO - Listening... 🎤
2026-02-20 15:43:06,395 - INFO - Recognizing...
2026-02-20 15:43:27,341 - WARNING - Could not understand audio
2026-02-20 15:43:27,343 - WARNING - No response from vini
2026-02-20 15:43:27,345 - INFO - *** ATTENDANCE MARKED: vini at 15:43:27 - Mood: Neutral ***
2026-02-20 15:43:27,346 - INFO - Final attendance for vini with mood Neutral saved to CSV.
2026-02-20 15:43:48,206 - INFO - No faces detected for 50 seconds
2026-02-20 15:43:48,207 - INFO - ============================================================
2026-02-20 15:43:48,208 - INFO - SESSION SUMMARY
2026-02-20 15:43:48,208 - INFO - ============================================================
2026-02-20 15:43:48,209 - INFO - Frames processed: 126
2026-02-20 15:43:48,209 - INFO - People recognized: 1
2026-02-20 15:43:48,210 - INFO - Names: vini
2026-02-20 15:43:48,210 - INFO - Total attendance today: 1
2026-02-20 15:43:48,211 - INFO - Present: vini
2026-02-20 15:43:48,212 - INFO - Cleaning up...
2026-02-20 15:43:48,555 - INFO - Camera released
2026-02-20 15:43:48,562 - INFO - Windows closed
2026-02-20 15:43:48,575 - INFO - ============================================================
2026-02-20 15:43:48,575 - INFO - SYSTEM STOPPED
2026-02-20 15:43:48,576 - INFO - ============================================================
2026-02-20 16:09:09,509 - INFO - Attendance manager initialized
2026-02-20 16:09:10,228 - INFO - Speech engine initialized ✅
2026-02-20 16:09:10,716 - INFO - Calibrating microphone for ambient noise...
2026-02-20 16:09:11,782 - INFO - Speech recognition initialized
2026-02-20 16:09:11,783 - INFO - ============================================================
2026-02-20 16:09:11,783 - INFO - FACE RECOGNITION ATTENDANCE SYSTEM
2026-02-20 16:09:11,783 - INFO - ============================================================
2026-02-20 16:09:11,784 - INFO - Loading 2 face images...
2026-02-20 16:09:12,956 - INFO - Loaded: Nishit
2026-02-20 16:09:13,936 - INFO - Loaded: vini
2026-02-20 16:09:13,937 - INFO - Total faces loaded: 2
2026-02-20 16:09:13,937 - INFO - Known people: Nishit, vini
2026-02-20 16:09:16,301 - INFO - Opening camera...
2026-02-20 16:09:21,936 - INFO - Camera ready. Looking for faces...
2026-02-20 16:09:21,936 - INFO - Press 'q' to quit manually
2026-02-20 16:09:22,767 - INFO - Face detected. Idle timer started.
2026-02-20 16:09:22,771 - INFO - RECOGNIZED: vini (confidence: 0.305)
2026-02-20 16:09:22,774 - INFO - Speaking: Hi vini, how are you?
2026-02-20 16:09:25,696 - INFO - Listening... 🎤
2026-02-20 16:09:33,384 - INFO - Recognizing...
2026-02-20 16:09:34,937 - INFO - Heard: MI
2026-02-20 16:09:34,937 - INFO - Neutral mood detected
2026-02-20 16:09:34,939 - INFO - *** ATTENDANCE MARKED: vini at 16:09:34 - Mood: Neutral ***
2026-02-20 16:09:34,939 - INFO - Final attendance for vini with mood Neutral saved to CSV.
2026-02-20 16:10:12,773 - INFO - No faces detected for 50 seconds
2026-02-20 16:10:12,775 - INFO - ============================================================
2026-02-20 16:10:12,775 - INFO - SESSION SUMMARY
2026-02-20 16:10:12,775 - INFO - ============================================================
2026-02-20 16:10:12,776 - INFO - Frames processed: 190
2026-02-20 16:10:12,776 - INFO - People recognized: 1
2026-02-20 16:10:12,777 - INFO - Names: vini
2026-02-20 16:10:12,778 - INFO - Total attendance today: 1
2026-02-20 16:10:12,778 - INFO - Present: vini
2026-02-20 16:10:12,779 - INFO - Cleaning up...
2026-02-20 16:10:13,109 - INFO - Camera released
2026-02-20 16:10:13,119 - INFO - Windows closed
2026-02-20 16:10:13,132 - INFO - ============================================================
2026-02-20 16:10:13,133 - INFO - SYSTEM STOPPED
2026-02-20 16:10:13,133 - INFO - ============================================================
2026-02-20 16:50:46,938 - INFO - Already marked today: vini
2026-02-20 16:50:46,939 - INFO - Attendance manager initialized
2026-02-20 16:50:47,219 - INFO - Speech engine initialized ✅
2026-02-20 16:50:47,560 - INFO - Calibrating microphone for ambient noise...
2026-02-20 16:50:48,626 - INFO - Speech recognition initialized
2026-02-20 16:50:48,627 - INFO - ============================================================
2026-02-20 16:50:48,627 - INFO - FACE RECOGNITION ATTENDANCE SYSTEM
2026-02-20 16:50:48,628 - INFO - ============================================================
2026-02-20 16:50:48,630 - INFO - Loading 2 face images...
2026-02-20 16:50:49,867 - INFO - Loaded: Nishit
2026-02-20 16:50:51,039 - INFO - Loaded: vini
2026-02-20 16:50:51,040 - INFO - Total faces loaded: 2
2026-02-20 16:50:51,040 - INFO - Known people: Nishit, vini
2026-02-20 16:50:53,849 - INFO - Opening camera...
2026-02-20 16:51:00,081 - INFO - Camera ready. Looking for faces...
2026-02-20 16:51:00,081 - INFO - Press 'q' to quit manually
2026-02-20 16:51:00,898 - INFO - Face detected. Idle timer started.
2026-02-20 16:51:00,899 - INFO - RECOGNIZED: vini (confidence: 0.262)
2026-02-20 16:51:00,901 - INFO - Speaking: Attendance already marked
2026-02-20 16:51:00,901 - INFO - vini - Attendance already marked today
2026-02-20 16:51:02,146 - WARNING - Person too close! Face width: 216px
2026-02-20 16:51:19,152 - WARNING - Person too close! Face width: 216px
2026-02-20 16:51:51,729 - INFO - No faces detected for 50 seconds
2026-02-20 16:51:51,730 - INFO - ============================================================
2026-02-20 16:51:51,731 - INFO - SESSION SUMMARY
2026-02-20 16:51:51,731 - INFO - ============================================================
2026-02-20 16:51:51,732 - INFO - Frames processed: 75
2026-02-20 16:51:51,733 - INFO - People recognized: 1
2026-02-20 16:51:51,733 - INFO - Names: vini
2026-02-20 16:51:51,734 - INFO - Total attendance today: 1
2026-02-20 16:51:51,734 - INFO - Present: vini
2026-02-20 16:51:51,735 - INFO - Cleaning up...
2026-02-20 16:51:52,086 - INFO - Camera released
2026-02-20 16:51:52,091 - INFO - Windows closed
2026-02-20 16:51:52,107 - INFO - ============================================================
2026-02-20 16:51:52,107 - INFO - SYSTEM STOPPED
2026-02-20 16:51:52,108 - INFO - ============================================================
2026-02-20 17:01:55,457 - INFO - Already marked today: vini
2026-02-20 17:01:55,458 - INFO - Attendance manager initialized
2026-02-20 17:01:55,739 - INFO - Speech engine initialized ✅
2026-02-20 17:01:55,982 - INFO - Calibrating microphone for ambient noise...
2026-02-20 17:01:57,049 - INFO - Speech recognition initialized
2026-02-20 17:01:57,050 - INFO - ============================================================
2026-02-20 17:01:57,050 - INFO - FACE RECOGNITION ATTENDANCE SYSTEM
2026-02-20 17:01:57,051 - INFO - ============================================================
2026-02-20 17:01:57,052 - INFO - Loading 2 face images...
2026-02-20 17:01:58,143 - INFO - Loaded: Nishit
2026-02-20 17:01:59,147 - INFO - Loaded: vini
2026-02-20 17:01:59,147 - INFO - Total faces loaded: 2
2026-02-20 17:01:59,148 - INFO - Known people: Nishit, vini
2026-02-20 17:02:01,358 - INFO - Opening camera...
2026-02-20 17:02:07,179 - INFO - Camera ready. Looking for faces...
2026-02-20 17:02:07,179 - INFO - Press 'q' to quit manually
2026-02-20 17:02:08,097 - INFO - Face detected. Idle timer started.
2026-02-20 17:02:08,097 - INFO - RECOGNIZED: vini (confidence: 0.317)
2026-02-20 17:02:08,099 - INFO - Speaking: Attendance already marked
2026-02-20 17:02:08,099 - INFO - vini - Attendance already marked today
2026-02-20 17:05:12,350 - INFO - Already marked today: vini
2026-02-20 17:05:12,351 - INFO - Attendance manager initialized
2026-02-20 17:05:12,581 - INFO - Speech engine initialized ✅
2026-02-20 17:05:12,781 - INFO - Calibrating microphone for ambient noise...
2026-02-20 17:05:13,844 - INFO - Speech recognition initialized
2026-02-20 17:05:13,844 - INFO - ============================================================
2026-02-20 17:05:13,845 - INFO - FACE RECOGNITION ATTENDANCE SYSTEM
2026-02-20 17:05:13,845 - INFO - ============================================================
2026-02-20 17:05:13,846 - INFO - Loading 2 face images...
2026-02-20 17:05:14,911 - INFO - Loaded: Nishit
2026-02-20 17:05:16,254 - INFO - Loaded: vini
2026-02-20 17:05:16,255 - INFO - Total faces loaded: 2
2026-02-20 17:05:16,255 - INFO - Known people: Nishit, vini
2026-02-20 17:05:20,369 - INFO - Opening camera...
2026-02-20 17:05:26,557 - INFO - Camera ready. Looking for faces...
2026-02-20 17:05:26,557 - INFO - Press 'q' to quit manually
2026-02-20 17:05:27,314 - INFO - Face detected. Idle timer started.
2026-02-20 17:05:27,315 - INFO - RECOGNIZED: vini (confidence: 0.326)
2026-02-20 17:05:27,316 - INFO - Speaking: Attendance already marked
2026-02-20 17:05:27,316 - INFO - vini - Attendance already marked today
2026-02-20 17:05:47,318 - INFO - Attendance manager initialized
2026-02-20 17:05:47,530 - INFO - Speech engine initialized ✅
2026-02-20 17:05:47,785 - INFO - Calibrating microphone for ambient noise...
2026-02-20 17:05:48,851 - INFO - Speech recognition initialized
2026-02-20 17:05:48,852 - INFO - ============================================================
2026-02-20 17:05:48,852 - INFO - FACE RECOGNITION ATTENDANCE SYSTEM
2026-02-20 17:05:48,852 - INFO - ============================================================
2026-02-20 17:05:48,853 - INFO - Loading 2 face images...
2026-02-20 17:05:49,928 - INFO - Loaded: Nishit
2026-02-20 17:05:50,874 - INFO - Loaded: vini
2026-02-20 17:05:50,875 - INFO - Total faces loaded: 2
2026-02-20 17:05:50,875 - INFO - Known people: Nishit, vini
2026-02-20 17:05:58,379 - INFO - Opening camera...
2026-02-20 17:06:04,889 - INFO - Camera ready. Looking for faces...
2026-02-20 17:06:04,889 - INFO - Press 'q' to quit manually
2026-02-20 17:06:05,680 - INFO - Face detected. Idle timer started.
2026-02-20 17:06:05,680 - INFO - RECOGNIZED: vini (confidence: 0.317)
2026-02-20 17:06:05,682 - INFO - Speaking: Hi vini, how are you?
2026-02-20 17:06:08,538 - INFO - Listening... 🎤
2026-02-20 17:06:15,640 - INFO - Recognizing...
2026-02-20 17:06:17,820 - WARNING - Could not understand audio
2026-02-20 17:06:17,820 - WARNING - No response from vini
2026-02-20 17:06:17,822 - INFO - *** ATTENDANCE MARKED: vini at 17:06:17 - Mood: Neutral ***
2026-02-20 17:06:17,822 - INFO - Final attendance for vini with mood Neutral saved to CSV.
2026-02-20 17:11:37,302 - INFO - Already marked today: vini
2026-02-20 17:11:37,302 - INFO - Attendance manager initialized
2026-02-20 17:11:37,538 - INFO - Speech engine initialized ✅
2026-02-20 17:11:37,824 - INFO - Calibrating microphone for ambient noise...
2026-02-20 17:11:38,891 - INFO - Speech recognition initialized
2026-02-20 17:11:38,891 - INFO - ============================================================
2026-02-20 17:11:38,892 - INFO - FACE RECOGNITION ATTENDANCE SYSTEM
2026-02-20 17:11:38,892 - INFO - ============================================================
2026-02-20 17:11:38,893 - INFO - Loading 2 face images...
2026-02-20 17:11:40,264 - INFO - Loaded: Nishit
2026-02-20 17:11:41,617 - INFO - Loaded: vini
2026-02-20 17:11:41,617 - INFO - Total faces loaded: 2
2026-02-20 17:11:41,617 - INFO - Known people: Nishit, vini
2026-02-20 17:11:43,399 - INFO - Opening camera...
2026-02-20 17:11:49,818 - INFO - Camera ready. Looking for faces...
2026-02-20 17:11:49,818 - INFO - Press 'q' to quit manually
2026-02-20 17:11:50,802 - INFO - Face detected. Idle timer started.
2026-02-20 17:11:50,802 - INFO - RECOGNIZED: vini (confidence: 0.322)
2026-02-20 17:11:50,805 - INFO - Speaking: Attendance already marked
2026-02-20 17:11:50,805 - INFO - vini - Attendance already marked today
2026-02-20 17:12:41,267 - INFO - No faces detected for 50 seconds
2026-02-20 17:12:41,268 - INFO - ============================================================
2026-02-20 17:12:41,268 - INFO - SESSION SUMMARY
2026-02-20 17:12:41,269 - INFO - ============================================================
2026-02-20 17:12:41,269 - INFO - Frames processed: 106
2026-02-20 17:12:41,269 - INFO - People recognized: 1
2026-02-20 17:12:41,270 - INFO - Names: vini
2026-02-20 17:12:41,270 - INFO - Total attendance today: 1
2026-02-20 17:12:41,271 - INFO - Present: vini
2026-02-20 17:12:41,271 - INFO - Cleaning up...
2026-02-20 17:12:41,604 - INFO - Camera released
2026-02-20 17:12:41,610 - INFO - Windows closed
2026-02-20 17:12:41,615 - INFO - ============================================================
2026-02-20 17:12:41,615 - INFO - SYSTEM STOPPED
2026-02-20 17:12:41,615 - INFO - ============================================================
2026-02-20 17:21:04,680 - INFO - Attendance manager initialized
2026-02-20 17:21:04,924 - INFO - Speech engine initialized ✅
2026-02-20 17:21:05,214 - INFO - Calibrating microphone for ambient noise...
2026-02-20 17:21:06,288 - INFO - Speech recognition initialized
2026-02-20 17:21:06,289 - INFO - ============================================================
2026-02-20 17:21:06,289 - INFO - FACE RECOGNITION ATTENDANCE SYSTEM
2026-02-20 17:21:06,290 - INFO - ============================================================
2026-02-20 17:21:06,290 - INFO - Loading 2 face images...
2026-02-20 17:21:07,702 - INFO - Loaded: Nishit
2026-02-20 17:21:08,768 - INFO - Loaded: vini
2026-02-20 17:21:08,768 - INFO - Total faces loaded: 2
2026-02-20 17:21:08,769 - INFO - Known people: Nishit, vini
2026-02-20 17:21:10,671 - INFO - Opening camera...
2026-02-20 17:21:16,452 - INFO - Camera ready. Looking for faces...
2026-02-20 17:21:16,452 - INFO - Press 'q' to quit manually
2026-02-20 17:21:17,246 - INFO - Face detected. Idle timer started.
2026-02-20 17:21:17,246 - INFO - RECOGNIZED: vini (confidence: 0.284)
2026-02-20 17:21:17,248 - INFO - Speaking: Hi vini, how are you?
2026-02-20 17:21:19,753 - INFO - Listening... 🎤
2026-02-20 17:21:27,451 - INFO - Recognizing...
2026-02-20 17:21:28,979 - WARNING - Could not understand audio
2026-02-20 17:21:28,982 - WARNING - No response from vini
2026-02-20 17:21:28,984 - INFO - *** ATTENDANCE MARKED: vini at 17:21:28 - Mood: Neutral ***
2026-02-20 17:21:28,985 - INFO - Final attendance for vini with mood Neutral saved to CSV.
2026-02-20 17:22:07,264 - INFO - No faces detected for 50 seconds
2026-02-20 17:22:07,264 - INFO - ============================================================
2026-02-20 17:22:07,267 - INFO - SESSION SUMMARY
2026-02-20 17:22:07,267 - INFO - ============================================================
2026-02-20 17:22:07,267 - INFO - Frames processed: 78
2026-02-20 17:22:07,267 - INFO - People recognized: 1
2026-02-20 17:22:07,268 - INFO - Names: vini
2026-02-20 17:22:07,269 - INFO - Total attendance today: 1
2026-02-20 17:22:07,269 - INFO - Present: vini
2026-02-20 17:22:07,270 - INFO - Cleaning up...
2026-02-20 17:22:07,622 - INFO - Camera released
2026-02-20 17:22:07,632 - INFO - Windows closed
2026-02-20 17:22:07,646 - INFO - ============================================================
2026-02-20 17:22:07,646 - INFO - SYSTEM STOPPED
2026-02-20 17:22:07,647 - INFO - ============================================================
2026-02-20 17:22:18,681 - INFO - Opening camera...
2026-02-20 17:22:25,697 - INFO - Camera ready. Looking for faces...
2026-02-20 17:22:25,698 - INFO - Press 'q' to quit manually
2026-02-20 17:22:26,933 - INFO - Face detected. Idle timer started.
2026-02-20 17:27:39,545 - INFO - Attendance manager initialized
2026-02-20 17:27:40,022 - INFO - Speech engine initialized ✅
2026-02-20 17:27:40,434 - INFO - Calibrating microphone for ambient noise...
2026-02-20 17:27:41,492 - INFO - Speech recognition initialized
2026-02-20 17:27:41,492 - INFO - ============================================================
2026-02-20 17:27:41,493 - INFO - FACE RECOGNITION ATTENDANCE SYSTEM
2026-02-20 17:27:41,493 - INFO - ============================================================
2026-02-20 17:27:41,494 - INFO - Loading 2 face images...
2026-02-20 17:27:42,826 - INFO - Loaded: Nishit
2026-02-20 17:27:44,099 - INFO - Loaded: vini
2026-02-20 17:27:44,099 - INFO - Total faces loaded: 2
2026-02-20 17:27:44,100 - INFO - Known people: Nishit, vini
2026-02-20 17:27:44,102 - INFO - Opening camera...
2026-02-20 17:27:50,070 - INFO - Camera ready. Looking for faces...
2026-02-20 17:27:50,070 - INFO - Press 'q' to quit manually
2026-02-20 17:27:50,962 - INFO - Face detected. Idle timer started.
2026-02-20 17:27:50,963 - INFO - RECOGNIZED: vini (confidence: 0.310)
2026-02-20 17:27:50,966 - INFO - Speaking: Hi vini, how are you?
2026-02-20 17:27:53,994 - INFO - Listening... 🎤
2026-02-20 17:28:01,052 - INFO - Recognizing...
2026-02-20 17:28:02,214 - WARNING - Could not understand audio
2026-02-20 17:28:02,214 - WARNING - No response from vini
2026-02-20 17:28:02,215 - INFO - *** ATTENDANCE MARKED: vini at 17:28:02 - Mood: Neutral ***
2026-02-20 17:28:02,216 - INFO - Final attendance for vini with mood Neutral saved to CSV.
2026-02-20 17:28:41,046 - INFO - No faces detected for 50 seconds
2026-02-20 17:28:41,048 - INFO - ============================================================
2026-02-20 17:28:41,048 - INFO - SESSION SUMMARY
2026-02-20 17:28:41,049 - INFO - ============================================================
2026-02-20 17:28:41,049 - INFO - Frames processed: 74
2026-02-20 17:28:41,050 - INFO - People recognized: 1
2026-02-20 17:28:41,050 - INFO - Names: vini
2026-02-20 17:28:41,051 - INFO - Total attendance today: 1
2026-02-20 17:28:41,051 - INFO - Present: vini
2026-02-20 17:28:41,052 - INFO - Cleaning up...
2026-02-20 17:28:41,401 - INFO - Camera released
2026-02-20 17:28:41,409 - INFO - Windows closed
2026-02-20 17:28:41,412 - INFO - ============================================================
2026-02-20 17:28:41,413 - INFO - SYSTEM STOPPED
2026-02-20 17:28:41,413 - INFO - ============================================================
2026-02-20 17:28:57,791 - INFO - Already marked today: vini
2026-02-20 17:28:57,793 - INFO - Attendance manager initialized
2026-02-20 17:28:57,794 - INFO - Speech engine initialized ✅
2026-02-20 17:28:58,363 - INFO - Calibrating microphone for ambient noise...
2026-02-20 17:28:59,474 - INFO - Speech recognition initialized
2026-02-20 17:28:59,476 - INFO - ============================================================
2026-02-20 17:28:59,477 - INFO - FACE RECOGNITION ATTENDANCE SYSTEM
2026-02-20 17:28:59,479 - INFO - ============================================================
2026-02-20 17:28:59,481 - INFO - Loading 2 face images...
2026-02-20 17:29:01,118 - INFO - Loaded: Nishit
2026-02-20 17:29:02,546 - INFO - Loaded: vini
2026-02-20 17:29:02,546 - INFO - Total faces loaded: 2
2026-02-20 17:29:02,547 - INFO - Known people: Nishit, vini
2026-02-20 17:29:02,551 - INFO - Opening camera...
2026-02-20 17:29:09,119 - INFO - Camera ready. Looking for faces...
2026-02-20 17:29:09,119 - INFO - Press 'q' to quit manually
2026-02-20 17:29:09,888 - INFO - Face detected. Idle timer started.
2026-02-20 17:29:09,889 - INFO - RECOGNIZED: vini (confidence: 0.311)
2026-02-20 17:29:09,890 - INFO - Speaking: Attendance already marked
2026-02-20 17:29:09,890 - INFO - vini - Attendance already marked today
2026-02-20 17:29:09,890 - ERROR - TTS error: run loop already started
2026-02-20 17:31:39,625 - INFO - Already marked today: vini
2026-02-20 17:31:39,626 - INFO - Attendance manager initialized
2026-02-20 17:31:39,844 - INFO - Speech engine initialized ✅
2026-02-20 17:31:40,439 - INFO - Calibrating microphone for ambient noise...
2026-02-20 17:31:41,509 - INFO - Speech recognition initialized
2026-02-20 17:31:41,510 - INFO - ============================================================
2026-02-20 17:31:41,510 - INFO - FACE RECOGNITION ATTENDANCE SYSTEM
2026-02-20 17:31:41,510 - INFO - ============================================================
2026-02-20 17:31:41,511 - INFO - Loading 2 face images...
2026-02-20 17:31:42,891 - INFO - Loaded: Nishit
2026-02-20 17:31:43,970 - INFO - Loaded: vini
2026-02-20 17:31:43,970 - INFO - Total faces loaded: 2
2026-02-20 17:31:43,971 - INFO - Known people: Nishit, vini
2026-02-20 17:31:51,657 - INFO - Opening camera...
2026-02-20 17:31:58,043 - INFO - Camera ready. Looking for faces...
2026-02-20 17:31:58,043 - INFO - Press 'q' to quit manually
2026-02-20 17:31:58,884 - INFO - Face detected. Idle timer started.
2026-02-20 17:31:58,886 - INFO - RECOGNIZED: vini (confidence: 0.348)
2026-02-20 17:31:58,888 - INFO - Speaking: Attendance already marked
2026-02-20 17:31:58,888 - INFO - vini - Attendance already marked today
2026-02-20 17:32:49,196 - INFO - No faces detected for 50 seconds
2026-02-20 17:32:49,197 - INFO - ============================================================
2026-02-20 17:32:49,198 - INFO - SESSION SUMMARY
2026-02-20 17:32:49,198 - INFO - ============================================================
2026-02-20 17:32:49,198 - INFO - Frames processed: 194
2026-02-20 17:32:49,199 - INFO - People recognized: 1
2026-02-20 17:32:49,200 - INFO - Names: vini
2026-02-20 17:32:49,200 - INFO - Total attendance today: 1
2026-02-20 17:32:49,200 - INFO - Present: vini
2026-02-20 17:32:49,201 - INFO - Cleaning up...
2026-02-20 17:32:49,547 - INFO - Camera released
2026-02-20 17:32:49,552 - INFO - Windows closed
2026-02-20 17:32:49,567 - INFO - ============================================================
2026-02-20 17:32:49,568 - INFO - SYSTEM STOPPED
2026-02-20 17:32:49,568 - INFO - ============================================================
2026-02-21 15:09:07,075 - INFO - Attendance manager initialized
2026-02-21 15:09:07,530 - INFO - Speech engine initialized ✅
2026-02-21 15:09:08,231 - INFO - Calibrating microphone for ambient noise...
2026-02-21 15:09:09,297 - INFO - Speech recognition initialized
2026-02-21 15:09:09,297 - INFO - ============================================================
2026-02-21 15:09:09,297 - INFO - FACE RECOGNITION ATTENDANCE SYSTEM
2026-02-21 15:09:09,298 - INFO - ============================================================
2026-02-21 15:09:09,298 - INFO - Loading 2 face images...
2026-02-21 15:09:10,443 - INFO - Loaded: Nishit
2026-02-21 15:09:11,430 - INFO - Loaded: vini
2026-02-21 15:09:11,431 - INFO - Total faces loaded: 2
2026-02-21 15:09:11,431 - INFO - Known people: Nishit, vini
2026-02-21 15:12:31,098 - INFO - Opening camera...
2026-02-21 15:12:37,722 - INFO - Camera ready. Looking for faces...
2026-02-21 15:12:37,722 - INFO - Press 'q' to quit manually
2026-02-21 15:12:50,683 - INFO - Face detected. Idle timer started.
2026-02-21 15:12:50,699 - INFO - RECOGNIZED: vini (confidence: 0.425)
2026-02-21 15:12:50,701 - INFO - Speaking: Hi vini, how are you?
2026-02-21 15:12:53,203 - INFO - Listening... 🎤
2026-02-21 15:12:57,718 - INFO - Recognizing...
2026-02-21 15:12:58,892 - INFO - Heard: I am fine good nice
2026-02-21 15:12:58,894 - INFO - Detected happy mood from keyword: good
2026-02-21 15:12:58,895 - INFO - *** ATTENDANCE MARKED: vini at 15:12:58 - Mood: Happy ***
2026-02-21 15:12:58,896 - INFO - Final attendance for vini with mood Happy saved to CSV.
2026-02-21 15:13:40,742 - INFO - No faces detected for 50 seconds
2026-02-21 15:13:40,743 - INFO - ============================================================
2026-02-21 15:13:40,743 - INFO - SESSION SUMMARY
2026-02-21 15:13:40,744 - INFO - ============================================================
2026-02-21 15:13:40,744 - INFO - Frames processed: 532
2026-02-21 15:13:40,744 - INFO - People recognized: 1
2026-02-21 15:13:40,745 - INFO - Names: vini
2026-02-21 15:13:40,745 - INFO - Total attendance today: 1
2026-02-21 15:13:40,746 - INFO - Present: vini
2026-02-21 15:13:40,746 - INFO - Cleaning up...
2026-02-21 15:13:41,078 - INFO - Camera released
2026-02-21 15:13:41,083 - INFO - Windows closed
2026-02-21 15:13:41,093 - INFO - ============================================================
2026-02-21 15:13:41,094 - INFO - SYSTEM STOPPED
2026-02-21 15:13:41,094 - INFO - ============================================================
2026-02-21 15:17:21,241 - INFO - Attendance manager initialized
2026-02-21 15:17:21,482 - INFO - Speech engine initialized ✅
2026-02-21 15:17:21,696 - INFO - Calibrating microphone for ambient noise...
2026-02-21 15:17:22,753 - INFO - Speech recognition initialized
2026-02-21 15:17:22,753 - INFO - ============================================================
2026-02-21 15:17:22,754 - INFO - FACE RECOGNITION ATTENDANCE SYSTEM
2026-02-21 15:17:22,754 - INFO - ============================================================
2026-02-21 15:17:22,754 - INFO - Loading 2 face images...
2026-02-21 15:17:23,948 - INFO - Loaded: Nishit
2026-02-21 15:17:25,136 - INFO - Loaded: vini
2026-02-21 15:17:25,136 - INFO - Total faces loaded: 2
2026-02-21 15:17:25,137 - INFO - Known people: Nishit, vini
2026-02-21 15:17:48,076 - INFO - Opening camera...
2026-02-21 15:17:54,871 - INFO - Camera ready. Looking for faces...
2026-02-21 15:17:54,871 - INFO - Press 'q' to quit manually
2026-02-21 15:18:47,284 - INFO - Face detected. Idle timer started.
2026-02-21 15:18:47,286 - INFO - RECOGNIZED: vini (confidence: 0.419)
2026-02-21 15:18:47,289 - INFO - Speaking: Hi vini, how are you?
2026-02-21 15:18:50,114 - INFO - Listening... 🎤
2026-02-21 15:18:53,718 - INFO - Recognizing...
2026-02-21 15:18:54,725 - INFO - Heard: tired
2026-02-21 15:18:54,727 - INFO - Detected sad mood from keyword: tired
2026-02-21 15:18:54,729 - INFO - *** ATTENDANCE MARKED: vini at 15:18:54 - Mood: Sad ***
2026-02-21 15:18:54,730 - INFO - Final attendance for vini with mood Sad saved to CSV.
2026-02-21 15:22:58,892 - INFO - Already marked today: vini
2026-02-21 15:22:58,892 - INFO - Attendance manager initialized
2026-02-21 15:22:59,182 - INFO - Speech engine initialized ✅
2026-02-21 15:22:59,432 - INFO - Calibrating microphone for ambient noise...
2026-02-21 15:23:00,522 - INFO - Speech recognition initialized
2026-02-21 15:23:00,522 - INFO - ============================================================
2026-02-21 15:23:00,523 - INFO - FACE RECOGNITION ATTENDANCE SYSTEM
2026-02-21 15:23:00,524 - INFO - ============================================================
2026-02-21 15:23:00,525 - INFO - Loading 2 face images...
2026-02-21 15:23:01,683 - INFO - Loaded: Nishit
2026-02-21 15:23:03,122 - INFO - Loaded: vini
2026-02-21 15:23:03,122 - INFO - Total faces loaded: 2
2026-02-21 15:23:03,123 - INFO - Known people: Nishit, vini
2026-02-21 15:23:08,122 - INFO - Opening camera...
2026-02-21 15:23:13,859 - INFO - Camera ready. Looking for faces...
2026-02-21 15:23:13,860 - INFO - Press 'q' to quit manually
2026-02-21 15:23:15,729 - INFO - Face detected. Idle timer started.
2026-02-21 15:23:15,740 - INFO - RECOGNIZED: vini (confidence: 0.406)
2026-02-21 15:23:15,741 - INFO - Speaking: Attendance already marked
2026-02-21 15:23:15,742 - INFO - vini - Attendance already marked today
2026-02-21 16:59:05,912 - INFO - Attendance manager initialized
2026-02-21 16:59:06,329 - INFO - Speech engine initialized ✅
2026-02-21 16:59:06,876 - INFO - Calibrating microphone for ambient noise...
2026-02-21 16:59:07,945 - INFO - Speech recognition initialized
2026-02-21 16:59:07,946 - INFO - ============================================================
2026-02-21 16:59:07,947 - INFO - FACE RECOGNITION ATTENDANCE SYSTEM
2026-02-21 16:59:07,947 - INFO - ============================================================
2026-02-21 16:59:07,948 - INFO - Loading 2 face images...
2026-02-21 16:59:09,232 - INFO - Loaded: Nishit
2026-02-21 16:59:10,245 - INFO - Loaded: vini
2026-02-21 16:59:10,245 - INFO - Total faces loaded: 2
2026-02-21 16:59:10,245 - INFO - Known people: Nishit, vini
2026-02-21 16:59:15,758 - INFO - Opening camera...
2026-02-21 16:59:22,155 - INFO - Camera ready. Looking for faces...
2026-02-21 16:59:22,156 - INFO - Press 'q' to quit manually
2026-02-21 16:59:23,124 - INFO - Face detected. Idle timer started.
2026-02-21 16:59:23,140 - INFO - RECOGNIZED: vini (confidence: 0.433)
2026-02-21 16:59:23,142 - INFO - Speaking: Hi vini, how are you?
2026-02-21 16:59:25,859 - INFO - Listening... 🎤
2026-02-21 16:59:40,186 - INFO - Recognizing...
2026-02-21 16:59:42,544 - WARNING - Could not understand audio
2026-02-21 16:59:42,545 - WARNING - No response from vini
2026-02-21 16:59:42,546 - INFO - *** ATTENDANCE MARKED: vini at 16:59:42 - Mood: Neutral ***
2026-02-21 16:59:42,547 - INFO - Final attendance for vini with mood Neutral saved to CSV.
2026-02-21 17:09:32,919 - INFO - Attendance manager initialized
2026-02-21 17:09:33,128 - INFO - Speech engine initialized ✅
2026-02-21 17:09:33,644 - INFO - Calibrating microphone for ambient noise...
2026-02-21 17:09:34,700 - INFO - Speech recognition initialized
2026-02-21 17:09:34,700 - INFO - ============================================================
2026-02-21 17:09:34,701 - INFO - FACE RECOGNITION ATTENDANCE SYSTEM
2026-02-21 17:09:34,701 - INFO - ============================================================
2026-02-21 17:09:34,702 - INFO - Loading 2 face images...
2026-02-21 17:09:35,702 - INFO - Loaded: Nishit
2026-02-21 17:09:36,633 - INFO - Loaded: vini
2026-02-21 17:09:36,634 - INFO - Total faces loaded: 2
2026-02-21 17:09:36,634 - INFO - Known people: Nishit, vini
2026-02-21 17:09:54,299 - INFO - Opening camera...
2026-02-21 17:10:02,188 - INFO - Camera ready. Looking for faces...
2026-02-21 17:10:02,189 - INFO - Press 'q' to quit manually
2026-02-21 17:10:03,589 - INFO - Face detected. Idle timer started.
2026-02-21 17:10:03,590 - INFO - RECOGNIZED: vini (confidence: 0.438)
2026-02-21 17:10:03,594 - INFO - Speaking: Hi vini, how are you?
2026-02-21 17:10:06,633 - INFO - Listening... 🎤
2026-02-21 17:10:22,246 - INFO - Recognizing...
2026-02-21 17:10:25,896 - WARNING - Could not understand audio
2026-02-21 17:10:25,897 - WARNING - No response from vini
2026-02-21 17:10:25,898 - INFO - *** ATTENDANCE MARKED: vini at 17:10:25 - Mood: Neutral ***
2026-02-21 17:10:25,899 - INFO - Final attendance for vini with mood Neutral saved to CSV.
2026-02-21 17:11:01,237 - INFO - Attendance manager initialized
2026-02-21 17:11:01,708 - INFO - Speech engine initialized ✅
2026-02-21 17:11:01,963 - INFO - Calibrating microphone for ambient noise...
2026-02-21 17:11:03,052 - INFO - Speech recognition initialized
2026-02-21 17:11:03,052 - INFO - ============================================================
2026-02-21 17:11:03,054 - INFO - FACE RECOGNITION ATTENDANCE SYSTEM
2026-02-21 17:11:03,054 - INFO - ============================================================
2026-02-21 17:11:03,056 - INFO - Loading 2 face images...
2026-02-21 17:11:04,706 - INFO - Loaded: Nishit
2026-02-21 17:11:06,159 - INFO - Loaded: vini
2026-02-21 17:11:06,160 - INFO - Total faces loaded: 2
2026-02-21 17:11:06,160 - INFO - Known people: Nishit, vini
2026-02-21 17:11:27,059 - INFO - Opening camera...
2026-02-21 17:11:34,430 - INFO - Camera ready. Looking for faces...
2026-02-21 17:11:34,430 - INFO - Press 'q' to quit manually
2026-02-21 17:11:35,470 - INFO - Face detected. Idle timer started.
2026-02-21 17:11:35,471 - INFO - RECOGNIZED: vini (confidence: 0.449)
2026-02-21 17:11:35,474 - INFO - Speaking: Hi vini, how are you?
2026-02-21 17:11:38,288 - INFO - Listening... 🎤
2026-02-21 17:11:42,540 - INFO - Recognizing...
2026-02-21 17:11:49,116 - INFO - Heard: I M fine
2026-02-21 17:11:49,116 - INFO - Detected happy mood from keyword: fine
2026-02-21 17:11:49,117 - INFO - *** ATTENDANCE MARKED: vini at 17:11:49 - Mood: Happy ***
2026-02-21 17:11:49,118 - INFO - Final attendance for vini with mood Happy saved to CSV.
2026-02-21 17:13:08,577 - INFO - Attendance manager initialized
2026-02-21 17:13:08,924 - INFO - Speech engine initialized ✅
2026-02-21 17:13:09,447 - INFO - Calibrating microphone for ambient noise...
2026-02-21 17:13:10,540 - INFO - Speech recognition initialized
2026-02-21 17:13:10,540 - INFO - ============================================================
2026-02-21 17:13:10,542 - INFO - FACE RECOGNITION ATTENDANCE SYSTEM
2026-02-21 17:13:10,543 - INFO - ============================================================
2026-02-21 17:13:10,545 - INFO - Loading 2 face images...
2026-02-21 17:13:12,037 - INFO - Loaded: Nishit
2026-02-21 17:13:13,370 - INFO - Loaded: vini
2026-02-21 17:13:13,370 - INFO - Total faces loaded: 2
2026-02-21 17:13:13,371 - INFO - Known people: Nishit, vini
2026-02-21 17:13:28,714 - INFO - Opening camera...
2026-02-21 17:13:36,149 - INFO - Camera ready. Looking for faces...
2026-02-21 17:13:36,149 - INFO - Press 'q' to quit manually
2026-02-21 17:13:37,154 - INFO - Face detected. Idle timer started.
2026-02-21 17:13:37,155 - INFO - RECOGNIZED: vini (confidence: 0.453)
2026-02-21 17:13:37,159 - INFO - Speaking: Hi vini, how are you?
2026-02-21 17:13:39,741 - INFO - Listening... 🎤
2026-02-21 17:13:43,012 - INFO - Recognizing...
2026-02-21 17:13:44,476 - WARNING - Could not understand audio
2026-02-21 17:13:44,476 - WARNING - No response from vini
2026-02-21 17:13:44,477 - INFO - *** ATTENDANCE MARKED: vini at 17:13:44 - Mood: Neutral ***
2026-02-21 17:13:44,478 - INFO - Final attendance for vini with mood Neutral saved to CSV.
2026-02-21 17:14:07,430 - INFO - Attendance manager initialized
2026-02-21 17:14:07,692 - INFO - Speech engine initialized ✅
2026-02-21 17:14:07,927 - INFO - Calibrating microphone for ambient noise...
2026-02-21 17:14:09,019 - INFO - Speech recognition initialized
2026-02-21 17:14:09,020 - INFO - ============================================================
2026-02-21 17:14:09,020 - INFO - FACE RECOGNITION ATTENDANCE SYSTEM
2026-02-21 17:14:09,021 - INFO - ============================================================
2026-02-21 17:14:09,022 - INFO - Loading 2 face images...
2026-02-21 17:14:10,867 - INFO - Loaded: Nishit
2026-02-21 17:14:12,214 - INFO - Loaded: vini
2026-02-21 17:14:12,214 - INFO - Total faces loaded: 2
2026-02-21 17:14:12,215 - INFO - Known people: Nishit, vini
2026-02-21 17:14:36,178 - INFO - Opening camera...
2026-02-21 17:14:43,912 - INFO - Camera ready. Looking for faces...
2026-02-21 17:14:43,912 - INFO - Press 'q' to quit manually
2026-02-21 17:14:44,928 - INFO - Face detected. Idle timer started.
2026-02-21 17:14:44,929 - INFO - RECOGNIZED: vini (confidence: 0.424)
2026-02-21 17:14:44,930 - INFO - Speaking: Hi vini, how are you?
2026-02-21 17:14:47,470 - INFO - Listening... 🎤
2026-02-21 17:14:49,749 - INFO - Recognizing...
2026-02-21 17:14:51,299 - INFO - Heard: I am fine
2026-02-21 17:14:51,300 - INFO - Detected happy mood from keyword: fine
2026-02-21 17:14:51,302 - INFO - *** ATTENDANCE MARKED: vini at 17:14:51 - Mood: Happy ***
2026-02-21 17:14:51,303 - INFO - Final attendance for vini with mood Happy saved to CSV.
2026-02-21 17:18:24,533 - INFO - Attendance manager initialized
2026-02-21 17:18:24,953 - INFO - Speech engine initialized ✅
2026-02-21 17:18:25,205 - INFO - Calibrating microphone for ambient noise...
2026-02-21 17:18:26,316 - INFO - Speech recognition initialized
2026-02-21 17:18:26,318 - INFO - ============================================================
2026-02-21 17:18:26,319 - INFO - FACE RECOGNITION ATTENDANCE SYSTEM
2026-02-21 17:18:26,320 - INFO - ============================================================
2026-02-21 17:18:26,322 - INFO - Loading 2 face images...
2026-02-21 17:18:27,748 - INFO - Loaded: Nishit
2026-02-21 17:18:28,939 - INFO - Loaded: vini
2026-02-21 17:18:28,939 - INFO - Total faces loaded: 2
2026-02-21 17:18:28,940 - INFO - Known people: Nishit, vini
2026-02-21 17:18:41,825 - INFO - Opening camera...
2026-02-21 17:18:48,910 - INFO - Camera ready. Looking for faces...
2026-02-21 17:18:48,910 - INFO - Press 'q' to quit manually
2026-02-21 17:18:49,858 - INFO - Face detected. Idle timer started.
2026-02-21 17:18:49,859 - INFO - RECOGNIZED: vini (confidence: 0.375)
2026-02-21 17:18:49,867 - INFO - Speaking: Hi vini, how are you?
2026-02-21 17:18:52,891 - INFO - Listening... 🎤
2026-02-21 17:18:56,986 - INFO - Recognizing...
2026-02-21 17:18:58,317 - WARNING - Could not understand audio
2026-02-21 17:18:58,317 - WARNING - No response from vini
2026-02-21 17:18:58,318 - INFO - *** ATTENDANCE MARKED: vini at 17:18:58 - Mood: Neutral ***
2026-02-21 17:18:58,318 - INFO - Final attendance for vini with mood Neutral saved to CSV.
2026-02-21 17:20:17,876 - INFO - Attendance manager initialized
2026-02-21 17:20:18,092 - INFO - Speech engine initialized ✅
2026-02-21 17:20:18,343 - INFO - Calibrating microphone for ambient noise...
2026-02-21 17:20:19,417 - INFO - Speech recognition initialized
2026-02-21 17:20:19,418 - INFO - ============================================================
2026-02-21 17:20:19,419 - INFO - FACE RECOGNITION ATTENDANCE SYSTEM
2026-02-21 17:20:19,419 - INFO - ============================================================
2026-02-21 17:20:19,420 - INFO - Loading 2 face images...
2026-02-21 17:20:20,964 - INFO - Loaded: Nishit
2026-02-21 17:20:22,316 - INFO - Loaded: vini
2026-02-21 17:20:22,317 - INFO - Total faces loaded: 2
2026-02-21 17:20:22,318 - INFO - Known people: Nishit, vini
2026-02-21 17:20:34,959 - INFO - Opening camera...
2026-02-21 17:20:42,350 - INFO - Camera ready. Looking for faces...
2026-02-21 17:20:42,350 - INFO - Press 'q' to quit manually
2026-02-21 17:20:43,383 - INFO - Face detected. Idle timer started.
2026-02-21 17:20:43,384 - INFO - RECOGNIZED: vini (confidence: 0.448)
2026-02-21 17:20:43,387 - INFO - Speaking: Hi vini, how are you?
2026-02-21 17:20:45,887 - INFO - Listening... 🎤
2026-02-21 17:21:07,397 - INFO - Recognizing...
2026-02-21 17:21:09,409 - WARNING - Could not understand audio
2026-02-21 17:21:09,410 - WARNING - No response from vini
2026-02-21 17:21:09,412 - INFO - *** ATTENDANCE MARKED: vini at 17:21:09 - Mood: Neutral ***
2026-02-21 17:21:09,412 - INFO - Final attendance for vini with mood Neutral saved to CSV.
2026-02-21 17:42:41,977 - INFO - Attendance manager initialized
2026-02-21 17:42:42,172 - INFO - Speech engine initialized ✅
2026-02-21 17:42:42,738 - INFO - Calibrating microphone for ambient noise...
2026-02-21 17:42:43,834 - INFO - Speech recognition initialized
2026-02-21 17:42:43,835 - INFO - ============================================================
2026-02-21 17:42:43,836 - INFO - FACE RECOGNITION ATTENDANCE SYSTEM
2026-02-21 17:42:43,837 - INFO - ============================================================
2026-02-21 17:42:43,839 - INFO - Loading 2 face images...
2026-02-21 17:42:45,228 - INFO - Loaded: Nishit
2026-02-21 17:42:46,772 - INFO - Loaded: vini
2026-02-21 17:42:46,772 - INFO - Total faces loaded: 2
2026-02-21 17:42:46,772 - INFO - Known people: Nishit, vini
2026-02-21 17:43:01,798 - INFO - Opening camera...
2026-02-21 17:43:08,829 - INFO - Camera ready. Looking for faces...
2026-02-21 17:43:08,829 - INFO - Press 'q' to quit manually
2026-02-21 17:43:09,798 - INFO - Face detected. Idle timer started.
2026-02-21 17:43:09,799 - INFO - RECOGNIZED: vini (confidence: 0.384)
2026-02-21 17:43:09,803 - INFO - Speaking: Hi vini, how are you?
2026-02-21 17:43:12,791 - INFO - Listening... 🎤
2026-02-21 17:43:38,550 - INFO - Recognizing...
2026-02-21 17:43:41,464 - WARNING - Could not understand audio
2026-02-21 17:43:41,467 - WARNING - No response from vini
2026-02-21 17:43:41,471 - INFO - *** ATTENDANCE MARKED: vini at 17:43:41 - Mood: Neutral ***
2026-02-21 17:43:41,473 - INFO - Final attendance for vini with mood Neutral saved to CSV.
2026-02-21 17:43:56,702 - INFO - Already marked today: vini
2026-02-21 17:43:56,704 - INFO - Attendance manager initialized
2026-02-21 17:43:57,013 - INFO - Speech engine initialized ✅
2026-02-21 17:43:57,379 - INFO - Calibrating microphone for ambient noise...
2026-02-21 17:43:58,466 - INFO - Speech recognition initialized
2026-02-21 17:43:58,468 - INFO - ============================================================
2026-02-21 17:43:58,468 - INFO - FACE RECOGNITION ATTENDANCE SYSTEM
2026-02-21 17:43:58,469 - INFO - ============================================================
2026-02-21 17:43:58,471 - INFO - Loading 2 face images...
2026-02-21 17:44:20,292 - INFO - Attendance manager initialized
2026-02-21 17:44:20,492 - INFO - Speech engine initialized ✅
2026-02-21 17:44:21,041 - INFO - Calibrating microphone for ambient noise...
2026-02-21 17:44:22,102 - INFO - Speech recognition initialized
2026-02-21 17:44:22,102 - INFO - ============================================================
2026-02-21 17:44:22,103 - INFO - FACE RECOGNITION ATTENDANCE SYSTEM
2026-02-21 17:44:22,103 - INFO - ============================================================
2026-02-21 17:44:22,103 - INFO - Loading 2 face images...
2026-02-21 17:44:23,272 - INFO - Loaded: Nishit
2026-02-21 17:44:24,359 - INFO - Loaded: vini
2026-02-21 17:44:24,359 - INFO - Total faces loaded: 2
2026-02-21 17:44:24,360 - INFO - Known people: Nishit, vini
2026-02-21 17:44:40,276 - INFO - Opening camera...
2026-02-21 17:44:48,531 - INFO - Camera ready. Looking for faces...
2026-02-21 17:44:48,532 - INFO - Press 'q' to quit manually
2026-02-21 17:44:50,004 - INFO - Face detected. Idle timer started.
2026-02-21 17:44:50,006 - INFO - RECOGNIZED: vini (confidence: 0.368)
2026-02-21 17:44:50,010 - INFO - Speaking: Hi vini, how are you?
2026-02-21 17:44:52,567 - INFO - Listening... 🎤
2026-02-21 17:44:56,840 - INFO - Recognizing...
2026-02-21 17:45:00,321 - INFO - Heard: I am sad
2026-02-21 17:45:00,323 - INFO - Detected sad mood from keyword: sad
2026-02-21 17:45:00,324 - INFO - *** ATTENDANCE MARKED: vini at 17:45:00 - Mood: Sad ***
2026-02-21 17:45:00,325 - INFO - Final attendance for vini with mood Sad saved to CSV.
2026-02-21 21:25:44,065 - INFO - Already marked today: vini
2026-02-21 21:25:44,066 - INFO - Attendance manager initialized
2026-02-21 21:25:44,519 - INFO - Speech engine initialized ✅
2026-02-21 21:25:45,348 - INFO - Calibrating microphone for ambient noise...
2026-02-21 21:25:46,401 - INFO - Speech recognition initialized
2026-02-21 21:25:46,401 - INFO - ============================================================
2026-02-21 21:25:46,402 - INFO - FACE RECOGNITION ATTENDANCE SYSTEM
2026-02-21 21:25:46,402 - INFO - ============================================================
2026-02-21 21:25:46,403 - INFO - Loading 2 face images...
2026-02-21 21:25:47,697 - INFO - Loaded: Nishit
2026-02-21 21:25:48,704 - INFO - Loaded: vini
2026-02-21 21:25:48,704 - INFO - Total faces loaded: 2
2026-02-21 21:25:48,704 - INFO - Known people: Nishit, vini
2026-02-21 21:25:50,975 - INFO - Opening camera...
2026-02-21 21:26:08,387 - INFO - Camera ready. Looking for faces...
2026-02-21 21:26:08,387 - INFO - Press 'q' to quit manually
2026-02-21 21:32:38,050 - INFO - Attendance manager initialized
2026-02-21 21:32:38,326 - INFO - Speech engine initialized ✅
2026-02-21 21:32:38,884 - INFO - Calibrating microphone for ambient noise...
2026-02-21 21:32:39,934 - INFO - Speech recognition initialized
2026-02-21 21:32:39,935 - INFO - ============================================================
2026-02-21 21:32:39,935 - INFO - FACE RECOGNITION ATTENDANCE SYSTEM
2026-02-21 21:32:39,935 - INFO - ============================================================
2026-02-21 21:32:39,936 - INFO - Loading 2 face images...
2026-02-21 21:32:41,035 - INFO - Loaded: Nishit
2026-02-21 21:32:42,093 - INFO - Loaded: vini
2026-02-21 21:32:42,093 - INFO - Total faces loaded: 2
2026-02-21 21:32:42,094 - INFO - Known people: Nishit, vini
2026-02-21 21:32:45,158 - INFO - Opening camera...
2026-02-21 21:32:55,759 - INFO - Camera ready. Looking for faces...
2026-02-21 21:32:55,759 - INFO - Press 'q' to quit manually
2026-02-21 21:32:57,132 - INFO - Face detected. Idle timer started.
2026-02-21 21:32:57,149 - INFO - RECOGNIZED: vini (confidence: 0.455)
2026-02-21 21:32:57,152 - INFO - Speaking: Hi vini, how are you?
2026-02-21 21:33:00,429 - INFO - Listening... 🎤
2026-02-21 21:33:18,336 - INFO - Recognizing...
2026-02-21 21:33:47,252 - INFO - No faces detected for 50 seconds
2026-02-21 21:33:47,253 - INFO - ============================================================
2026-02-21 21:33:47,254 - INFO - SESSION SUMMARY
2026-02-21 21:33:47,254 - INFO - ============================================================
2026-02-21 21:33:47,255 - INFO - Frames processed: 80
2026-02-21 21:33:47,255 - INFO - People recognized: 1
2026-02-21 21:33:47,256 - INFO - Names: vini
2026-02-21 21:33:47,256 - INFO - Total attendance today: 0
2026-02-21 21:33:47,257 - INFO - Cleaning up...
2026-02-21 21:33:47,580 - INFO - Camera released
2026-02-21 21:33:47,592 - INFO - Windows closed
2026-02-21 21:33:47,596 - INFO - ============================================================
2026-02-21 21:33:47,596 - INFO - SYSTEM STOPPED
2026-02-21 21:33:47,597 - INFO - ============================================================
2026-02-21 21:33:47,924 - WARNING - Could not understand audio
2026-02-21 21:33:47,927 - WARNING - No response from vini
2026-02-21 21:33:47,929 - INFO - *** ATTENDANCE MARKED: vini at 21:33:47 - Mood: Neutral ***
2026-02-21 21:33:47,929 - INFO - Final attendance for vini with mood Neutral saved to CSV.
2026-02-21 21:45:45,024 - INFO - Attendance manager initialized
2026-02-21 21:45:45,371 - INFO - Speech engine initialized ✅
2026-02-21 21:45:45,715 - INFO - Calibrating microphone for ambient noise...
2026-02-21 21:45:46,774 - INFO - Speech recognition initialized
2026-02-21 21:45:46,774 - INFO - ============================================================
2026-02-21 21:45:46,775 - INFO - FACE RECOGNITION ATTENDANCE SYSTEM
2026-02-21 21:45:46,775 - INFO - ============================================================
2026-02-21 21:45:46,775 - INFO - Loading 2 face images...
2026-02-21 21:45:48,674 - INFO - Loaded: Nishit
2026-02-21 21:45:50,448 - INFO - Loaded: vini
2026-02-21 21:45:50,448 - INFO - Total faces loaded: 2
2026-02-21 21:45:50,449 - INFO - Known people: Nishit, vini
2026-02-21 21:45:58,775 - INFO - Opening camera...
2026-02-21 21:46:06,621 - INFO - Camera ready. Looking for faces...
2026-02-21 21:46:06,622 - INFO - Press 'q' to quit manually
2026-02-21 21:46:59,392 - INFO - Face detected. Idle timer started.
2026-02-21 21:46:59,394 - INFO - RECOGNIZED: vini (confidence: 0.518)
2026-02-21 21:46:59,397 - INFO - Speaking: Hi vini, how are you?
2026-02-21 21:47:02,884 - INFO - Listening... 🎤
2026-02-21 21:47:10,307 - INFO - Recognizing...
2026-02-21 21:47:11,593 - INFO - Heard: nice
2026-02-21 21:47:11,594 - INFO - Detected happy mood from keyword: nice
2026-02-21 21:47:11,597 - INFO - *** ATTENDANCE MARKED: vini at 21:47:11 - Mood: Happy ***
2026-02-21 21:47:11,598 - INFO - Final attendance for vini with mood Happy saved to CSV.
2026-02-21 21:49:28,047 - INFO - Attendance manager initialized
2026-02-21 21:49:28,443 - INFO - Speech engine initialized ✅
2026-02-21 21:49:29,038 - INFO - Calibrating microphone for ambient noise...
2026-02-21 21:49:30,099 - INFO - Speech recognition initialized
2026-02-21 21:49:30,100 - INFO - ============================================================
2026-02-21 21:49:30,101 - INFO - FACE RECOGNITION ATTENDANCE SYSTEM
2026-02-21 21:49:30,101 - INFO - ============================================================
2026-02-21 21:49:30,103 - INFO - Loading 2 face images...
2026-02-21 21:49:32,232 - INFO - Loaded: Nishit
2026-02-21 21:49:34,647 - INFO - Loaded: vini
2026-02-21 21:49:34,648 - INFO - Total faces loaded: 2
2026-02-21 21:49:34,648 - INFO - Known people: Nishit, vini
2026-02-21 21:49:53,218 - INFO - Opening camera...
2026-02-21 21:50:08,146 - INFO - Camera ready. Looking for faces...
2026-02-21 21:50:08,146 - INFO - Press 'q' to quit manually
2026-02-21 21:50:10,390 - INFO - Face detected. Idle timer started.
2026-02-21 21:50:10,393 - INFO - RECOGNIZED: vini (confidence: 0.423)
2026-02-21 21:50:10,410 - INFO - Speaking: Hi vini, how are you?
2026-02-21 21:50:13,854 - INFO - Listening... 🎤
2026-02-21 21:50:20,986 - INFO - Recognizing...
2026-02-21 21:50:25,682 - WARNING - Could not understand audio
2026-02-21 21:50:25,687 - WARNING - No response from vini
2026-02-21 21:50:25,695 - INFO - *** ATTENDANCE MARKED: vini at 21:50:25 - Mood: Neutral ***
2026-02-21 21:50:25,705 - INFO - Final attendance for vini with mood Neutral saved to CSV.
2026-02-21 21:51:12,662 - INFO - Attendance manager initialized
2026-02-21 21:51:12,926 - INFO - Speech engine initialized ✅
2026-02-21 21:51:13,508 - INFO - Calibrating microphone for ambient noise...
2026-02-21 21:51:14,577 - INFO - Speech recognition initialized
2026-02-21 21:51:14,578 - INFO - ============================================================
2026-02-21 21:51:14,578 - INFO - FACE RECOGNITION ATTENDANCE SYSTEM
2026-02-21 21:51:14,578 - INFO - ============================================================
2026-02-21 21:51:14,579 - INFO - Loading 2 face images...
2026-02-21 21:51:15,974 - INFO - Loaded: Nishit
2026-02-21 21:51:17,225 - INFO - Loaded: vini
2026-02-21 21:51:17,227 - INFO - Total faces loaded: 2
2026-02-21 21:51:17,227 - INFO - Known people: Nishit, vini
2026-02-21 21:51:35,985 - INFO - Opening camera...
2026-02-21 21:51:51,510 - INFO - Camera ready. Looking for faces...
2026-02-21 21:51:51,511 - INFO - Press 'q' to quit manually
2026-02-21 21:51:53,959 - INFO - Face detected. Idle timer started.
2026-02-21 21:51:53,960 - INFO - RECOGNIZED: vini (confidence: 0.406)
2026-02-21 21:51:53,972 - INFO - Speaking: Hi vini, how are you?
2026-02-21 21:51:57,975 - INFO - Listening... 🎤
2026-02-21 21:52:25,381 - INFO - Recognizing...
2026-02-21 21:52:29,719 - INFO - Heard: I am
2026-02-21 21:52:29,720 - INFO - Neutral mood detected
2026-02-21 21:52:29,723 - INFO - *** ATTENDANCE MARKED: vini at 21:52:29 - Mood: Neutral ***
2026-02-21 21:52:29,725 - INFO - Final attendance for vini with mood Neutral saved to CSV.
2026-02-21 21:53:27,314 - INFO - Already marked today: vini
2026-02-21 21:53:27,314 - INFO - Attendance manager initialized
2026-02-21 21:53:27,573 - INFO - Speech engine initialized ✅
2026-02-21 21:53:28,133 - INFO - Calibrating microphone for ambient noise...
2026-02-21 21:53:29,196 - INFO - Speech recognition initialized
2026-02-21 21:53:29,197 - INFO - ============================================================
2026-02-21 21:53:29,197 - INFO - FACE RECOGNITION ATTENDANCE SYSTEM
2026-02-21 21:53:29,198 - INFO - ============================================================
2026-02-21 21:53:29,199 - INFO - Loading 2 face images...
2026-02-21 21:53:30,375 - INFO - Loaded: Nishit
2026-02-21 21:53:31,507 - INFO - Loaded: vini
2026-02-21 21:53:31,508 - INFO - Total faces loaded: 2
2026-02-21 21:53:31,508 - INFO - Known people: Nishit, vini
2026-02-21 21:53:50,570 - INFO - Opening camera...
2026-02-21 21:54:09,446 - INFO - Camera ready. Looking for faces...
2026-02-21 21:54:09,447 - INFO - Press 'q' to quit manually
2026-02-21 21:54:12,087 - INFO - Face detected. Idle timer started.
2026-02-21 21:54:12,090 - INFO - RECOGNIZED: vini (confidence: 0.408)
2026-02-21 21:54:12,096 - INFO - Speaking: Attendance already marked
2026-02-21 21:54:12,096 - INFO - vini - Attendance already marked today
2026-02-21 21:54:38,052 - INFO - Attendance manager initialized
2026-02-21 21:54:38,630 - INFO - Speech engine initialized ✅
2026-02-21 21:54:39,262 - INFO - Calibrating microphone for ambient noise...
2026-02-21 21:54:40,346 - INFO - Speech recognition initialized
2026-02-21 21:54:40,347 - INFO - ============================================================
2026-02-21 21:54:40,348 - INFO - FACE RECOGNITION ATTENDANCE SYSTEM
2026-02-21 21:54:40,349 - INFO - ============================================================
2026-02-21 21:54:40,350 - INFO - Loading 2 face images...
2026-02-21 21:54:43,280 - INFO - Loaded: Nishit
2026-02-21 21:54:46,233 - INFO - Loaded: vini
2026-02-21 21:54:46,233 - INFO - Total faces loaded: 2
2026-02-21 21:54:46,234 - INFO - Known people: Nishit, vini
2026-02-21 21:55:05,301 - INFO - Opening camera...
2026-02-21 21:55:23,683 - INFO - Camera ready. Looking for faces...
2026-02-21 21:55:23,684 - INFO - Press 'q' to quit manually
2026-02-21 21:55:26,543 - INFO - Face detected. Idle timer started.
2026-02-21 21:55:26,545 - INFO - RECOGNIZED: vini (confidence: 0.448)
2026-02-21 21:55:26,553 - INFO - Speaking: Hi vini, how are you?
2026-02-21 21:55:29,054 - INFO - Listening... 🎤
2026-02-21 21:55:35,739 - INFO - Recognizing...
2026-02-21 21:55:41,480 - INFO - Heard: I am
2026-02-21 21:55:41,483 - INFO - Neutral mood detected
2026-02-21 21:55:41,487 - INFO - *** ATTENDANCE MARKED: vini at 21:55:41 - Mood: Neutral ***
2026-02-21 21:55:41,505 - INFO - Final attendance for vini with mood Neutral saved to CSV.
2026-02-21 21:56:52,674 - INFO - Attendance manager initialized
2026-02-21 21:56:53,228 - INFO - Speech engine initialized ✅
2026-02-21 21:56:53,868 - INFO - Calibrating microphone for ambient noise...
2026-02-21 21:56:54,975 - INFO - Speech recognition initialized
2026-02-21 21:56:54,976 - INFO - ============================================================
2026-02-21 21:56:54,977 - INFO - FACE RECOGNITION ATTENDANCE SYSTEM
2026-02-21 21:56:54,978 - INFO - ============================================================
2026-02-21 21:56:54,980 - INFO - Loading 2 face images...
2026-02-21 21:56:56,610 - INFO - Loaded: Nishit
2026-02-21 21:56:57,944 - INFO - Loaded: vini
2026-02-21 21:56:57,945 - INFO - Total faces loaded: 2
2026-02-21 21:56:57,945 - INFO - Known people: Nishit, vini
2026-02-21 21:57:18,142 - INFO - Opening camera...
2026-02-21 21:57:35,597 - INFO - Camera ready. Looking for faces...
2026-02-21 21:57:35,600 - INFO - Press 'q' to quit manually
2026-02-21 21:57:38,591 - INFO - Face detected. Idle timer started.
2026-02-21 21:57:38,592 - INFO - RECOGNIZED: vini (confidence: 0.402)
2026-02-21 21:57:38,597 - INFO - Speaking: Hi vini, how are you?
2026-02-21 21:57:42,680 - INFO - Listening... 🎤
2026-02-21 21:58:20,799 - INFO - Recognizing...
2026-02-21 21:58:22,271 - WARNING - Could not understand audio
2026-02-21 21:58:22,272 - WARNING - No response from vini
2026-02-21 21:58:22,273 - INFO - *** ATTENDANCE MARKED: vini at 21:58:22 - Mood: Neutral ***
2026-02-21 21:58:22,274 - INFO - Final attendance for vini with mood Neutral saved to CSV.
2026-02-21 21:58:28,689 - INFO - No faces detected for 50 seconds
2026-02-21 21:58:28,690 - INFO - ============================================================
2026-02-21 21:58:28,690 - INFO - SESSION SUMMARY
2026-02-21 21:58:28,690 - INFO - ============================================================
2026-02-21 21:58:28,691 - INFO - Frames processed: 91
2026-02-21 21:58:28,692 - INFO - People recognized: 1
2026-02-21 21:58:28,692 - INFO - Names: vini
2026-02-21 21:58:28,693 - INFO - Total attendance today: 1
2026-02-21 21:58:28,693 - INFO - Present: vini
2026-02-21 21:58:28,694 - INFO - Cleaning up...
2026-02-21 21:58:29,006 - INFO - Camera released
2026-02-21 21:58:29,014 - INFO - Windows closed
2026-02-21 21:58:29,020 - INFO - ============================================================
2026-02-21 21:58:29,020 - INFO - SYSTEM STOPPED
2026-02-21 21:58:29,021 - INFO - ============================================================
2026-02-21 22:01:08,286 - INFO - Attendance manager initialized
2026-02-21 22:01:08,542 - INFO - Speech engine initialized ✅
2026-02-21 22:01:08,859 - INFO - Calibrating microphone for ambient noise...
2026-02-21 22:01:09,929 - INFO - Speech recognition initialized
2026-02-21 22:01:09,929 - INFO - ============================================================
2026-02-21 22:01:09,930 - INFO - FACE RECOGNITION ATTENDANCE SYSTEM
2026-02-21 22:01:09,930 - INFO - ============================================================
2026-02-21 22:01:09,931 - INFO - Loading 2 face images...
2026-02-21 22:01:11,117 - INFO - Loaded: Nishit
2026-02-21 22:01:12,263 - INFO - Loaded: vini
2026-02-21 22:01:12,263 - INFO - Total faces loaded: 2
2026-02-21 22:01:12,264 - INFO - Known people: Nishit, vini
2026-02-21 22:01:33,825 - INFO - Opening camera...
2026-02-21 22:01:50,129 - INFO - Camera ready. Looking for faces...
2026-02-21 22:01:50,130 - INFO - Press 'q' to quit manually
2026-02-21 22:01:52,700 - INFO - Face detected. Idle timer started.
2026-02-21 22:01:52,703 - INFO - RECOGNIZED: vini (confidence: 0.437)
2026-02-21 22:01:52,712 - INFO - Speaking: Hi vini, how are you?
2026-02-21 22:01:55,214 - INFO - Listening... 🎤
2026-02-21 22:02:01,555 - INFO - Recognizing...
2026-02-21 22:02:05,329 - WARNING - Could not understand audio
2026-02-21 22:02:05,330 - WARNING - No response from vini
2026-02-21 22:02:05,335 - INFO - *** ATTENDANCE MARKED: vini at 22:02:05 - Mood: Neutral ***
2026-02-21 22:02:05,339 - INFO - Final attendance for vini with mood Neutral saved to CSV.
2026-02-21 22:02:47,126 - INFO - Attendance manager initialized
2026-02-21 22:02:47,672 - INFO - Speech engine initialized ✅
2026-02-21 22:02:48,514 - INFO - Calibrating microphone for ambient noise...
2026-02-21 22:02:49,592 - INFO - Speech recognition initialized
2026-02-21 22:02:49,593 - INFO - ============================================================
2026-02-21 22:02:49,593 - INFO - FACE RECOGNITION ATTENDANCE SYSTEM
2026-02-21 22:02:49,594 - INFO - ============================================================
2026-02-21 22:02:49,595 - INFO - Loading 2 face images...
2026-02-21 22:02:51,900 - INFO - Loaded: Nishit
2026-02-21 22:02:54,231 - INFO - Loaded: vini
2026-02-21 22:02:54,232 - INFO - Total faces loaded: 2
2026-02-21 22:02:54,233 - INFO - Known people: Nishit, vini
2026-02-21 22:03:39,907 - INFO - Opening camera...
2026-02-21 22:03:53,909 - INFO - Camera ready. Looking for faces...
2026-02-21 22:03:53,911 - INFO - Press 'q' to quit manually
2026-02-21 22:03:56,140 - INFO - Face detected. Idle timer started.
2026-02-21 22:03:56,141 - INFO - RECOGNIZED: vini (confidence: 0.430)
2026-02-21 22:03:56,150 - INFO - Speaking: Hi vini, how are you?
2026-02-21 22:04:00,063 - INFO - Listening... 🎤
2026-02-21 22:04:01,636 - INFO - Recognizing...
2026-02-21 22:04:05,427 - WARNING - Could not understand audio
2026-02-21 22:04:05,428 - WARNING - No response from vini
2026-02-21 22:04:05,436 - INFO - *** ATTENDANCE MARKED: vini at 22:04:05 - Mood: Neutral ***
2026-02-21 22:04:05,439 - INFO - Final attendance for vini with mood Neutral saved to CSV.
2026-02-21 22:04:46,256 - INFO - No faces detected for 50 seconds
2026-02-21 22:04:46,257 - INFO - ============================================================
2026-02-21 22:04:46,257 - INFO - SESSION SUMMARY
2026-02-21 22:04:46,258 - INFO - ============================================================
2026-02-21 22:04:46,258 - INFO - Frames processed: 302
2026-02-21 22:04:46,259 - INFO - People recognized: 1
2026-02-21 22:04:46,259 - INFO - Names: vini
2026-02-21 22:04:46,260 - INFO - Total attendance today: 1
2026-02-21 22:04:46,260 - INFO - Present: vini
2026-02-21 22:04:46,261 - INFO - Cleaning up...
2026-02-21 22:04:46,603 - INFO - Camera released
2026-02-21 22:04:46,610 - INFO - Windows closed
2026-02-21 22:04:46,626 - INFO - ============================================================
2026-02-21 22:04:46,627 - INFO - SYSTEM STOPPED
2026-02-21 22:04:46,627 - INFO - ============================================================
2026-02-21 22:05:41,012 - INFO - Attendance manager initialized
2026-02-21 22:05:41,527 - INFO - Speech engine initialized ✅
2026-02-21 22:05:42,138 - INFO - Calibrating microphone for ambient noise...
2026-02-21 22:05:43,211 - INFO - Speech recognition initialized
2026-02-21 22:05:43,212 - INFO - ============================================================
2026-02-21 22:05:43,213 - INFO - FACE RECOGNITION ATTENDANCE SYSTEM
2026-02-21 22:05:43,214 - INFO - ============================================================
2026-02-21 22:05:43,215 - INFO - Loading 2 face images...
2026-02-21 22:05:45,556 - INFO - Loaded: Nishit
2026-02-21 22:05:47,320 - INFO - Loaded: vini
2026-02-21 22:05:47,321 - INFO - Total faces loaded: 2
2026-02-21 22:05:47,321 - INFO - Known people: Nishit, vini
2026-02-21 22:06:50,280 - INFO - Opening camera...
2026-02-21 22:07:08,662 - INFO - Camera ready. Looking for faces...
2026-02-21 22:07:08,664 - INFO - Press 'q' to quit manually
2026-02-21 22:07:11,842 - INFO - Face detected. Idle timer started.
2026-02-21 22:07:11,844 - INFO - RECOGNIZED: vini (confidence: 0.426)
2026-02-21 22:07:11,849 - INFO - Speaking: Hi vini, how are you?
2026-02-21 22:07:14,350 - INFO - Listening... 🎤
2026-02-21 22:07:30,592 - INFO - Recognizing...
2026-02-21 22:07:33,800 - INFO - Heard: I am fine
2026-02-21 22:07:33,801 - INFO - Detected happy mood from keyword: fine
2026-02-21 22:07:33,809 - INFO - *** ATTENDANCE MARKED: vini at 22:07:33 - Mood: Happy ***
2026-02-21 22:07:33,812 - INFO - Final attendance for vini with mood Happy saved to CSV.
2026-02-21 22:53:10,748 - INFO - Attendance manager initialized
2026-02-21 22:53:10,961 - INFO - Speech engine initialized ✅
2026-02-21 22:53:11,456 - INFO - Calibrating microphone for ambient noise...
2026-02-21 22:53:12,504 - INFO - Speech recognition initialized
2026-02-21 22:53:12,504 - INFO - ============================================================
2026-02-21 22:53:12,505 - INFO - FACE RECOGNITION ATTENDANCE SYSTEM
2026-02-21 22:53:12,505 - INFO - ============================================================
2026-02-21 22:53:12,505 - INFO - Loading 2 face images...
2026-02-21 22:53:13,512 - INFO - Loaded: Nishit
2026-02-21 22:53:14,424 - INFO - Loaded: vini
2026-02-21 22:53:14,424 - INFO - Total faces loaded: 2
2026-02-21 22:53:14,425 - INFO - Known people: Nishit, vini
2026-02-21 22:54:05,723 - INFO - Opening camera...
2026-02-21 22:54:10,231 - INFO - Camera ready. Looking for faces...
2026-02-21 22:54:10,231 - INFO - Press 'q' to quit manually
2026-02-21 22:54:10,973 - INFO - Face detected. Idle timer started.
2026-02-21 22:54:10,987 - INFO - RECOGNIZED: vini (confidence: 0.407)
2026-02-21 22:54:10,989 - INFO - Speaking: Hi vini, how are you?
2026-02-21 22:54:13,499 - INFO - Listening... 🎤
2026-02-21 22:54:18,526 - INFO - Recognizing...
2026-02-21 22:54:31,432 - WARNING - Could not understand audio
2026-02-21 22:54:31,434 - WARNING - No response from vini
2026-02-21 22:54:31,434 - INFO - *** ATTENDANCE MARKED: vini at 22:54:31 - Mood: Neutral ***
2026-02-21 22:54:31,434 - INFO - Final attendance for vini with mood Neutral saved to CSV.
2026-02-21 22:54:58,051 - INFO - Attendance manager initialized
2026-02-21 22:54:58,269 - INFO - Speech engine initialized ✅
2026-02-21 22:54:58,461 - INFO - Calibrating microphone for ambient noise...
2026-02-21 22:54:59,516 - INFO - Speech recognition initialized
2026-02-21 22:54:59,516 - INFO - ============================================================
2026-02-21 22:54:59,517 - INFO - FACE RECOGNITION ATTENDANCE SYSTEM
2026-02-21 22:54:59,517 - INFO - ============================================================
2026-02-21 22:54:59,517 - INFO - Loading 2 face images...
2026-02-21 22:55:00,685 - INFO - Loaded: Nishit
2026-02-21 22:55:01,918 - INFO - Loaded: vini
2026-02-21 22:55:01,918 - INFO - Total faces loaded: 2
2026-02-21 22:55:01,919 - INFO - Known people: Nishit, vini
2026-02-21 22:58:58,497 - INFO - Opening camera...
2026-02-21 22:59:04,021 - INFO - Camera ready. Looking for faces...
2026-02-21 22:59:04,022 - INFO - Press 'q' to quit manually
2026-02-21 22:59:05,472 - INFO - Face detected. Idle timer started.
2026-02-21 22:59:05,486 - INFO - RECOGNIZED: vini (confidence: 0.395)
2026-02-21 22:59:05,487 - INFO - Speaking: Hi vini, how are you?
2026-02-21 22:59:08,296 - INFO - Listening... 🎤
2026-02-21 22:59:12,976 - INFO - Recognizing...
2026-02-21 22:59:14,705 - WARNING - Could not understand audio
2026-02-21 22:59:14,705 - WARNING - No response from vini
2026-02-21 22:59:14,707 - INFO - *** ATTENDANCE MARKED: vini at 22:59:14 - Mood: Neutral ***
2026-02-21 22:59:14,708 - INFO - Final attendance for vini with mood Neutral saved to CSV.
2026-02-21 23:00:19,403 - INFO - Attendance manager initialized
2026-02-21 23:00:19,986 - INFO - Speech engine initialized ✅
2026-02-21 23:00:20,655 - INFO - Calibrating microphone for ambient noise...
2026-02-21 23:00:21,725 - INFO - Speech recognition initialized
2026-02-21 23:00:21,725 - INFO - ============================================================
2026-02-21 23:00:21,725 - INFO - FACE RECOGNITION ATTENDANCE SYSTEM
2026-02-21 23:00:21,726 - INFO - ============================================================
2026-02-21 23:00:21,726 - INFO - Loading 2 face images...
2026-02-21 23:00:23,899 - INFO - Loaded: Nishit
2026-02-21 23:00:25,140 - INFO - Loaded: vini
2026-02-21 23:00:25,140 - INFO - Total faces loaded: 2
2026-02-21 23:00:25,141 - INFO - Known people: Nishit, vini
2026-02-21 23:00:27,727 - INFO - Opening camera...
2026-02-21 23:00:37,598 - INFO - Camera ready. Looking for faces...
2026-02-21 23:00:37,599 - INFO - Press 'q' to quit manually
2026-02-21 23:00:38,958 - INFO - Face detected. Idle timer started.
2026-02-21 23:00:38,960 - INFO - RECOGNIZED: vini (confidence: 0.389)
2026-02-21 23:00:38,968 - INFO - Speaking: Hi vini, how are you?
2026-02-21 23:00:41,468 - INFO - Listening... 🎤
2026-02-21 23:00:50,392 - INFO - Recognizing...
2026-02-21 23:00:52,963 - INFO - Heard: I am good
2026-02-21 23:00:52,965 - INFO - Detected happy mood from keyword: good
2026-02-21 23:00:52,968 - INFO - *** ATTENDANCE MARKED: vini at 23:00:52 - Mood: Happy ***
2026-02-21 23:00:52,969 - INFO - Final attendance for vini with mood Happy saved to CSV.
2026-02-21 23:36:59,217 - INFO - Already marked today: vini
2026-02-21 23:36:59,217 - INFO - Attendance manager initialized
2026-02-21 23:36:59,976 - INFO - Speech engine initialized ✅
2026-02-21 23:37:01,091 - INFO - Calibrating microphone for ambient noise...
2026-02-21 23:37:02,153 - INFO - Speech recognition initialized
2026-02-21 23:37:02,154 - INFO - ============================================================
2026-02-21 23:37:02,154 - INFO - FACE RECOGNITION ATTENDANCE SYSTEM
2026-02-21 23:37:02,155 - INFO - ============================================================
2026-02-21 23:37:02,155 - INFO - Loading 2 face images...
2026-02-21 23:37:03,505 - INFO - Loaded: Nishit
2026-02-21 23:37:04,668 - INFO - Loaded: vini
2026-02-21 23:37:04,670 - INFO - Total faces loaded: 2
2026-02-21 23:37:04,670 - INFO - Known people: Nishit, vini
2026-02-21 23:39:40,000 - INFO - Opening camera...
2026-02-21 23:39:40,006 - ERROR - Error in main loop: module 'cv2' has no attribute 'VideoCapture'
Traceback (most recent call last):
  File "C:\Users\Nishika Shah\Downloads\Alexi - project\Alexi - project\alexi-scripts\alexi-platform-scripts\face_detection_with_sentiment_analysis.py", line 574, in run
    video = cv2.VideoCapture(0)
            ^^^^^^^^^^^^^^^^
AttributeError: module 'cv2' has no attribute 'VideoCapture'
2026-02-21 23:39:40,019 - INFO - Cleaning up...
2026-02-22 00:25:52,697 - INFO - Opening camera...
2026-02-22 00:25:52,700 - ERROR - Error in main loop: module 'cv2' has no attribute 'VideoCapture'
Traceback (most recent call last):
  File "C:\Users\Nishika Shah\Downloads\Alexi - project\Alexi - project\alexi-scripts\alexi-platform-scripts\face_detection_with_sentiment_analysis.py", line 574, in run
    video = cv2.VideoCapture(0)
            ^^^^^^^^^^^^^^^^
AttributeError: module 'cv2' has no attribute 'VideoCapture'
2026-02-22 00:25:52,704 - INFO - Cleaning up...
2026-02-22 00:38:54,657 - INFO - Opening camera...
2026-02-22 00:38:54,659 - ERROR - Error in main loop: module 'cv2' has no attribute 'VideoCapture'
Traceback (most recent call last):
  File "C:\Users\Nishika Shah\Downloads\Alexi - project\Alexi - project\alexi-scripts\alexi-platform-scripts\face_detection_with_sentiment_analysis.py", line 574, in run
    video = cv2.VideoCapture(0)
            ^^^^^^^^^^^^^^^^
AttributeError: module 'cv2' has no attribute 'VideoCapture'
2026-02-22 00:38:54,661 - INFO - Cleaning up...
2026-02-22 00:48:47,487 - INFO - Attendance manager initialized
2026-02-22 00:48:48,460 - INFO - Speech engine initialized ✅
2026-02-22 00:48:49,632 - INFO - Calibrating microphone for ambient noise...
2026-02-22 00:48:50,702 - INFO - Speech recognition initialized
2026-02-22 00:48:50,704 - INFO - ============================================================
2026-02-22 00:48:50,704 - INFO - FACE RECOGNITION ATTENDANCE SYSTEM
2026-02-22 00:48:50,704 - INFO - ============================================================
2026-02-22 00:48:50,704 - INFO - Loading 3 face images...
2026-02-22 00:48:51,942 - INFO - Loaded: nishika
2026-02-22 00:48:53,013 - INFO - Loaded: Nishit
2026-02-22 00:48:54,956 - INFO - Loaded: vini
2026-02-22 00:48:54,957 - INFO - Total faces loaded: 3
2026-02-22 00:48:54,957 - INFO - Known people: nishika, Nishit, vini
2026-02-22 00:49:02,188 - INFO - Opening camera...
2026-02-22 00:49:06,526 - INFO - Camera ready. Looking for faces...
2026-02-22 00:49:06,526 - INFO - Press 'q' to quit manually
2026-02-22 00:49:08,462 - INFO - Face detected. Idle timer started.
2026-02-22 00:49:08,470 - INFO - RECOGNIZED: nishika (confidence: 0.510)
2026-02-22 00:49:08,484 - INFO - Speaking: Hi nishika, how are you?
2026-02-22 00:49:10,998 - INFO - Listening... 🎤
2026-02-22 00:49:29,588 - WARNING - Unknown person detected
2026-02-22 00:49:33,343 - INFO - RECOGNIZED: Nishit (confidence: 0.566)
2026-02-22 00:49:35,653 - INFO - Recognizing...
2026-02-22 00:49:36,160 - WARNING - Unknown person detected
2026-02-22 00:49:37,266 - WARNING - Could not understand audio
2026-02-22 00:49:37,266 - WARNING - No response from nishika
2026-02-22 00:49:37,267 - INFO - *** ATTENDANCE MARKED: nishika at 00:49:37 - Mood: Neutral ***
2026-02-22 00:49:37,267 - INFO - Final attendance for nishika with mood Neutral saved to CSV.
2026-02-22 00:49:40,303 - WARNING - Unknown person detected
2026-02-22 00:49:44,862 - WARNING - Person too close! Face width: 216px
2026-02-22 00:49:45,323 - WARNING - Person too close! Face width: 216px
2026-02-22 00:49:45,799 - WARNING - Person too close! Face width: 216px
2026-02-22 00:49:47,888 - WARNING - Person too close! Face width: 258px
2026-02-22 00:49:48,405 - WARNING - Person too close! Face width: 258px
2026-02-22 00:49:49,202 - WARNING - Person too close! Face width: 258px
2026-02-22 00:49:49,800 - WARNING - Person too close! Face width: 258px
2026-02-22 00:49:50,372 - WARNING - Person too close! Face width: 258px
2026-02-22 00:49:51,169 - WARNING - Person too close! Face width: 216px
2026-02-22 00:49:51,770 - WARNING - Person too close! Face width: 258px
2026-02-22 00:49:52,717 - WARNING - Person too close! Face width: 216px
2026-02-22 00:49:53,405 - WARNING - Unknown person detected
2026-02-22 00:49:53,904 - WARNING - Person too close! Face width: 216px
2026-02-22 00:49:54,437 - WARNING - Person too close! Face width: 258px
2026-02-22 00:49:57,443 - WARNING - Person too close! Face width: 216px
2026-02-22 00:49:58,521 - WARNING - Unknown person detected
2026-02-22 00:49:58,534 - INFO - No faces detected for 50 seconds
2026-02-22 00:49:58,535 - INFO - ============================================================
2026-02-22 00:49:58,538 - INFO - SESSION SUMMARY
2026-02-22 00:49:58,539 - INFO - ============================================================
2026-02-22 00:49:58,539 - INFO - Frames processed: 213
2026-02-22 00:49:58,539 - INFO - People recognized: 2
2026-02-22 00:49:58,539 - INFO - Names: Nishit, nishika
2026-02-22 00:49:58,540 - INFO - Total attendance today: 1
2026-02-22 00:49:58,540 - INFO - Present: nishika
2026-02-22 00:49:58,540 - INFO - Cleaning up...
2026-02-22 00:49:58,874 - INFO - Camera released
2026-02-22 00:49:58,882 - INFO - Windows closed
2026-02-22 00:49:58,893 - INFO - ============================================================
2026-02-22 00:49:58,893 - INFO - SYSTEM STOPPED
2026-02-22 00:49:58,893 - INFO - ============================================================
2026-02-22 00:50:08,328 - INFO - Opening camera...
2026-02-22 00:50:13,999 - INFO - Camera ready. Looking for faces...
2026-02-22 00:50:13,999 - INFO - Press 'q' to quit manually
2026-02-22 00:50:16,203 - INFO - Face detected. Idle timer started.
2026-02-22 00:50:16,203 - WARNING - Unknown person detected
2026-02-22 00:50:19,485 - WARNING - Unknown person detected
2026-02-22 00:50:22,350 - WARNING - Unknown person detected
2026-02-22 00:50:26,032 - WARNING - Unknown person detected
2026-02-22 00:50:28,225 - WARNING - Person too close! Face width: 216px
2026-02-22 00:50:31,136 - WARNING - Person too close! Face width: 216px
2026-02-22 00:50:31,608 - WARNING - Person too close! Face width: 216px
2026-02-22 00:58:19,203 - INFO - Already marked today: nishika
2026-02-22 00:58:19,204 - INFO - Attendance manager initialized
2026-02-22 00:58:19,396 - INFO - Speech engine initialized ✅
2026-02-22 00:58:20,383 - INFO - Calibrating microphone for ambient noise...
2026-02-22 00:58:21,434 - INFO - Speech recognition initialized
2026-02-22 00:58:21,434 - INFO - ============================================================
2026-02-22 00:58:21,434 - INFO - FACE RECOGNITION ATTENDANCE SYSTEM
2026-02-22 00:58:21,434 - INFO - ============================================================
2026-02-22 00:58:21,435 - INFO - Loading 3 face images...
2026-02-22 00:58:22,924 - INFO - Loaded: nishika
2026-02-22 00:58:24,285 - INFO - Loaded: Nishit
2026-02-22 00:58:25,074 - INFO - Loaded: vini
2026-02-22 00:58:25,074 - INFO - Total faces loaded: 3
2026-02-22 00:58:25,075 - INFO - Known people: nishika, Nishit, vini
2026-02-22 01:03:16,801 - INFO - Already marked today: nishika
2026-02-22 01:03:16,801 - INFO - Attendance manager initialized
2026-02-22 01:03:16,977 - INFO - Speech engine initialized ✅
2026-02-22 01:03:17,812 - INFO - Calibrating microphone for ambient noise...
2026-02-22 01:03:18,861 - INFO - Speech recognition initialized
2026-02-22 01:03:18,862 - INFO - ============================================================
2026-02-22 01:03:18,862 - INFO - FACE RECOGNITION ATTENDANCE SYSTEM
2026-02-22 01:03:18,862 - INFO - ============================================================
2026-02-22 01:03:18,863 - INFO - Loading 3 face images...
2026-02-22 01:03:19,699 - INFO - Loaded: nishika
2026-02-22 01:03:20,546 - INFO - Loaded: Nishit
2026-02-22 01:03:21,354 - INFO - Loaded: vini
2026-02-22 01:03:21,354 - INFO - Total faces loaded: 3
2026-02-22 01:03:21,354 - INFO - Known people: nishika, Nishit, vini
2026-02-22 01:03:25,008 - INFO - Opening camera...
2026-02-22 01:03:27,937 - INFO - Camera ready. Looking for faces...
2026-02-22 01:03:27,938 - INFO - Press 'q' to quit manually
2026-02-22 01:03:28,836 - INFO - Face detected. Idle timer started.
2026-02-22 01:03:28,836 - WARNING - Person too close! Face width: 216px
2026-02-22 01:03:28,838 - INFO - Speaking: Too close, maintain distance to mark attendance
2026-02-22 01:03:29,405 - WARNING - Person too close! Face width: 216px
2026-02-22 01:03:29,859 - WARNING - Person too close! Face width: 216px
2026-02-22 01:03:30,272 - WARNING - Person too close! Face width: 216px
2026-02-22 01:03:30,685 - WARNING - Person too close! Face width: 216px
2026-02-22 01:03:31,109 - WARNING - Person too close! Face width: 216px
2026-02-22 01:03:31,553 - WARNING - Person too close! Face width: 216px
2026-02-22 01:03:31,969 - WARNING - Person too close! Face width: 216px
2026-02-22 01:03:32,427 - WARNING - Person too close! Face width: 216px
2026-02-22 01:03:32,829 - WARNING - Person too close! Face width: 216px
2026-02-22 01:03:33,362 - WARNING - Person too close! Face width: 216px
2026-02-22 01:03:33,792 - WARNING - Person too close! Face width: 214px
2026-02-22 01:03:34,236 - WARNING - Person too close! Face width: 214px
2026-02-22 01:03:34,670 - WARNING - Person too close! Face width: 214px
2026-02-22 01:03:35,089 - WARNING - Person too close! Face width: 258px
2026-02-22 01:03:35,629 - WARNING - Person too close! Face width: 216px
2026-02-22 01:03:36,120 - WARNING - Person too close! Face width: 216px
2026-02-22 01:03:36,598 - WARNING - Unknown person detected
2026-02-22 01:03:37,081 - INFO - RECOGNIZED: nishika (confidence: 0.582)
2026-02-22 01:03:37,081 - INFO - nishika - Attendance already marked today
2026-02-22 01:03:42,076 - WARNING - Person too close! Face width: 216px
2026-02-22 01:03:42,484 - WARNING - Person too close! Face width: 216px
2026-02-22 01:03:42,896 - WARNING - Person too close! Face width: 216px
2026-02-22 01:03:43,283 - WARNING - Person too close! Face width: 216px
2026-02-22 01:03:43,783 - WARNING - Person too close! Face width: 216px
2026-02-22 01:03:44,213 - WARNING - Person too close! Face width: 216px
2026-02-22 01:03:44,689 - WARNING - Person too close! Face width: 216px
2026-02-22 01:03:45,155 - WARNING - Person too close! Face width: 216px
2026-02-22 01:03:45,581 - WARNING - Person too close! Face width: 216px
2026-02-22 01:03:46,053 - WARNING - Person too close! Face width: 216px
2026-02-22 01:03:46,532 - WARNING - Person too close! Face width: 216px
2026-02-22 01:03:46,984 - WARNING - Person too close! Face width: 216px
2026-02-22 01:03:47,414 - WARNING - Person too close! Face width: 216px
2026-02-22 01:03:47,884 - WARNING - Person too close! Face width: 216px
2026-02-22 01:03:48,279 - WARNING - Person too close! Face width: 216px
2026-02-22 01:03:48,819 - WARNING - Person too close! Face width: 216px
2026-02-22 01:03:49,298 - WARNING - Person too close! Face width: 216px
2026-02-22 01:03:49,791 - WARNING - Person too close! Face width: 216px
2026-02-22 01:03:50,205 - WARNING - Person too close! Face width: 216px
2026-02-22 01:07:58,930 - INFO - Attendance manager initialized
2026-02-22 01:07:59,324 - INFO - Speech engine initialized ✅
2026-02-22 01:08:00,376 - INFO - Calibrating microphone for ambient noise...
2026-02-22 01:08:01,425 - INFO - Speech recognition initialized
2026-02-22 01:08:01,425 - INFO - ============================================================
2026-02-22 01:08:01,426 - INFO - FACE RECOGNITION ATTENDANCE SYSTEM
2026-02-22 01:08:01,426 - INFO - ============================================================
2026-02-22 01:08:01,427 - INFO - Loading 3 face images...
2026-02-22 01:08:02,317 - INFO - Loaded: nishika
2026-02-22 01:08:03,256 - INFO - Loaded: Nishit
2026-02-22 01:08:04,174 - INFO - Loaded: vini
2026-02-22 01:08:04,174 - INFO - Total faces loaded: 3
2026-02-22 01:08:04,175 - INFO - Known people: nishika, Nishit, vini
2026-02-22 01:08:09,571 - INFO - Opening camera...
2026-02-22 01:08:12,209 - INFO - Camera ready. Looking for faces...
2026-02-22 01:08:12,209 - INFO - Press 'q' to quit manually
2026-02-22 01:08:13,133 - INFO - Face detected. Idle timer started.
2026-02-22 01:08:13,133 - WARNING - Person too close! Face width: 216px
2026-02-22 01:08:13,134 - INFO - Speaking: Too close, maintain distance to mark attendance
2026-02-22 01:08:13,669 - WARNING - Person too close! Face width: 216px
2026-02-22 01:08:14,135 - WARNING - Person too close! Face width: 216px
2026-02-22 01:08:14,545 - WARNING - Person too close! Face width: 216px
2026-02-22 01:08:14,962 - WARNING - Person too close! Face width: 216px
2026-02-22 01:08:15,388 - WARNING - Person too close! Face width: 216px
2026-02-22 01:08:15,834 - WARNING - Person too close! Face width: 216px
2026-02-22 01:08:16,295 - WARNING - Person too close! Face width: 216px
2026-02-22 01:08:16,759 - WARNING - Person too close! Face width: 216px
2026-02-22 01:08:17,304 - WARNING - Person too close! Face width: 216px
2026-02-22 01:08:17,759 - WARNING - Person too close! Face width: 216px
2026-02-22 01:08:18,214 - WARNING - Person too close! Face width: 216px
2026-02-22 01:08:18,646 - WARNING - Person too close! Face width: 216px
2026-02-22 01:08:19,098 - WARNING - Unknown person detected
2026-02-22 01:08:19,985 - INFO - RECOGNIZED: nishika (confidence: 0.553)
2026-02-22 01:08:23,000 - INFO - Listening... 🎤
2026-02-22 01:08:27,564 - WARNING - Unknown person detected
2026-02-22 01:08:33,351 - WARNING - Unknown person detected
2026-02-22 01:08:33,820 - WARNING - Person too close! Face width: 216px
2026-02-22 01:08:36,590 - WARNING - Unknown person detected
2026-02-22 01:08:40,002 - WARNING - Unknown person detected
2026-02-22 01:08:40,838 - INFO - Recognizing...
2026-02-22 01:08:42,336 - WARNING - Could not understand audio
2026-02-22 01:08:42,336 - WARNING - No response from nishika
2026-02-22 01:08:42,338 - INFO - *** ATTENDANCE MARKED: nishika at 01:08:42 - Mood: Neutral ***
2026-02-22 01:08:42,338 - INFO - Final attendance for nishika with mood Neutral saved to CSV.
2026-02-22 01:08:43,945 - WARNING - Unknown person detected
2026-02-22 01:08:45,965 - WARNING - Person too close! Face width: 216px
2026-02-22 01:08:47,363 - WARNING - Person too close! Face width: 216px
2026-02-22 01:08:47,824 - WARNING - Person too close! Face width: 216px
2026-02-22 01:08:48,245 - WARNING - Person too close! Face width: 216px
2026-02-22 01:08:48,653 - WARNING - Unknown person detected
2026-02-22 01:08:49,051 - WARNING - Person too close! Face width: 216px
2026-02-22 01:08:49,476 - WARNING - Person too close! Face width: 216px
2026-02-22 01:08:51,936 - WARNING - Unknown person detected
2026-02-22 01:08:55,079 - WARNING - Person too close! Face width: 216px
2026-02-22 01:08:55,530 - WARNING - Person too close! Face width: 216px
2026-02-22 01:08:55,984 - WARNING - Person too close! Face width: 216px
2026-02-22 01:08:56,495 - WARNING - Person too close! Face width: 216px
2026-02-22 01:08:56,918 - WARNING - Unknown person detected
2026-02-22 01:11:48,763 - INFO - Attendance manager initialized
2026-02-22 01:11:49,115 - INFO - Speech engine initialized ✅
2026-02-22 01:11:50,211 - INFO - Calibrating microphone for ambient noise...
2026-02-22 01:11:51,273 - INFO - Speech recognition initialized
2026-02-22 01:11:51,273 - INFO - ============================================================
2026-02-22 01:11:51,274 - INFO - FACE RECOGNITION ATTENDANCE SYSTEM
2026-02-22 01:11:51,275 - INFO - ============================================================
2026-02-22 01:11:51,275 - INFO - Loading 3 face images...
2026-02-22 01:11:54,203 - INFO - Loaded: nishika
2026-02-22 01:11:56,648 - INFO - Loaded: Nishit
2026-02-22 01:11:58,394 - INFO - Loaded: vini
2026-02-22 01:11:58,395 - INFO - Total faces loaded: 3
2026-02-22 01:11:58,395 - INFO - Known people: nishika, Nishit, vini
2026-02-22 01:12:10,311 - INFO - Opening camera...
2026-02-22 01:12:16,126 - INFO - Camera ready. Looking for faces...
2026-02-22 01:12:16,127 - INFO - Press 'q' to quit manually
2026-02-22 01:12:18,027 - INFO - Face detected. Idle timer started.
2026-02-22 01:12:18,028 - WARNING - Person too close! Face width: 216px
2026-02-22 01:12:18,032 - INFO - Speaking: Too close, maintain distance to mark attendance
2026-02-22 01:12:19,327 - WARNING - Person too close! Face width: 216px
2026-02-22 01:12:20,153 - WARNING - Person too close! Face width: 216px
2026-02-22 01:12:21,017 - WARNING - Unknown person detected
2026-02-22 01:12:22,885 - INFO - RECOGNIZED: nishika (confidence: 0.589)
2026-02-22 01:12:25,868 - INFO - Listening... 🎤
2026-02-22 01:12:31,469 - WARNING - Person too close! Face width: 216px
2026-02-22 01:12:32,660 - WARNING - Person too close! Face width: 216px
2026-02-22 01:12:33,215 - WARNING - Person too close! Face width: 216px
2026-02-22 01:12:34,281 - WARNING - Unknown person detected
2026-02-22 01:12:36,803 - WARNING - Person too close! Face width: 216px
2026-02-22 01:12:39,929 - WARNING - Unknown person detected
2026-02-22 01:12:43,502 - WARNING - Unknown person detected
2026-02-22 01:12:43,542 - INFO - Recognizing...
2026-02-22 01:12:44,682 - WARNING - Could not understand audio
2026-02-22 01:12:44,684 - WARNING - No response from nishika
2026-02-22 01:12:44,685 - INFO - *** ATTENDANCE MARKED: nishika at 01:12:44 - Mood: Neutral ***
2026-02-22 01:12:44,685 - INFO - Final attendance for nishika with mood Neutral saved to CSV.
2026-02-22 01:12:46,512 - WARNING - Unknown person detected
2026-02-22 01:12:49,583 - WARNING - Unknown person detected
2026-02-22 01:12:53,643 - WARNING - Person too close! Face width: 216px
2026-02-22 01:12:54,790 - WARNING - Person too close! Face width: 216px
2026-02-22 01:12:55,379 - WARNING - Person too close! Face width: 216px
2026-02-22 01:12:56,006 - WARNING - Person too close! Face width: 216px
2026-02-22 01:12:56,744 - WARNING - Person too close! Face width: 216px
2026-02-22 01:12:57,385 - WARNING - Unknown person detected
2026-02-22 01:13:00,729 - WARNING - Unknown person detected
2026-02-22 01:13:02,316 - WARNING - Person too close! Face width: 216px
2026-02-22 01:13:02,819 - WARNING - Person too close! Face width: 216px
2026-02-22 01:13:03,368 - WARNING - Person too close! Face width: 216px
2026-02-22 01:13:03,903 - WARNING - Person too close! Face width: 216px
2026-02-22 01:13:05,419 - WARNING - Person too close! Face width: 216px
2026-02-22 01:13:07,444 - WARNING - Person too close! Face width: 216px
2026-02-22 01:13:07,926 - WARNING - Person too close! Face width: 216px
2026-02-22 01:13:08,434 - WARNING - Person too close! Face width: 216px
2026-02-22 01:13:08,443 - INFO - No faces detected for 50 seconds
2026-02-22 01:13:08,443 - INFO - ============================================================
2026-02-22 01:13:08,444 - INFO - SESSION SUMMARY
2026-02-22 01:13:08,444 - INFO - ============================================================
2026-02-22 01:13:08,444 - INFO - Frames processed: 111
2026-02-22 01:13:08,444 - INFO - People recognized: 1
2026-02-22 01:13:08,445 - INFO - Names: nishika
2026-02-22 01:13:08,445 - INFO - Total attendance today: 1
2026-02-22 01:13:08,445 - INFO - Present: nishika
2026-02-22 01:13:08,445 - INFO - Cleaning up...
2026-02-22 01:13:08,760 - INFO - Camera released
2026-02-22 01:13:08,776 - INFO - Windows closed
2026-02-22 01:13:08,793 - INFO - ============================================================
2026-02-22 01:13:08,799 - INFO - SYSTEM STOPPED
2026-02-22 01:13:08,800 - INFO - ============================================================
2026-02-22 01:25:26,567 - ERROR - Error loading today's attendance: 'Date'
2026-02-22 01:25:26,567 - INFO - Attendance manager initialized
2026-02-22 01:25:26,897 - INFO - Speech engine initialized
2026-02-22 01:25:27,979 - INFO - Calibrating microphone for ambient noise...
2026-02-22 01:25:29,032 - INFO - Speech recognition initialized
2026-02-22 01:25:29,032 - INFO - ============================================================
2026-02-22 01:25:29,032 - INFO - FACE RECOGNITION ATTENDANCE SYSTEM
2026-02-22 01:25:29,033 - INFO - ============================================================
2026-02-22 01:25:29,033 - INFO - Loading 3 face images...
2026-02-22 01:25:30,273 - INFO - Loaded: nishika
2026-02-22 01:25:31,489 - INFO - Loaded: Nishit
2026-02-22 01:25:32,725 - INFO - Loaded: vini
2026-02-22 01:25:32,727 - INFO - Total faces loaded: 3
2026-02-22 01:25:32,727 - INFO - Known people: nishika, Nishit, vini
2026-02-22 01:25:32,882 - INFO - Opening camera...
2026-02-22 01:25:36,228 - INFO - Camera ready. Looking for faces...
2026-02-22 01:25:36,229 - INFO - Press 'q' to quit manually
2026-02-22 01:25:37,427 - INFO - First face detected. Starting idle timer.
2026-02-22 01:25:37,432 - INFO - RECOGNIZED: nishika (dist=0.593)
2026-02-22 01:25:37,433 - INFO - Greeting: Hi nishika!
2026-02-22 01:25:37,435 - INFO - Speaking: Hi nishika!
2026-02-22 01:25:40,006 - INFO - Asking: How are you today?
2026-02-22 01:25:40,545 - WARNING - Unknown person detected
2026-02-22 01:25:42,133 - INFO - Listening...
2026-02-22 01:25:47,709 - WARNING - Unknown person detected
2026-02-22 01:25:51,667 - WARNING - Unknown person detected
2026-02-22 01:25:54,894 - WARNING - Unknown person detected
2026-02-22 01:26:02,447 - WARNING - No response heard (timeout)
2026-02-22 01:26:02,447 - WARNING - No response from nishika, defaulting to Neutral
2026-02-22 01:26:02,448 - INFO - *** ATTENDANCE MARKED: nishika at 01:26:02 - Mood: Neutral ***
2026-02-22 01:26:02,448 - INFO - Attendance saved: nishika – Neutral
2026-02-22 01:26:02,451 - INFO - Replying: Good to see you! Have a great day!
2026-02-22 01:26:03,398 - WARNING - Unknown person detected
2026-02-22 01:26:05,704 - INFO - RECOGNIZED: nishika (dist=0.555)
2026-02-22 01:26:05,705 - INFO - Greeting: Hi nishika!
2026-02-22 01:26:07,041 - WARNING - Unknown person detected
2026-02-22 01:26:08,431 - INFO - nishika - Your attendance is already marked for today!
2026-02-22 01:26:14,025 - WARNING - Unknown person detected
2026-02-22 01:33:50,054 - ERROR - Load today error: 'Date'
2026-02-22 01:33:50,055 - INFO - AttendanceManager ready
2026-02-22 01:33:50,266 - INFO - SpeechManager ready
2026-02-22 01:33:51,284 - INFO - Calibrating microphone…
2026-02-22 01:33:52,336 - INFO - SpeechRecognizer ready
2026-02-22 01:33:52,336 - INFO - ============================================================
2026-02-22 01:33:52,336 - INFO - FACE RECOGNITION ATTENDANCE SYSTEM
2026-02-22 01:33:52,336 - INFO - ============================================================
2026-02-22 01:33:53,521 - INFO - Loaded: Dron
2026-02-22 01:33:54,611 - INFO - Loaded: Nishika
2026-02-22 01:33:55,586 - INFO - Loaded: Nishit
2026-02-22 01:33:57,573 - INFO - Loaded: Tushar
2026-02-22 01:33:58,560 - INFO - Loaded: vini
2026-02-22 01:33:58,560 - INFO - Known people (5): Dron, Nishika, Nishit, Tushar, vini
2026-02-22 01:34:05,537 - INFO - Camera open — press Q to quit
2026-02-22 01:34:06,674 - INFO - First face detected
2026-02-22 01:34:06,679 - INFO - RECOGNISED: Nishika (dist=0.515)
2026-02-22 01:34:06,681 - INFO - STEP 1 — Greeting Nishika
2026-02-22 01:34:06,683 - INFO - SPEAKING: Hi Nishika! How are you today?
2026-02-22 01:37:13,429 - ERROR - Load today error: 'Date'
2026-02-22 01:37:13,429 - INFO - AttendanceManager ready
2026-02-22 01:37:13,656 - INFO - SpeechManager ready
2026-02-22 01:37:14,503 - INFO - Calibrating microphone…
2026-02-22 01:37:15,552 - INFO - SpeechRecognizer ready
2026-02-22 01:37:15,552 - INFO - ============================================================
2026-02-22 01:37:15,552 - INFO - FACE RECOGNITION ATTENDANCE SYSTEM
2026-02-22 01:37:15,552 - INFO - ============================================================
2026-02-22 01:37:16,399 - INFO - Loaded: Dron
2026-02-22 01:37:17,149 - INFO - Loaded: Nishika
2026-02-22 01:37:17,992 - INFO - Loaded: Nishit
2026-02-22 01:37:19,474 - INFO - Loaded: Tushar
2026-02-22 01:37:20,309 - INFO - Loaded: vini
2026-02-22 01:37:20,309 - INFO - Known people (5): Dron, Nishika, Nishit, Tushar, vini
2026-02-22 01:39:12,455 - INFO - attendance.csv initialised with headers
2026-02-22 01:39:12,472 - INFO - AttendanceManager ready
2026-02-22 01:39:12,603 - INFO - SpeechManager ready
2026-02-22 01:39:13,451 - INFO - Calibrating microphone…
2026-02-22 01:39:14,504 - INFO - SpeechRecognizer ready
2026-02-22 01:39:14,505 - INFO - ============================================================
2026-02-22 01:39:14,505 - INFO - FACE RECOGNITION ATTENDANCE SYSTEM
2026-02-22 01:39:14,505 - INFO - ============================================================
2026-02-22 01:39:15,340 - INFO - Loaded: Dron
2026-02-22 01:39:16,080 - INFO - Loaded: Nishika
2026-02-22 01:39:16,876 - INFO - Loaded: Nishit
2026-02-22 01:39:18,302 - INFO - Loaded: Tushar
2026-02-22 01:39:19,203 - INFO - Loaded: vini
2026-02-22 01:39:19,203 - INFO - Known people (5): Dron, Nishika, Nishit, Tushar, vini
2026-02-22 01:39:27,783 - INFO - Camera open — press Q to quit
2026-02-22 01:39:28,651 - INFO - First face detected
2026-02-22 01:39:28,651 - INFO - RECOGNISED: Nishika (dist=0.551)
2026-02-22 01:39:28,653 - INFO - STEP 1 — Greeting Nishika
2026-02-22 01:39:28,653 - INFO - SPEAKING: Hi Nishika! How are you today?
2026-02-22 01:39:33,602 - INFO - SPEAKING: Face not recognised. Please register.
2026-02-22 01:39:33,602 - ERROR - TTS error: run loop already started
2026-02-22 01:39:38,291 - INFO - SPEAKING: Face not recognised. Please register.
2026-02-22 01:39:38,292 - ERROR - TTS error: run loop already started
2026-02-22 01:39:43,117 - INFO - SPEAKING: Face not recognised. Please register.
2026-02-22 01:39:43,117 - ERROR - TTS error: run loop already started
2026-02-22 01:39:47,512 - INFO - SPEAKING: Face not recognised. Please register.
2026-02-22 01:39:47,514 - ERROR - TTS error: run loop already started
2026-02-22 01:39:51,793 - INFO - SPEAKING: Face not recognised. Please register.
2026-02-22 01:39:51,794 - ERROR - TTS error: run loop already started
2026-02-22 01:39:58,234 - INFO - SPEAKING: Face not recognised. Please register.
2026-02-22 01:39:58,235 - ERROR - TTS error: run loop already started
2026-02-22 01:41:01,184 - INFO - AttendanceManager ready
2026-02-22 01:41:01,438 - INFO - SpeechManager ready
2026-02-22 01:41:02,522 - INFO - Calibrating microphone…
2026-02-22 01:41:03,573 - INFO - SpeechRecognizer ready
2026-02-22 01:41:03,574 - INFO - ============================================================
2026-02-22 01:41:03,574 - INFO - FACE RECOGNITION ATTENDANCE SYSTEM
2026-02-22 01:41:03,574 - INFO - ============================================================
2026-02-22 01:41:04,575 - INFO - Loaded: Dron
2026-02-22 01:41:05,437 - INFO - Loaded: Nishika
2026-02-22 01:41:06,334 - INFO - Loaded: Nishit
2026-02-22 01:41:07,761 - INFO - Loaded: Tushar
2026-02-22 01:41:08,568 - INFO - Loaded: vini
2026-02-22 01:41:08,569 - INFO - Known people (5): Dron, Nishika, Nishit, Tushar, vini
2026-02-22 01:41:13,288 - INFO - Camera open — press Q to quit
2026-02-22 01:41:14,214 - INFO - First face detected
2026-02-22 01:41:14,215 - INFO - SPEAKING: Face not recognised. Please register.
2026-02-22 01:41:15,364 - INFO - RECOGNISED: Nishika (dist=0.585)
2026-02-22 01:41:15,365 - INFO - STEP 1 — Greeting Nishika
2026-02-22 01:41:15,366 - INFO - SPEAKING: Hi Nishika! How are you today?
2026-02-22 01:41:15,366 - ERROR - TTS error: run loop already started
2026-02-22 01:41:15,366 - INFO - STEP 2 — Listening
2026-02-22 01:41:15,722 - INFO - LISTENING…
2026-02-22 01:41:18,438 - INFO - SPEAKING: Face not recognised. Please register.
2026-02-22 01:41:18,439 - ERROR - TTS error: run loop already started
2026-02-22 01:41:21,497 - WARNING - COULD NOT UNDERSTAND audio
2026-02-22 01:41:21,497 - INFO - STEP 2 — Got: 'None'
2026-02-22 01:41:21,498 - INFO - STEP 3 — Mood: Neutral
2026-02-22 01:41:21,500 - INFO - ATTENDANCE MARKED: Nishika | 01:41:21 | Neutral
2026-02-22 01:41:21,501 - INFO - STEP 4 — Attendance saved
2026-02-22 01:41:21,502 - INFO - STEP 5 — Replying: Good to see you, Nishika! Hope you have a really good day today!
2026-02-22 01:41:21,503 - INFO - SPEAKING: Good to see you, Nishika! Hope you have a really good day today!
2026-02-22 01:41:21,503 - ERROR - TTS error: run loop already started
2026-02-22 01:41:21,503 - INFO - Conversation done for Nishika
2026-02-22 01:41:25,017 - INFO - SPEAKING: Face not recognised. Please register.
2026-02-22 01:41:25,017 - ERROR - TTS error: run loop already started
2026-02-22 01:41:29,389 - INFO - SPEAKING: Face not recognised. Please register.
2026-02-22 01:41:29,390 - ERROR - TTS error: run loop already started
2026-02-22 01:41:35,231 - INFO - SPEAKING: Face not recognised. Please register.
2026-02-22 01:41:35,231 - ERROR - TTS error: run loop already started
2026-02-22 01:41:36,059 - INFO - RECOGNISED: Nishika (dist=0.569)
2026-02-22 01:41:36,060 - INFO - Nishika — already marked today
2026-02-22 01:41:36,060 - INFO - SPEAKING: Hi Nishika! Your attendance is already marked for today. Have a great day!
2026-02-22 01:41:36,061 - ERROR - TTS error: run loop already started
2026-02-22 01:41:36,061 - INFO - Conversation done for Nishika
2026-02-22 01:42:13,985 - INFO - Already marked today: Nishika
2026-02-22 01:42:13,986 - INFO - AttendanceManager ready
2026-02-22 01:42:13,987 - INFO - SpeechManager ready
2026-02-22 01:42:15,050 - INFO - Calibrating microphone…
2026-02-22 01:42:16,100 - INFO - SpeechRecognizer ready
2026-02-22 01:42:16,101 - INFO - ============================================================
2026-02-22 01:42:16,101 - INFO - FACE RECOGNITION ATTENDANCE SYSTEM
2026-02-22 01:42:16,101 - INFO - ============================================================
2026-02-22 01:42:17,120 - INFO - Loaded: Dron
2026-02-22 01:42:18,105 - INFO - Loaded: Nishika
2026-02-22 01:42:19,152 - INFO - Loaded: Nishit
2026-02-22 01:42:20,653 - INFO - Loaded: Tushar
2026-02-22 01:42:21,436 - INFO - Loaded: vini
2026-02-22 01:42:21,436 - INFO - Known people (5): Dron, Nishika, Nishit, Tushar, vini
2026-02-22 01:42:26,732 - INFO - Camera open — press Q to quit
2026-02-22 01:42:27,730 - INFO - First face detected
2026-02-22 01:42:27,731 - INFO - SPEAKING: Face not recognised. Please register.
2026-02-22 01:42:30,088 - INFO - RECOGNISED: Nishika (dist=0.557)
2026-02-22 01:42:30,090 - INFO - Nishika — already marked today
2026-02-22 01:42:32,861 - INFO - DONE SPEAKING
2026-02-22 01:42:32,861 - INFO - SPEAKING: Hi Nishika! Your attendance is already marked for today. Have a great day!
2026-02-22 01:42:39,862 - INFO - DONE SPEAKING
2026-02-22 01:42:39,862 - INFO - SPEAKING: Face not recognised. Please register.
2026-02-22 01:42:39,862 - INFO - Conversation done for Nishika
2026-02-22 01:42:44,595 - INFO - DONE SPEAKING
2026-02-22 01:42:44,595 - INFO - SPEAKING: Face not recognised. Please register.
2026-02-22 01:42:49,476 - INFO - DONE SPEAKING
2026-02-22 01:42:49,476 - INFO - SPEAKING: Face not recognised. Please register.
2026-02-22 01:42:50,345 - INFO - RECOGNISED: Nishika (dist=0.586)
2026-02-22 01:42:50,346 - INFO - Nishika — already marked today
2026-02-22 01:42:54,243 - INFO - DONE SPEAKING
2026-02-22 01:42:54,243 - INFO - SPEAKING: Face not recognised. Please register.
2026-02-22 01:42:58,959 - INFO - DONE SPEAKING
2026-02-22 01:42:58,959 - INFO - SPEAKING: Hi Nishika! Your attendance is already marked for today. Have a great day!
2026-02-22 01:43:06,065 - INFO - DONE SPEAKING
2026-02-22 01:43:06,066 - INFO - SPEAKING: Face not recognised. Please register.
2026-02-22 01:43:06,066 - INFO - Conversation done for Nishika
2026-02-22 01:43:31,988 - INFO - Already marked today: Nishika
2026-02-22 01:43:31,988 - INFO - AttendanceManager ready
2026-02-22 01:43:31,989 - INFO - SpeechManager ready
2026-02-22 01:43:32,479 - INFO - Calibrating microphone…
2026-02-22 01:43:33,488 - INFO - SpeechRecognizer ready
2026-02-22 01:43:33,488 - INFO - ============================================================
2026-02-22 01:43:33,488 - INFO - FACE RECOGNITION ATTENDANCE SYSTEM
2026-02-22 01:43:33,488 - INFO - ============================================================
2026-02-22 01:43:34,874 - INFO - Loaded: Dron
2026-02-22 01:43:36,087 - INFO - Loaded: Nishika
2026-02-22 01:43:37,245 - INFO - Loaded: Nishit
2026-02-22 01:43:39,567 - INFO - Loaded: Tushar
2026-02-22 01:43:41,038 - INFO - Loaded: vini
2026-02-22 01:43:41,038 - INFO - Known people (5): Dron, Nishika, Nishit, Tushar, vini
2026-02-22 01:43:45,623 - INFO - Camera open — press Q to quit
2026-02-22 01:43:47,395 - INFO - First face detected
2026-02-22 01:43:47,396 - INFO - SPEAKING: Face not recognised. Please register.
2026-02-22 01:43:48,650 - INFO - RECOGNISED: Nishika (dist=0.593)
2026-02-22 01:43:48,651 - INFO - Nishika — already marked today
2026-02-22 01:43:51,925 - INFO - DONE SPEAKING
2026-02-22 01:43:51,926 - INFO - SPEAKING: Hi Nishika! Your attendance is already marked for today. Have a great day!
2026-02-22 01:43:59,151 - INFO - DONE SPEAKING
2026-02-22 01:43:59,152 - INFO - SPEAKING: Face not recognised. Please register.
2026-02-22 01:43:59,152 - INFO - Conversation done for Nishika
2026-02-22 01:44:04,014 - INFO - DONE SPEAKING
2026-02-22 01:44:04,014 - INFO - SPEAKING: Face not recognised. Please register.
2026-02-22 01:44:08,330 - INFO - RECOGNISED: Nishika (dist=0.575)
2026-02-22 01:44:08,331 - INFO - Nishika — already marked today
2026-02-22 01:44:09,042 - INFO - DONE SPEAKING
2026-02-22 01:44:09,042 - INFO - SPEAKING: Face not recognised. Please register.
2026-02-22 01:44:13,550 - INFO - DONE SPEAKING
2026-02-22 01:44:13,551 - INFO - SPEAKING: Hi Nishika! Your attendance is already marked for today. Have a great day!
2026-02-22 01:44:20,425 - INFO - DONE SPEAKING
2026-02-22 01:44:20,426 - INFO - SPEAKING: Face not recognised. Please register.
2026-02-22 01:44:20,426 - INFO - Conversation done for Nishika
2026-02-22 01:46:40,284 - INFO - Already marked today: Nishika
2026-02-22 01:46:40,285 - INFO - AttendanceManager ready
2026-02-22 01:46:40,286 - INFO - SpeechManager ready
2026-02-22 01:46:41,560 - INFO - Calibrating microphone…
2026-02-22 01:46:42,599 - INFO - SpeechRecognizer ready
2026-02-22 01:46:42,600 - INFO - ============================================================
2026-02-22 01:46:42,600 - INFO - FACE RECOGNITION ATTENDANCE SYSTEM
2026-02-22 01:46:42,600 - INFO - ============================================================
2026-02-22 01:46:43,401 - INFO - Loaded: Dron
2026-02-22 01:46:44,139 - INFO - Loaded: Nishika
2026-02-22 01:46:44,930 - INFO - Loaded: Nishit
2026-02-22 01:46:46,507 - INFO - Loaded: Tushar
2026-02-22 01:46:47,334 - INFO - Loaded: vini
2026-02-22 01:46:47,334 - INFO - Known people (5): Dron, Nishika, Nishit, Tushar, vini
2026-02-22 01:46:53,568 - INFO - Camera open — press Q to quit
2026-02-22 01:46:54,501 - INFO - First face detected
2026-02-22 01:46:54,501 - INFO - RECOGNISED: Nishika (dist=0.599)
2026-02-22 01:46:54,503 - INFO - Nishika — already marked today
2026-02-22 01:46:54,503 - INFO - SPEAKING: Hi Nishika! Your attendance is already marked for today. Have a great day!
2026-02-22 01:47:02,182 - INFO - DONE SPEAKING
2026-02-22 01:47:02,183 - INFO - Conversation done for Nishika
2026-02-22 01:47:10,319 - INFO - SPEAKING: Face not recognised. Please register.
2026-02-22 01:47:14,241 - INFO - RECOGNISED: Nishika (dist=0.584)
2026-02-22 01:47:14,243 - INFO - Nishika — already marked today
2026-02-22 01:47:15,038 - INFO - DONE SPEAKING
2026-02-22 01:47:15,038 - INFO - SPEAKING: Hi Nishika! Your attendance is already marked for today. Have a great day!
2026-02-22 01:47:24,458 - INFO - AttendanceManager ready
2026-02-22 01:47:24,458 - INFO - SpeechManager ready
2026-02-22 01:47:25,043 - INFO - Calibrating microphone…
2026-02-22 01:47:26,090 - INFO - SpeechRecognizer ready
2026-02-22 01:47:26,090 - INFO - ============================================================
2026-02-22 01:47:26,090 - INFO - FACE RECOGNITION ATTENDANCE SYSTEM
2026-02-22 01:47:26,091 - INFO - ============================================================
2026-02-22 01:47:26,889 - INFO - Loaded: Dron
2026-02-22 01:47:27,605 - INFO - Loaded: Nishika
2026-02-22 01:47:28,373 - INFO - Loaded: Nishit
2026-02-22 01:47:29,942 - INFO - Loaded: Tushar
2026-02-22 01:47:30,791 - INFO - Loaded: vini
2026-02-22 01:47:30,792 - INFO - Known people (5): Dron, Nishika, Nishit, Tushar, vini
2026-02-22 01:47:33,205 - INFO - Camera open — press Q to quit
2026-02-22 01:47:34,078 - INFO - First face detected
2026-02-22 01:47:34,079 - INFO - RECOGNISED: Nishika (dist=0.576)
2026-02-22 01:47:34,080 - INFO - STEP 1 — Greeting Nishika
2026-02-22 01:47:34,081 - INFO - SPEAKING: Hi Nishika! How are you today?
2026-02-22 01:47:37,858 - INFO - DONE SPEAKING
2026-02-22 01:47:37,858 - INFO - STEP 2 — Listening
2026-02-22 01:47:38,202 - INFO - LISTENING…
2026-02-22 01:47:43,353 - WARNING - COULD NOT UNDERSTAND audio
2026-02-22 01:47:43,354 - INFO - STEP 2 — Got: 'None'
2026-02-22 01:47:43,355 - INFO - STEP 3 — Mood: Neutral
2026-02-22 01:47:43,356 - INFO - ATTENDANCE MARKED: Nishika | 01:47:43 | Neutral
2026-02-22 01:47:43,356 - INFO - STEP 4 — Attendance saved
2026-02-22 01:47:43,357 - INFO - STEP 5 — Replying: Good to see you, Nishika! Hope you have a really good day today!
2026-02-22 01:47:43,357 - INFO - SPEAKING: Good to see you, Nishika! Hope you have a really good day today!
2026-02-22 01:47:48,856 - INFO - DONE SPEAKING
2026-02-22 01:47:48,856 - INFO - Conversation done for Nishika
2026-02-22 01:47:54,074 - INFO - RECOGNISED: Nishika (dist=0.542)
2026-02-22 01:47:54,075 - INFO - Nishika — already marked today
2026-02-22 01:47:54,075 - INFO - SPEAKING: Hi Nishika! Your attendance is already marked for today. Have a great day!
2026-02-22 01:48:40,348 - INFO - AttendanceManager ready
2026-02-22 01:48:40,349 - INFO - SpeechManager ready
2026-02-22 01:48:41,599 - INFO - Calibrating microphone…
2026-02-22 01:48:42,639 - INFO - SpeechRecognizer ready
2026-02-22 01:48:42,639 - INFO - ============================================================
2026-02-22 01:48:42,639 - INFO - FACE RECOGNITION ATTENDANCE SYSTEM
2026-02-22 01:48:42,640 - INFO - ============================================================
2026-02-22 01:48:43,439 - INFO - Loaded: Dron
2026-02-22 01:48:44,176 - INFO - Loaded: Nishika
2026-02-22 01:48:45,008 - INFO - Loaded: Nishit
2026-02-22 01:48:46,554 - INFO - Loaded: Tushar
2026-02-22 01:48:47,425 - INFO - Loaded: vini
2026-02-22 01:48:47,426 - INFO - Known people (5): Dron, Nishika, Nishit, Tushar, vini
2026-02-22 01:48:50,651 - INFO - Camera open — press Q to quit
2026-02-22 01:48:51,583 - INFO - First face detected
2026-02-22 01:48:51,584 - INFO - SPEAKING: Face not recognised. Please register.
2026-02-22 01:48:51,974 - INFO - RECOGNISED: Nishika (dist=0.566)
2026-02-22 01:48:51,976 - INFO - STEP 1 — Greeting Nishika
2026-02-22 01:48:55,871 - INFO - DONE SPEAKING
2026-02-22 01:48:55,871 - INFO - SPEAKING: Hi Nishika! How are you today?
2026-02-22 01:48:59,988 - INFO - DONE SPEAKING
2026-02-22 01:48:59,989 - INFO - STEP 2 — Listening
2026-02-22 01:49:00,384 - INFO - LISTENING…
2026-02-22 01:49:05,320 - WARNING - COULD NOT UNDERSTAND audio
2026-02-22 01:49:05,320 - INFO - STEP 2 — Got: 'None'
2026-02-22 01:49:05,321 - INFO - STEP 3 — Mood: Neutral
2026-02-22 01:49:05,321 - INFO - ATTENDANCE MARKED: Nishika | 01:49:05 | Neutral
2026-02-22 01:49:05,321 - INFO - STEP 4 — Attendance saved
2026-02-22 01:49:05,322 - INFO - STEP 5 — Replying: Good to see you, Nishika! Hope you have a really good day today!
2026-02-22 01:49:05,322 - INFO - SPEAKING: Good to see you, Nishika! Hope you have a really good day today!
2026-02-22 01:49:11,423 - INFO - DONE SPEAKING
2026-02-22 01:49:11,424 - INFO - Conversation done for Nishika
2026-02-22 01:49:12,420 - INFO - RECOGNISED: Nishika (dist=0.582)
2026-02-22 01:49:12,421 - INFO - Nishika — already marked today
2026-02-22 01:49:12,421 - INFO - SPEAKING: Hi Nishika! Your attendance is already marked for today. Have a great day!
2026-02-22 01:49:19,442 - INFO - DONE SPEAKING
2026-02-22 01:49:19,442 - INFO - Conversation done for Nishika
2026-02-22 01:49:28,297 - INFO - SPEAKING: Face not recognised. Please register.
2026-02-22 01:49:32,577 - INFO - DONE SPEAKING
2026-02-22 01:49:33,324 - INFO - RECOGNISED: Nishika (dist=0.599)
2026-02-22 01:49:33,326 - INFO - Nishika — already marked today
2026-02-22 01:49:33,326 - INFO - SPEAKING: Hi Nishika! Your attendance is already marked for today. Have a great day!
2026-02-22 01:51:30,648 - INFO - AttendanceManager ready
2026-02-22 01:51:30,649 - INFO - SpeechManager ready
2026-02-22 01:51:31,829 - INFO - Calibrating microphone…
2026-02-22 01:51:32,869 - INFO - SpeechRecognizer ready
2026-02-22 01:51:32,869 - INFO - ============================================================
2026-02-22 01:51:32,869 - INFO - FACE RECOGNITION ATTENDANCE SYSTEM
2026-02-22 01:51:32,870 - INFO - ============================================================
2026-02-22 01:51:33,708 - INFO - Loaded: Dron
2026-02-22 01:51:34,447 - INFO - Loaded: Nishika
2026-02-22 01:51:35,231 - INFO - Loaded: Nishit
2026-02-22 01:51:36,778 - INFO - Loaded: Tushar
2026-02-22 01:51:37,733 - INFO - Loaded: vini
2026-02-22 01:51:37,734 - INFO - Known people (5): Dron, Nishika, Nishit, Tushar, vini
2026-02-22 01:51:40,762 - INFO - Camera open — press Q to quit
2026-02-22 01:51:41,676 - INFO - First face detected
2026-02-22 01:51:41,677 - INFO - SPEAKING: Face not recognised. Please register.
2026-02-22 01:51:42,075 - INFO - RECOGNISED: Nishika (dist=0.562)
2026-02-22 01:51:42,077 - INFO - STEP 1 — Greeting Nishika
2026-02-22 01:51:46,055 - INFO - DONE SPEAKING
2026-02-22 01:51:46,055 - INFO - SPEAKING: Hi Nishika! How are you today?
2026-02-22 01:51:49,804 - INFO - DONE SPEAKING
2026-02-22 01:51:49,805 - INFO - STEP 2 — Listening
2026-02-22 01:51:50,146 - INFO - LISTENING…
2026-02-22 01:51:55,795 - WARNING - COULD NOT UNDERSTAND audio
2026-02-22 01:51:55,795 - INFO - STEP 2 — Got: 'None'
2026-02-22 01:51:55,796 - INFO - STEP 3 — Mood: Neutral
2026-02-22 01:51:55,797 - INFO - ATTENDANCE MARKED: Nishika | 01:51:55 | Neutral
2026-02-22 01:51:55,797 - INFO - STEP 4 — Attendance saved
2026-02-22 01:51:55,798 - INFO - STEP 5 — Replying: Good to see you, Nishika! Hope you have a really good day today!
2026-02-22 01:51:55,798 - INFO - SPEAKING: Good to see you, Nishika! Hope you have a really good day today!
2026-02-22 01:52:01,492 - INFO - DONE SPEAKING
2026-02-22 01:52:01,492 - INFO - Conversation done for Nishika
2026-02-22 01:52:01,833 - INFO - RECOGNISED: Nishika (dist=0.573)
2026-02-22 01:52:21,946 - INFO - RECOGNISED: Nishika (dist=0.551)
2026-02-22 01:52:39,428 - INFO - SPEAKING: Please step back to mark attendance
2026-02-22 01:52:43,272 - INFO - DONE SPEAKING
2026-02-22 01:52:43,272 - INFO - SPEAKING: Face not recognised. Please register.
2026-02-22 01:52:47,218 - INFO - RECOGNISED: Nishika (dist=0.553)
2026-02-22 01:52:47,634 - INFO - DONE SPEAKING
2026-02-22 01:53:08,238 - INFO - SPEAKING: Please step back to mark attendance
2026-02-22 01:53:09,447 - INFO - RECOGNISED: Nishika (dist=0.580)
2026-02-22 01:53:12,733 - INFO - DONE SPEAKING
2026-02-22 01:53:29,231 - INFO - RECOGNISED: Nishika (dist=0.557)
2026-02-22 01:53:46,370 - INFO - Already marked today: Nishika
2026-02-22 01:53:46,370 - INFO - AttendanceManager ready
2026-02-22 01:53:46,371 - INFO - SpeechManager ready
2026-02-22 01:53:47,527 - INFO - Calibrating microphone…
2026-02-22 01:53:48,569 - INFO - SpeechRecognizer ready
2026-02-22 01:53:48,570 - INFO - ============================================================
2026-02-22 01:53:48,570 - INFO - FACE RECOGNITION ATTENDANCE SYSTEM
2026-02-22 01:53:48,570 - INFO - ============================================================
2026-02-22 01:53:49,329 - INFO - Loaded: Dron
2026-02-22 01:53:50,067 - INFO - Loaded: Nishika
2026-02-22 01:53:50,835 - INFO - Loaded: Nishit
2026-02-22 01:53:52,323 - INFO - Loaded: Tushar
2026-02-22 01:53:53,171 - INFO - Loaded: vini
2026-02-22 01:53:53,172 - INFO - Known people (5): Dron, Nishika, Nishit, Tushar, vini
2026-02-22 01:54:01,591 - INFO - Camera open — press Q to quit
2026-02-22 01:54:02,639 - INFO - First face detected
2026-02-22 01:54:02,639 - INFO - RECOGNISED: Nishika (dist=0.496)
2026-02-22 01:54:02,640 - INFO - Nishika — already marked today
2026-02-22 01:54:02,641 - INFO - SPEAKING: Hi Nishika! Your attendance is already marked for today. Have a great day!
2026-02-22 01:54:10,353 - INFO - DONE SPEAKING
2026-02-22 01:54:10,354 - INFO - Conversation done for Nishika
2026-02-22 01:54:22,488 - INFO - RECOGNISED: Nishika (dist=0.568)
2026-02-22 01:54:29,594 - INFO - Camera open — press Q to quit
2026-02-22 01:54:30,797 - INFO - First face detected
2026-02-22 01:54:30,818 - ERROR - Frame read failed
2026-02-22 01:54:30,871 - INFO - ============================================================
2026-02-22 01:54:30,871 - INFO - SESSION SUMMARY
2026-02-22 01:54:30,871 - INFO -   Recognised : Nishika
2026-02-22 01:54:30,872 - INFO -   Present    : Nishika
2026-02-22 01:54:30,872 - INFO - ============================================================
2026-02-22 01:54:42,931 - INFO - AttendanceManager ready
2026-02-22 01:54:42,932 - INFO - SpeechManager ready
2026-02-22 01:54:44,121 - INFO - Calibrating microphone…
2026-02-22 01:54:45,158 - INFO - SpeechRecognizer ready
2026-02-22 01:54:45,158 - INFO - ============================================================
2026-02-22 01:54:45,158 - INFO - FACE RECOGNITION ATTENDANCE SYSTEM
2026-02-22 01:54:45,158 - INFO - ============================================================
2026-02-22 01:54:45,960 - INFO - Loaded: Dron
2026-02-22 01:54:46,754 - INFO - Loaded: Nishika
2026-02-22 01:54:47,668 - INFO - Loaded: Nishit
2026-02-22 01:54:49,558 - INFO - Loaded: Tushar
2026-02-22 01:54:50,387 - INFO - Loaded: vini
2026-02-22 01:54:50,388 - INFO - Known people (5): Dron, Nishika, Nishit, Tushar, vini
2026-02-22 01:54:59,255 - INFO - Camera open — press Q to quit
2026-02-22 01:55:00,140 - INFO - First face detected
2026-02-22 01:55:00,141 - INFO - RECOGNISED: Nishika (dist=0.499)
2026-02-22 01:55:00,142 - INFO - STEP 1 — Greeting Nishika
2026-02-22 01:55:00,143 - INFO - SPEAKING: Hi Nishika! How are you today?
2026-02-22 01:55:04,911 - INFO - DONE SPEAKING
2026-02-22 01:55:04,912 - INFO - STEP 2 — Listening
2026-02-22 01:55:05,318 - INFO - LISTENING…
2026-02-22 01:55:17,838 - WARNING - COULD NOT UNDERSTAND audio
2026-02-22 01:55:17,839 - INFO - STEP 2 — Got: 'None'
2026-02-22 01:55:17,839 - INFO - STEP 3 — Mood: Neutral
2026-02-22 01:55:17,840 - INFO - ATTENDANCE MARKED: Nishika | 01:55:17 | Neutral
2026-02-22 01:55:17,840 - INFO - STEP 4 — Attendance saved
2026-02-22 01:55:17,840 - INFO - STEP 5 — Replying: Good to see you, Nishika! Hope you have a really good day today!
2026-02-22 01:55:17,840 - INFO - SPEAKING: Good to see you, Nishika! Hope you have a really good day today!
2026-02-22 01:55:23,319 - INFO - DONE SPEAKING
2026-02-22 01:55:23,319 - INFO - Conversation done for Nishika
2026-02-22 01:55:23,667 - INFO - RECOGNISED: Nishika (dist=0.552)
2026-02-22 01:55:44,199 - INFO - RECOGNISED: Nishika (dist=0.563)
2026-02-22 01:55:46,869 - INFO - SPEAKING: Please step back to mark attendance
2026-02-22 01:55:50,711 - INFO - DONE SPEAKING
2026-02-22 01:55:55,041 - INFO - SPEAKING: Face not recognised. Please register.
2026-02-22 01:55:59,381 - INFO - DONE SPEAKING
2026-02-22 01:57:52,332 - INFO - AttendanceManager ready
2026-02-22 01:57:52,333 - INFO - SpeechManager ready
2026-02-22 01:57:53,690 - INFO - Calibrating microphone…
2026-02-22 01:57:55,727 - INFO - SpeechRecognizer ready
2026-02-22 01:57:55,728 - INFO - ============================================================
2026-02-22 01:57:55,728 - INFO - FACE RECOGNITION ATTENDANCE SYSTEM
2026-02-22 01:57:55,728 - INFO - ============================================================
2026-02-22 01:57:56,572 - INFO - Loaded: Dron
2026-02-22 01:57:57,307 - INFO - Loaded: Nishika
2026-02-22 01:57:58,178 - INFO - Loaded: Nishit
2026-02-22 01:57:59,705 - INFO - Loaded: Tushar
2026-02-22 01:58:00,586 - INFO - Loaded: vini
2026-02-22 01:58:00,587 - INFO - Known people (5): Dron, Nishika, Nishit, Tushar, vini
2026-02-22 01:58:03,809 - INFO - Camera open — press Q to quit
2026-02-22 01:58:04,630 - INFO - First face detected
2026-02-22 01:58:04,631 - INFO - RECOGNISED: Nishika (dist=0.543)
2026-02-22 01:58:04,631 - INFO - STEP 1 — Greeting Nishika
2026-02-22 01:58:04,631 - INFO - SPEAKING: Hi Nishika! How are you today?
2026-02-22 01:58:08,485 - INFO - DONE SPEAKING
2026-02-22 01:58:08,485 - INFO - STEP 2 — Listening
2026-02-22 01:58:09,366 - INFO - LISTENING… (energy threshold: 108)
2026-02-22 01:58:17,425 - INFO - Audio captured — sending to Google STT…
2026-02-22 01:58:18,638 - WARNING - COULD NOT UNDERSTAND — audio captured but unclear. Check mic/accent.
2026-02-22 01:58:18,638 - INFO - STEP 2 — Got: 'None'
2026-02-22 01:58:18,639 - INFO - STEP 2 — No response, prompting again
2026-02-22 01:58:18,640 - INFO - SPEAKING: I didn't catch that. How are you feeling today?
2026-02-22 01:58:23,316 - INFO - DONE SPEAKING
2026-02-22 01:58:24,177 - INFO - LISTENING… (energy threshold: 61)
2026-02-22 01:58:41,256 - INFO - Audio captured — sending to Google STT…
2026-02-22 01:58:42,748 - WARNING - COULD NOT UNDERSTAND — audio captured but unclear. Check mic/accent.
2026-02-22 01:58:42,749 - INFO - STEP 2 retry — Got: 'None'
2026-02-22 01:58:42,750 - INFO - STEP 3 — Mood: Neutral
2026-02-22 01:58:42,751 - INFO - ATTENDANCE MARKED: Nishika | 01:58:42 | Neutral
2026-02-22 01:58:42,751 - INFO - STEP 4 — Attendance saved
2026-02-22 01:58:42,752 - INFO - STEP 5 — Replying: Good to see you, Nishika! Hope you have a really good day today!
2026-02-22 01:58:42,752 - INFO - SPEAKING: Good to see you, Nishika! Hope you have a really good day today!
2026-02-22 01:58:48,496 - INFO - DONE SPEAKING
2026-02-22 01:58:48,497 - INFO - Conversation done for Nishika
2026-02-22 01:58:48,951 - INFO - RECOGNISED: Nishika (dist=0.552)
2026-02-22 01:59:12,359 - INFO - Already marked today: Nishika
2026-02-22 01:59:12,360 - INFO - AttendanceManager ready
2026-02-22 01:59:12,360 - INFO - SpeechManager ready
2026-02-22 01:59:13,547 - INFO - Calibrating microphone…
2026-02-22 01:59:15,582 - INFO - SpeechRecognizer ready
2026-02-22 01:59:15,582 - INFO - ============================================================
2026-02-22 01:59:15,582 - INFO - FACE RECOGNITION ATTENDANCE SYSTEM
2026-02-22 01:59:15,582 - INFO - ============================================================
2026-02-22 01:59:16,451 - INFO - Loaded: Dron
2026-02-22 01:59:17,202 - INFO - Loaded: Nishika
2026-02-22 01:59:18,003 - INFO - Loaded: Nishit
2026-02-22 01:59:19,518 - INFO - Loaded: Tushar
2026-02-22 01:59:20,304 - INFO - Loaded: vini
2026-02-22 01:59:20,305 - INFO - Known people (5): Dron, Nishika, Nishit, Tushar, vini
2026-02-22 01:59:24,826 - INFO - Camera open — press Q to quit
2026-02-22 01:59:25,714 - INFO - First face detected
2026-02-22 01:59:25,716 - INFO - SPEAKING: Face not recognised. Please register.
2026-02-22 01:59:26,130 - INFO - RECOGNISED: Nishika (dist=0.561)
2026-02-22 01:59:26,132 - INFO - Nishika — already marked today
2026-02-22 01:59:30,421 - INFO - DONE SPEAKING
2026-02-22 01:59:30,421 - INFO - SPEAKING: Hi Nishika! Your attendance is already marked for today. Have a great day!
2026-02-22 01:59:37,206 - INFO - DONE SPEAKING
2026-02-22 01:59:54,635 - INFO - AttendanceManager ready
2026-02-22 01:59:54,636 - INFO - SpeechManager ready
2026-02-22 01:59:55,855 - INFO - Calibrating microphone…
2026-02-22 01:59:57,900 - INFO - SpeechRecognizer ready
2026-02-22 01:59:57,901 - INFO - ============================================================
2026-02-22 01:59:57,901 - INFO - FACE RECOGNITION ATTENDANCE SYSTEM
2026-02-22 01:59:57,901 - INFO - ============================================================
2026-02-22 01:59:58,739 - INFO - Loaded: Dron
2026-02-22 01:59:59,493 - INFO - Loaded: Nishika
2026-02-22 02:00:00,300 - INFO - Loaded: Nishit
2026-02-22 02:00:01,699 - INFO - Loaded: Tushar
2026-02-22 02:00:02,483 - INFO - Loaded: vini
2026-02-22 02:00:02,484 - INFO - Known people (5): Dron, Nishika, Nishit, Tushar, vini
2026-02-22 02:00:11,290 - INFO - Camera open — press Q to quit
2026-02-22 02:00:12,211 - INFO - First face detected
2026-02-22 02:00:12,211 - INFO - RECOGNISED: Nishika (dist=0.576)
2026-02-22 02:00:12,213 - INFO - STEP 1 — Greeting Nishika
2026-02-22 02:00:12,213 - INFO - SPEAKING: Hi Nishika! How are you today?
2026-02-22 02:00:16,825 - INFO - DONE SPEAKING
2026-02-22 02:00:16,825 - INFO - STEP 2 — Listening
2026-02-22 02:00:17,627 - INFO - LISTENING… (energy threshold: 113)
2026-02-22 02:00:26,012 - INFO - Audio captured — sending to Google STT…
2026-02-22 02:00:27,206 - WARNING - COULD NOT UNDERSTAND — audio captured but unclear. Check mic/accent.
2026-02-22 02:00:27,206 - INFO - STEP 2 — Got: 'None'
2026-02-22 02:00:27,207 - INFO - STEP 2 — No response, prompting again
2026-02-22 02:00:27,208 - INFO - SPEAKING: I didn't catch that. How are you feeling today?
2026-02-22 02:00:31,727 - INFO - DONE SPEAKING
2026-02-22 02:00:32,454 - INFO - LISTENING… (energy threshold: 63)
2026-02-22 02:00:50,279 - INFO - Audio captured — sending to Google STT…
2026-02-22 02:00:51,467 - WARNING - COULD NOT UNDERSTAND — audio captured but unclear. Check mic/accent.
2026-02-22 02:00:51,467 - INFO - STEP 2 retry — Got: 'None'
2026-02-22 02:00:51,467 - INFO - STEP 3 — Mood: Neutral
2026-02-22 02:00:51,469 - INFO - ATTENDANCE MARKED: Nishika | 02:00:51 | Neutral
2026-02-22 02:00:51,469 - INFO - STEP 4 — Attendance saved
2026-02-22 02:00:51,471 - INFO - STEP 5 — Replying: Good to see you, Nishika! Hope you have a really good day today!
2026-02-22 02:00:51,471 - INFO - SPEAKING: Good to see you, Nishika! Hope you have a really good day today!
2026-02-22 02:00:56,985 - INFO - DONE SPEAKING
2026-02-22 02:00:56,986 - INFO - Conversation done for Nishika
2026-02-22 02:00:57,330 - INFO - RECOGNISED: Nishika (dist=0.586)
2026-02-22 02:01:13,296 - INFO - SPEAKING: Face not recognised. Please register.
2026-02-22 02:01:18,860 - INFO - DONE SPEAKING
2026-02-22 02:01:19,285 - INFO - RECOGNISED: Nishika (dist=0.600)
2026-02-22 02:04:14,413 - INFO - Already marked today: Nishika
2026-02-22 02:04:14,414 - INFO - AttendanceManager ready
2026-02-22 02:04:14,415 - INFO - SpeechManager ready
2026-02-22 02:04:15,589 - INFO - Calibrating microphone…
2026-02-22 02:04:16,630 - INFO - SpeechRecognizer ready
2026-02-22 02:04:16,630 - INFO - ============================================================
2026-02-22 02:04:16,630 - INFO - FACE RECOGNITION ATTENDANCE SYSTEM
2026-02-22 02:04:16,631 - INFO - ============================================================
2026-02-22 02:04:17,454 - INFO - Loaded: Dron
2026-02-22 02:04:18,154 - INFO - Loaded: Nishika
2026-02-22 02:04:18,943 - INFO - Loaded: Nishit
2026-02-22 02:04:20,461 - INFO - Loaded: Tushar
2026-02-22 02:04:21,237 - INFO - Loaded: vini
2026-02-22 02:04:21,238 - INFO - Known people (5): Dron, Nishika, Nishit, Tushar, vini
2026-02-22 02:04:25,883 - INFO - Camera open — press Q to quit
2026-02-22 02:04:26,851 - INFO - First face detected
2026-02-22 02:04:26,852 - INFO - RECOGNISED: Nishika (dist=0.570)
2026-02-22 02:04:26,853 - INFO - Nishika — already marked today
2026-02-22 02:04:26,854 - INFO - SPEAKING: Hi Nishika! Your attendance is already marked for today. Have a great day!
2026-02-22 02:04:33,332 - INFO - DONE SPEAKING
2026-02-22 02:04:33,332 - INFO - Conversation done for Nishika
2026-02-22 02:04:56,071 - INFO - AttendanceManager ready
2026-02-22 02:04:56,072 - INFO - SpeechManager ready
2026-02-22 02:04:57,265 - INFO - Calibrating microphone…
2026-02-22 02:04:58,307 - INFO - SpeechRecognizer ready
2026-02-22 02:04:58,308 - INFO - ============================================================
2026-02-22 02:04:58,308 - INFO - FACE RECOGNITION ATTENDANCE SYSTEM
2026-02-22 02:04:58,308 - INFO - ============================================================
2026-02-22 02:04:59,081 - INFO - Loaded: Dron
2026-02-22 02:04:59,776 - INFO - Loaded: Nishika
2026-02-22 02:05:00,689 - INFO - Loaded: Nishit
2026-02-22 02:05:02,175 - INFO - Loaded: Tushar
2026-02-22 02:05:02,944 - INFO - Loaded: vini
2026-02-22 02:05:02,945 - INFO - Known people (5): Dron, Nishika, Nishit, Tushar, vini
2026-02-22 02:05:07,159 - INFO - Camera open — press Q to quit
2026-02-22 02:05:08,024 - INFO - First face detected
2026-02-22 02:05:08,026 - INFO - SPEAKING: Face not recognised. Please register.
2026-02-22 02:05:08,417 - INFO - RECOGNISED: Nishika (dist=0.536)
2026-02-22 02:05:08,420 - INFO - STEP 1 — Greeting Nishika
2026-02-22 02:05:12,257 - INFO - DONE SPEAKING
2026-02-22 02:05:12,257 - INFO - SPEAKING: Hi Nishika! How are you today?
2026-02-22 02:05:15,793 - INFO - DONE SPEAKING
2026-02-22 02:05:15,793 - INFO - STEP 2 — Listening
2026-02-22 02:05:16,594 - INFO - LISTENING… (energy threshold: 400)
2026-02-22 02:05:18,849 - INFO - Audio captured — sending to Google STT…
2026-02-22 02:05:19,420 - INFO - HEARD: 'I am good'
2026-02-22 02:05:19,420 - INFO - STEP 2 — Got: 'i am good'
2026-02-22 02:05:19,420 - INFO - Mood → Happy (matched 'good')
2026-02-22 02:05:19,421 - INFO - STEP 3 — Mood: Happy
2026-02-22 02:05:19,421 - INFO - ATTENDANCE MARKED: Nishika | 02:05:19 | Happy
2026-02-22 02:05:19,421 - INFO - STEP 4 — Attendance saved
2026-02-22 02:05:19,422 - INFO - STEP 5 — Replying: That's great to hear, Nishika! You sound happy today. Have a wonderful day ahead!
2026-02-22 02:05:19,422 - INFO - SPEAKING: That's great to hear, Nishika! You sound happy today. Have a wonderful day ahead!
2026-02-22 02:05:26,750 - INFO - DONE SPEAKING
2026-02-22 02:05:26,751 - INFO - Conversation done for Nishika
2026-02-22 02:05:28,203 - INFO - RECOGNISED: Nishika (dist=0.555)
2026-02-22 02:05:39,239 - INFO - Camera open — press Q to quit
2026-02-22 02:05:40,023 - INFO - First face detected
2026-02-22 02:05:40,808 - ERROR - Frame read failed
2026-02-22 02:05:40,832 - INFO - ============================================================
2026-02-22 02:05:40,832 - INFO - SESSION SUMMARY
2026-02-22 02:05:40,832 - INFO -   Recognised : Nishika
2026-02-22 02:05:40,833 - INFO -   Present    : Nishika
2026-02-22 02:05:40,833 - INFO - ============================================================
2026-02-22 02:05:48,359 - INFO - RECOGNISED: Nishika (dist=0.542)
2026-02-22 02:07:21,095 - INFO - AttendanceManager ready
2026-02-22 02:07:21,096 - INFO - SpeechManager ready
2026-02-22 02:07:22,242 - INFO - Calibrating microphone…
2026-02-22 02:07:23,285 - INFO - SpeechRecognizer ready
2026-02-22 02:07:23,286 - INFO - ============================================================
2026-02-22 02:07:23,286 - INFO - FACE RECOGNITION ATTENDANCE SYSTEM
2026-02-22 02:07:23,286 - INFO - ============================================================
2026-02-22 02:07:24,088 - INFO - Loaded: Dron
2026-02-22 02:07:24,877 - INFO - Loaded: Nishika
2026-02-22 02:07:25,713 - INFO - Loaded: Nishit
2026-02-22 02:07:27,251 - INFO - Loaded: Tushar
2026-02-22 02:07:28,067 - INFO - Loaded: vini
2026-02-22 02:07:28,067 - INFO - Known people (5): Dron, Nishika, Nishit, Tushar, vini
2026-02-22 02:07:29,010 - INFO - Camera open — press Q to quit
2026-02-22 02:07:29,729 - INFO - First face detected
2026-02-22 02:07:30,189 - INFO - RECOGNISED: Nishika (dist=0.563)
2026-02-22 02:07:30,191 - INFO - STEP 1 — Greeting Nishika
2026-02-22 02:07:30,191 - INFO - SPEAKING: Hi Nishika! How are you today?
2026-02-22 02:07:33,734 - INFO - DONE SPEAKING
2026-02-22 02:07:33,734 - INFO - STEP 2 — Listening
2026-02-22 02:07:34,535 - INFO - LISTENING… (energy threshold: 400)
2026-02-22 02:07:36,900 - INFO - Audio captured — sending to Google STT…
2026-02-22 02:07:37,548 - INFO - HEARD: 'I am good'
2026-02-22 02:07:37,548 - INFO - STEP 2 — Got: 'i am good'
2026-02-22 02:07:37,548 - INFO - Mood → Happy (matched 'good')
2026-02-22 02:07:37,549 - INFO - STEP 3 — Mood: Happy
2026-02-22 02:07:37,549 - INFO - ATTENDANCE MARKED: Nishika | 02:07:37 | Happy
2026-02-22 02:07:37,550 - INFO - STEP 4 — Attendance saved
2026-02-22 02:07:37,550 - INFO - STEP 5 — Replying: That's great to hear, Nishika! You sound happy today. Have a wonderful day ahead!
2026-02-22 02:07:37,550 - INFO - SPEAKING: That's great to hear, Nishika! You sound happy today. Have a wonderful day ahead!
2026-02-22 02:07:44,870 - INFO - DONE SPEAKING
2026-02-22 02:07:44,871 - INFO - Conversation done for Nishika
2026-02-22 02:07:50,019 - INFO - RECOGNISED: Nishika (dist=0.505)
2026-02-22 02:07:54,743 - INFO - SPEAKING: Please step back to mark attendance
2026-02-22 02:07:57,678 - INFO - DONE SPEAKING
2026-02-22 02:07:57,678 - INFO - SPEAKING: Face not recognised. Please register.
2026-02-22 02:21:48,737 - INFO - Already marked today: Nishika
2026-02-22 02:21:48,738 - INFO - AttendanceManager ready
2026-02-22 02:21:48,739 - INFO - SpeechManager ready
2026-02-22 02:21:50,163 - INFO - Calibrating microphone…
2026-02-22 02:21:51,205 - INFO - SpeechRecognizer ready
2026-02-22 02:21:51,205 - INFO - ============================================================
2026-02-22 02:21:51,206 - INFO - FACE RECOGNITION ATTENDANCE SYSTEM
2026-02-22 02:21:51,206 - INFO - ============================================================
2026-02-22 02:21:52,056 - INFO - Loaded: Dron
2026-02-22 02:21:52,827 - INFO - Loaded: Nishika
2026-02-22 02:21:53,627 - INFO - Loaded: Nishit
2026-02-22 02:21:55,113 - INFO - Loaded: Tushar
2026-02-22 02:21:55,987 - INFO - Loaded: vini
2026-02-22 02:21:55,987 - INFO - Known people (5): Dron, Nishika, Nishit, Tushar, vini
2026-02-22 02:22:19,600 - INFO - Wake word listener started — say 'Hey Alexi'
2026-02-22 02:22:19,601 - INFO - System standing by — say 'Hey Alexi' to begin
2026-02-22 02:22:21,103 - INFO - 👂 Waiting for 'Hey Alexi'...
2026-02-22 02:22:28,075 - INFO - Wake word heard: 'hey alexa'
2026-02-22 02:22:28,688 - INFO - 👂 Waiting for 'Hey Alexi'...
2026-02-22 02:22:31,322 - INFO - 👂 Waiting for 'Hey Alexi'...
2026-02-22 02:22:36,602 - INFO - 👂 Waiting for 'Hey Alexi'...
2026-02-22 02:22:41,179 - INFO - Wake word heard: 'hey alexa'
2026-02-22 02:22:41,788 - INFO - 👂 Waiting for 'Hey Alexi'...
2026-02-22 02:22:46,951 - INFO - 👂 Waiting for 'Hey Alexi'...
2026-02-22 02:22:52,100 - INFO - 👂 Waiting for 'Hey Alexi'...
2026-02-22 02:22:57,274 - INFO - 👂 Waiting for 'Hey Alexi'...
2026-02-22 02:22:59,568 - INFO - 👂 Waiting for 'Hey Alexi'...
2026-02-22 02:23:05,205 - INFO - 👂 Waiting for 'Hey Alexi'...
2026-02-22 02:24:28,780 - INFO - Already marked today: Nishika
2026-02-22 02:24:28,780 - INFO - AttendanceManager ready
2026-02-22 02:24:28,781 - INFO - SpeechManager ready
2026-02-22 02:24:29,949 - INFO - Calibrating microphone…
2026-02-22 02:24:30,986 - INFO - SpeechRecognizer ready
2026-02-22 02:24:30,986 - INFO - ============================================================
2026-02-22 02:24:30,986 - INFO - FACE RECOGNITION ATTENDANCE SYSTEM
2026-02-22 02:24:30,986 - INFO - ============================================================
2026-02-22 02:24:31,883 - INFO - Loaded: Dron
2026-02-22 02:24:32,673 - INFO - Loaded: Nishika
2026-02-22 02:24:33,532 - INFO - Loaded: Nishit
2026-02-22 02:24:34,947 - INFO - Loaded: Tushar
2026-02-22 02:24:35,708 - INFO - Loaded: vini
2026-02-22 02:24:35,709 - INFO - Known people (5): Dron, Nishika, Nishit, Tushar, vini
2026-02-22 02:37:43,872 - INFO - Wake word listener started — say 'Hey Alexi'
2026-02-22 02:37:43,873 - INFO - System standing by — say 'Hey Alexi' to begin
2026-02-22 02:37:45,381 - INFO - 👂 Waiting for 'Hey Alexi'...
2026-02-22 02:37:51,025 - INFO - 👂 Waiting for 'Hey Alexi'...
2026-02-22 02:37:56,691 - INFO - 👂 Waiting for 'Hey Alexi'...
2026-02-22 02:38:01,991 - INFO - 👂 Waiting for 'Hey Alexi'...
2026-02-22 02:38:07,322 - INFO - 👂 Waiting for 'Hey Alexi'...
2026-02-22 02:38:12,006 - INFO - Wake word heard: 'hey alexa'
2026-02-22 02:38:12,006 - INFO - ✅ Wake word detected!
2026-02-22 02:38:12,007 - INFO - SPEAKING: Yes! I'm here. Please look at the camera.
2026-02-22 02:38:12,130 - INFO - Session triggered — opening camera
2026-02-22 02:38:12,943 - INFO - Camera open — press Q to quit
2026-02-22 02:38:13,701 - INFO - First face detected
2026-02-22 02:38:17,420 - INFO - DONE SPEAKING
2026-02-22 02:38:17,421 - INFO - SPEAKING: Please step back, you are too close
2026-02-22 02:38:20,604 - INFO - RECOGNISED: Nishika (dist=0.519)
2026-02-22 02:38:20,606 - INFO - TTS queue cleared — dropped 1 stale item(s)
2026-02-22 02:38:20,607 - INFO - Nishika — already marked today
2026-02-22 02:38:20,857 - INFO - DONE SPEAKING
2026-02-22 02:38:20,857 - INFO - SPEAKING: Hi Nishika! Your attendance is already marked for today. Have a great day!
2026-02-22 02:38:27,332 - INFO - DONE SPEAKING
2026-02-22 02:38:27,332 - INFO - Conversation done for Nishika
2026-02-22 02:38:27,701 - INFO - SPEAKING: Please step back, you are too close
2026-02-22 02:38:31,217 - INFO - DONE SPEAKING
2026-02-22 02:39:14,891 - INFO - AttendanceManager ready
2026-02-22 02:39:14,892 - INFO - SpeechManager ready
2026-02-22 02:39:16,086 - INFO - Calibrating microphone…
2026-02-22 02:39:17,133 - INFO - SpeechRecognizer ready
2026-02-22 02:39:17,133 - INFO - ============================================================
2026-02-22 02:39:17,133 - INFO - FACE RECOGNITION ATTENDANCE SYSTEM
2026-02-22 02:39:17,134 - INFO - ============================================================
2026-02-22 02:39:17,871 - INFO - Loaded: Dron
2026-02-22 02:39:18,589 - INFO - Loaded: Nishika
2026-02-22 02:39:19,376 - INFO - Loaded: Nishit
2026-02-22 02:39:20,816 - INFO - Loaded: Tushar
2026-02-22 02:39:21,674 - INFO - Loaded: vini
2026-02-22 02:39:21,674 - INFO - Known people (5): Dron, Nishika, Nishit, Tushar, vini
2026-02-22 02:39:33,753 - INFO - Wake word listener started — say 'Hey Alexi'
2026-02-22 02:39:33,754 - INFO - System standing by — say 'Hey Alexi' to begin
2026-02-22 02:39:35,298 - INFO - 👂 Waiting for 'Hey Alexi'...
2026-02-22 02:39:40,658 - INFO - Wake word heard: 'hey alexa'
2026-02-22 02:39:40,660 - INFO - ✅ Wake word detected!
2026-02-22 02:39:40,661 - INFO - SPEAKING: Yes! I'm here. Please look at the camera.
2026-02-22 02:39:40,770 - INFO - Session triggered — opening camera
2026-02-22 02:39:41,591 - INFO - Camera open — press Q to quit
2026-02-22 02:39:42,314 - INFO - First face detected
2026-02-22 02:39:44,311 - INFO - RECOGNISED: Nishika (dist=0.598)
2026-02-22 02:39:44,311 - INFO - TTS queue cleared — dropped 1 stale item(s)
2026-02-22 02:39:44,312 - INFO - STEP 1 — Greeting Nishika
2026-02-22 02:39:45,572 - INFO - DONE SPEAKING
2026-02-22 02:39:45,572 - INFO - SPEAKING: Hi Nishika! How are you today?
2026-02-22 02:39:49,112 - INFO - DONE SPEAKING
2026-02-22 02:39:49,112 - INFO - STEP 2 — Listening
2026-02-22 02:39:49,913 - INFO - LISTENING… (energy threshold: 400)
2026-02-22 02:39:52,067 - INFO - Audio captured — sending to Google STT…
2026-02-22 02:39:52,599 - INFO - HEARD: 'I am good'
2026-02-22 02:39:52,599 - INFO - STEP 2 — Got: 'i am good'
2026-02-22 02:39:52,599 - INFO - Mood → Happy (matched 'good')
2026-02-22 02:39:52,600 - INFO - STEP 3 — Mood: Happy
2026-02-22 02:39:52,600 - INFO - ATTENDANCE MARKED: Nishika | 02:39:52 | Happy
2026-02-22 02:39:52,601 - INFO - STEP 4 — Attendance saved
2026-02-22 02:39:52,601 - INFO - STEP 5 — Replying: That's great to hear, Nishika! You sound happy today. Have a wonderful day ahead!
2026-02-22 02:39:52,601 - INFO - SPEAKING: That's great to hear, Nishika! You sound happy today. Have a wonderful day ahead!
2026-02-22 02:39:59,923 - INFO - DONE SPEAKING
2026-02-22 02:39:59,923 - INFO - Conversation done for Nishika
2026-02-22 02:40:02,525 - INFO - SPEAKING: Please step back, you are too close
2026-02-22 02:40:03,991 - INFO - RECOGNISED: Nishika (dist=0.485)
2026-02-22 02:40:06,528 - INFO - DONE SPEAKING
2026-02-22 02:54:29,726 - INFO - Already marked today: Nishika
2026-02-22 02:54:29,726 - INFO - AttendanceManager ready
2026-02-22 02:54:29,727 - INFO - SpeechManager ready
2026-02-22 02:54:30,643 - INFO - Calibrating microphone…
2026-02-22 02:54:31,689 - INFO - SpeechRecognizer ready
2026-02-22 02:54:31,689 - INFO - ============================================================
2026-02-22 02:54:31,690 - INFO - FACE RECOGNITION ATTENDANCE SYSTEM
2026-02-22 02:54:31,690 - INFO - ============================================================
2026-02-22 02:54:32,461 - INFO - Loaded: Dron
2026-02-22 02:54:33,508 - INFO - Loaded: Nishika
2026-02-22 02:54:34,577 - INFO - Loaded: Nishit
2026-02-22 02:54:35,253 - INFO - Loaded: Tushar
2026-02-22 02:54:36,084 - INFO - Loaded: vini
2026-02-22 02:54:36,084 - INFO - Known people (5): Dron, Nishika, Nishit, Tushar, vini
2026-02-22 02:54:55,927 - INFO - Wake word listener started — say 'Hey Alexi'
2026-02-22 02:54:55,927 - INFO - System standing by — say 'Hey Alexi' to begin
2026-02-22 02:54:57,149 - INFO - 👂 Waiting for 'Hey Alexi'...
2026-02-22 02:55:04,758 - INFO - Wake word heard: 'hey alexa'
2026-02-22 02:55:04,758 - INFO - ✅ Wake word detected!
2026-02-22 02:55:04,759 - INFO - SPEAKING: Yes! I'm here. Please look at the camera.
2026-02-22 02:55:04,954 - INFO - Session triggered — opening camera
2026-02-22 02:55:05,757 - INFO - Camera open — press Q to quit
2026-02-22 02:55:06,721 - INFO - First face detected
2026-02-22 02:55:07,554 - INFO - RECOGNISED: Nishika (dist=0.587)
2026-02-22 02:55:07,554 - INFO - TTS queue cleared — dropped 1 stale item(s)
2026-02-22 02:55:07,556 - INFO - Nishika — already marked today
2026-02-22 02:55:10,383 - INFO - DONE SPEAKING
2026-02-22 02:55:10,383 - INFO - SPEAKING: Hi Nishika! Your attendance is already marked for today. Have a great day!
2026-02-22 02:55:17,247 - INFO - DONE SPEAKING
2026-02-22 02:55:17,247 - INFO - Conversation done for Nishika
2026-02-22 02:59:53,750 - INFO - Already marked today: Nishika
2026-02-22 02:59:53,751 - INFO - AttendanceManager ready
2026-02-22 02:59:53,752 - INFO - SpeechManager ready
2026-02-22 02:59:54,713 - INFO - Calibrating microphone…
2026-02-22 02:59:55,763 - INFO - SpeechRecognizer ready
2026-02-22 02:59:55,763 - INFO - ============================================================
2026-02-22 02:59:55,763 - INFO - FACE RECOGNITION ATTENDANCE SYSTEM
2026-02-22 02:59:55,763 - INFO - ============================================================
2026-02-22 02:59:56,593 - INFO - Loaded: Dron
2026-02-22 02:59:57,331 - INFO - Loaded: Nishika
2026-02-22 02:59:58,145 - INFO - Loaded: Nishit
2026-02-22 02:59:58,699 - INFO - Loaded: Tushar
2026-02-22 02:59:59,485 - INFO - Loaded: vini
2026-02-22 02:59:59,485 - INFO - Known people (5): Dron, Nishika, Nishit, Tushar, vini
2026-02-22 03:03:49,920 - INFO - Already marked today: Nishika
2026-02-22 03:03:49,920 - INFO - AttendanceManager ready
2026-02-22 03:03:49,921 - INFO - SpeechManager ready
2026-02-22 03:03:51,107 - INFO - Calibrating microphone…
2026-02-22 03:03:52,149 - INFO - SpeechRecognizer ready
2026-02-22 03:03:52,149 - INFO - ============================================================
2026-02-22 03:03:52,150 - INFO - FACE RECOGNITION ATTENDANCE SYSTEM
2026-02-22 03:03:52,150 - INFO - ============================================================
2026-02-22 03:03:52,873 - INFO - Loaded: Dron
2026-02-22 03:03:53,537 - INFO - Loaded: Nishika
2026-02-22 03:03:54,274 - INFO - Loaded: Nishit
2026-02-22 03:03:54,775 - INFO - Loaded: Tushar
2026-02-22 03:03:55,534 - INFO - Loaded: vini
2026-02-22 03:03:55,534 - INFO - Known people (5): Dron, Nishika, Nishit, Tushar, vini
2026-02-22 03:15:51,970 - INFO - Already marked today: Nishika
2026-02-22 03:15:51,970 - INFO - AttendanceManager ready
2026-02-22 03:15:51,970 - INFO - SpeechManager ready
2026-02-22 03:15:52,905 - INFO - Calibrating microphone…
2026-02-22 03:15:53,958 - INFO - SpeechRecognizer ready
2026-02-22 03:15:53,959 - INFO - ============================================================
2026-02-22 03:15:53,959 - INFO - FACE RECOGNITION ATTENDANCE SYSTEM
2026-02-22 03:15:53,959 - INFO - ============================================================
2026-02-22 03:15:54,682 - INFO - Loaded: Dron
2026-02-22 03:15:55,343 - INFO - Loaded: Nishika
2026-02-22 03:15:56,079 - INFO - Loaded: Nishit
2026-02-22 03:15:56,599 - INFO - Loaded: Tushar
2026-02-22 03:15:57,472 - INFO - Loaded: vini
2026-02-22 03:15:57,473 - INFO - Known people (5): Dron, Nishika, Nishit, Tushar, vini
2026-02-22 03:21:50,968 - INFO - Wake word listener started — say 'Hey Alexi'
2026-02-22 03:21:50,969 - INFO - System standing by — say 'Hey Alexi' to begin
2026-02-22 03:21:52,199 - INFO - 👂 Waiting for 'Hey Alexi'...
2026-02-22 03:21:57,878 - INFO - 👂 Waiting for 'Hey Alexi'...
2026-02-22 03:22:01,713 - INFO - Wake word heard: 'hey alexa'
2026-02-22 03:22:01,713 - INFO - ✅ Wake word detected!
2026-02-22 03:22:01,714 - INFO - SPEAKING: Yes! I'm here. Please look at the camera.
2026-02-22 03:22:01,791 - INFO - Session triggered — opening camera
2026-02-22 03:22:02,566 - INFO - Camera open — press Q to quit
2026-02-22 03:22:03,257 - INFO - First face detected
2026-02-22 03:22:06,487 - INFO - RECOGNISED: Nishika (dist=0.540)
2026-02-22 03:22:06,488 - INFO - TTS queue cleared — dropped 1 stale item(s)
2026-02-22 03:22:06,489 - INFO - Nishika — already marked today
2026-02-22 03:22:06,943 - INFO - DONE SPEAKING
2026-02-22 03:22:06,943 - INFO - SPEAKING: Hi Nishika! Your attendance is already marked for today. Have a great day!
2026-02-22 03:22:13,807 - INFO - DONE SPEAKING
2026-02-22 03:22:13,807 - INFO - Conversation done for Nishika
2026-02-22 03:22:23,382 - INFO - SPEAKING: Face not recognised. Please register.
2026-02-22 03:22:26,670 - INFO - RECOGNISED: Nishika (dist=0.586)
2026-02-22 09:02:12,173 - INFO - Already marked today: Nishika
2026-02-22 09:02:12,173 - INFO - AttendanceManager ready
2026-02-22 09:02:12,174 - INFO - SpeechManager ready
2026-02-22 09:02:12,700 - INFO - Calibrating microphone…
2026-02-22 09:02:13,749 - INFO - SpeechRecognizer ready
2026-02-22 09:02:13,749 - INFO - ============================================================
2026-02-22 09:02:13,749 - INFO - FACE RECOGNITION ATTENDANCE SYSTEM
2026-02-22 09:02:13,749 - INFO - ============================================================
2026-02-22 09:02:14,583 - INFO - Loaded: Dron
2026-02-22 09:02:15,243 - INFO - Loaded: ghanisht
2026-02-22 09:02:15,925 - INFO - Loaded: Nishika
2026-02-22 09:02:16,753 - INFO - Loaded: Nishit
2026-02-22 09:02:17,388 - INFO - Loaded: Tushar
2026-02-22 09:02:18,221 - INFO - Loaded: vini
2026-02-22 09:02:18,221 - INFO - Known people (6): Dron, ghanisht, Nishika, Nishit, Tushar, vini
2026-02-22 09:17:52,803 - INFO - Wake word listener started — say 'Hey Alexi'
2026-02-22 09:17:52,804 - INFO - System standing by — say 'Hey Alexi' to begin
2026-02-22 09:17:53,482 - INFO - 👂 Waiting for 'Hey Alexi'...
2026-02-22 09:17:58,331 - INFO - 👂 Waiting for 'Hey Alexi'...
2026-02-22 09:18:11,188 - INFO - 👂 Waiting for 'Hey Alexi'...
2026-02-22 09:18:16,003 - INFO - Wake word heard: 'hey galaxy'
2026-02-22 09:18:16,640 - INFO - 👂 Waiting for 'Hey Alexi'...
2026-02-22 09:18:22,420 - INFO - 👂 Waiting for 'Hey Alexi'...
2026-02-22 09:18:26,680 - INFO - Wake word heard: 'hey alexa'
2026-02-22 09:18:26,681 - INFO - ✅ Wake word detected!
2026-02-22 09:18:26,682 - INFO - SPEAKING: Yes! I'm here. Please look at the camera.
2026-02-22 09:18:26,874 - INFO - Session triggered — opening camera
2026-02-22 09:18:27,774 - INFO - Camera open — press Q to quit
2026-02-22 09:18:29,780 - INFO - First face detected
2026-02-22 09:18:29,784 - INFO - RECOGNISED: Nishika (dist=0.580)
2026-02-22 09:18:29,785 - INFO - Nishika — already marked today
2026-02-22 09:18:32,002 - INFO - DONE SPEAKING
2026-02-22 09:18:32,002 - INFO - SPEAKING: Hi Nishika! Your attendance is already marked for today. Have a great day!
2026-02-22 09:18:38,869 - INFO - DONE SPEAKING
2026-02-22 09:18:38,869 - INFO - Conversation done for Nishika
2026-02-22 09:18:49,596 - INFO - RECOGNISED: Nishika (dist=0.540)
2026-02-22 09:21:42,854 - INFO - AttendanceManager ready
2026-02-22 09:21:42,855 - INFO - SpeechManager ready
2026-02-22 09:21:43,988 - INFO - Calibrating microphone…
2026-02-22 09:21:45,037 - INFO - SpeechRecognizer ready
2026-02-22 09:21:45,038 - INFO - ============================================================
2026-02-22 09:21:45,038 - INFO - FACE RECOGNITION ATTENDANCE SYSTEM
2026-02-22 09:21:45,038 - INFO - ============================================================
2026-02-22 09:21:45,882 - INFO - Loaded: Dron
2026-02-22 09:21:46,623 - INFO - Loaded: ghanisht
2026-02-22 09:21:47,363 - INFO - Loaded: Nishika
2026-02-22 09:21:48,220 - INFO - Loaded: Nishit
2026-02-22 09:21:48,783 - INFO - Loaded: Tushar
2026-02-22 09:21:49,647 - INFO - Loaded: vini
2026-02-22 09:21:49,648 - INFO - Known people (6): Dron, ghanisht, Nishika, Nishit, Tushar, vini
2026-02-22 09:21:53,550 - INFO - Wake word listener started — say 'Hey Alexi'
2026-02-22 09:21:53,551 - INFO - System standing by — say 'Hey Alexi' to begin
2026-02-22 09:21:54,293 - INFO - 👂 Waiting for 'Hey Alexi'...
2026-02-22 09:21:57,433 - INFO - Wake word heard: 'hey galaxy'
2026-02-22 09:21:58,074 - INFO - 👂 Waiting for 'Hey Alexi'...
2026-02-22 09:22:03,674 - INFO - 👂 Waiting for 'Hey Alexi'...
2026-02-22 09:22:08,596 - INFO - Wake word heard: 'hey alexa'
2026-02-22 09:22:08,596 - INFO - ✅ Wake word detected!
2026-02-22 09:22:08,597 - INFO - SPEAKING: Yes! I'm here. Please look at the camera.
2026-02-22 09:22:08,780 - INFO - Session triggered — opening camera
2026-02-22 09:22:09,585 - INFO - Camera open — press Q to quit
2026-02-22 09:22:10,320 - INFO - First face detected
2026-02-22 09:22:10,321 - INFO - RECOGNISED: Nishika (dist=0.536)
2026-02-22 09:22:10,325 - INFO - STEP 1 — Greeting Nishika
2026-02-22 09:22:13,900 - INFO - DONE SPEAKING
2026-02-22 09:22:13,900 - INFO - SPEAKING: Hi Nishika! How are you today?
2026-02-22 09:22:17,843 - INFO - DONE SPEAKING
2026-02-22 09:22:17,843 - INFO - STEP 2 — Listening
2026-02-22 09:22:18,645 - INFO - LISTENING… (energy threshold: 400)
2026-02-22 09:22:20,653 - INFO - Audio captured — sending to Google STT…
2026-02-22 09:22:21,293 - INFO - HEARD: 'I am good'
2026-02-22 09:22:21,294 - INFO - STEP 2 — Got: 'i am good'
2026-02-22 09:22:21,294 - INFO - Mood → Happy (matched 'good')
2026-02-22 09:22:21,295 - INFO - STEP 3 — Mood: Happy
2026-02-22 09:22:21,296 - INFO - ATTENDANCE MARKED: Nishika | 09:22:21 | Happy
2026-02-22 09:22:21,298 - INFO - STEP 4 — Attendance saved
2026-02-22 09:22:21,299 - INFO - STEP 5 — Replying: That's great to hear, Nishika! You sound happy today. Have a wonderful day ahead!
2026-02-22 09:22:21,299 - INFO - SPEAKING: That's great to hear, Nishika! You sound happy today. Have a wonderful day ahead!
2026-02-22 09:22:28,983 - INFO - DONE SPEAKING
2026-02-22 09:22:28,983 - INFO - Conversation done for Nishika
2026-02-22 09:22:30,443 - INFO - RECOGNISED: Nishika (dist=0.557)
2026-02-22 09:22:44,604 - INFO - Wake word listener started — say 'Hey Alexi'
2026-02-22 09:22:44,604 - INFO - System standing by — say 'Hey Alexi' to begin
2026-02-22 09:22:44,604 - INFO - Session triggered — opening camera
2026-02-22 09:22:45,006 - WARNING - Frame grab failed — attempting camera reconnect...
2026-02-22 09:22:45,820 - INFO - 👂 Waiting for 'Hey Alexi'...
2026-02-22 09:23:43,881 - INFO - Already marked today: Nishika
2026-02-22 09:23:43,881 - INFO - AttendanceManager ready
2026-02-22 09:23:43,882 - INFO - SpeechManager ready
2026-02-22 09:23:44,821 - INFO - Calibrating microphone…
2026-02-22 09:23:45,891 - INFO - SpeechRecognizer ready
2026-02-22 09:23:45,891 - INFO - ============================================================
2026-02-22 09:23:45,891 - INFO - FACE RECOGNITION ATTENDANCE SYSTEM
2026-02-22 09:23:45,892 - INFO - ============================================================
2026-02-22 09:23:46,768 - INFO - Loaded: Dron
2026-02-22 09:23:47,564 - INFO - Loaded: ghanisht
2026-02-22 09:23:48,367 - INFO - Loaded: Nishika
2026-02-22 09:23:49,327 - INFO - Loaded: Nishit
2026-02-22 09:23:49,882 - INFO - Loaded: Tushar
2026-02-22 09:23:50,711 - INFO - Loaded: vini
2026-02-22 09:23:50,711 - INFO - Known people (6): Dron, ghanisht, Nishika, Nishit, Tushar, vini
2026-02-22 09:23:59,082 - INFO - Wake word listener started — say 'Hey Alexi'
2026-02-22 09:23:59,082 - INFO - System standing by — say 'Hey Alexi' to begin
2026-02-22 09:24:00,271 - INFO - 👂 Waiting for 'Hey Alexi'...
2026-02-22 09:24:04,314 - INFO - Wake word heard: 'hey alexa'
2026-02-22 09:24:04,315 - INFO - ✅ Wake word detected!
2026-02-22 09:24:04,316 - INFO - SPEAKING: Yes! I'm here. Please look at the camera.
2026-02-22 09:24:04,495 - INFO - Session triggered — opening camera
2026-02-22 09:24:04,495 - INFO - Camera open attempt 1/3...
2026-02-22 09:24:04,845 - INFO - ✅ Camera opened with CAP_DSHOW
2026-02-22 09:24:05,284 - INFO - Camera open — press Q to quit
2026-02-22 09:24:06,085 - INFO - First face detected
2026-02-22 09:24:06,085 - INFO - RECOGNISED: Nishika (dist=0.529)
2026-02-22 09:24:06,087 - INFO - Nishika — already marked today
2026-02-22 09:24:09,668 - INFO - DONE SPEAKING
2026-02-22 09:24:09,668 - INFO - SPEAKING: Hi Nishika! Your attendance is already marked for today. Have a great day!
2026-02-22 09:24:16,536 - INFO - DONE SPEAKING
2026-02-22 09:24:16,536 - INFO - Conversation done for Nishika
2026-02-22 09:26:20,974 - INFO - Already marked today: Nishika
2026-02-22 09:26:20,974 - INFO - AttendanceManager ready
2026-02-22 09:26:20,975 - INFO - SpeechManager ready
2026-02-22 09:26:21,870 - INFO - Calibrating microphone…
2026-02-22 09:26:22,922 - INFO - SpeechRecognizer ready
2026-02-22 09:26:22,923 - INFO - ============================================================
2026-02-22 09:26:22,923 - INFO - FACE RECOGNITION ATTENDANCE SYSTEM
2026-02-22 09:26:22,923 - INFO - ============================================================
2026-02-22 09:26:23,748 - INFO - Loaded: Dron
2026-02-22 09:26:24,517 - INFO - Loaded: ghanisht
2026-02-22 09:26:25,313 - INFO - Loaded: Nishika
2026-02-22 09:26:26,133 - INFO - Loaded: Nishit
2026-02-22 09:26:26,676 - INFO - Loaded: Tushar
2026-02-22 09:26:27,461 - INFO - Loaded: vini
2026-02-22 09:26:27,461 - INFO - Known people (6): Dron, ghanisht, Nishika, Nishit, Tushar, vini
2026-02-22 09:26:31,041 - INFO - Wake word listener started — say 'Hey Alexi'
2026-02-22 09:26:31,042 - INFO - System standing by — say 'Hey Alexi' to begin
2026-02-22 09:26:31,686 - INFO - 👂 Waiting for 'Hey Alexi'...
2026-02-22 09:26:34,689 - INFO - Wake word heard: 'hey alexa'
2026-02-22 09:26:34,690 - INFO - ✅ Wake word detected!
2026-02-22 09:26:34,691 - INFO - SPEAKING: Yes! I'm here. Please look at the camera.
2026-02-22 09:26:34,850 - INFO - Session triggered — opening camera
2026-02-22 09:26:34,851 - INFO - Camera open attempt 1/3...
2026-02-22 09:26:35,198 - INFO - ✅ Camera opened with CAP_DSHOW
2026-02-22 09:26:35,637 - INFO - Camera open — press Q to quit
2026-02-22 09:26:36,346 - INFO - First face detected
2026-02-22 09:26:36,346 - INFO - RECOGNISED: Nishika (dist=0.523)
2026-02-22 09:26:36,347 - INFO - Nishika — already marked today
2026-02-22 09:26:39,979 - INFO - DONE SPEAKING
2026-02-22 09:26:39,979 - INFO - SPEAKING: Hi Nishika! Your attendance is already marked for today. Have a great day!
2026-02-22 09:26:46,798 - INFO - DONE SPEAKING
2026-02-22 09:26:46,798 - INFO - Conversation done for Nishika
2026-02-22 09:26:57,412 - INFO - RECOGNISED: Nishika (dist=0.528)
2026-02-22 09:27:17,313 - INFO - RECOGNISED: Nishika (dist=0.540)
2026-02-22 09:27:19,218 - INFO - Wake word listener started — say 'Hey Alexi'
2026-02-22 09:27:19,218 - INFO - System standing by — say 'Hey Alexi' to begin
2026-02-22 09:27:19,218 - INFO - Session triggered — opening camera
2026-02-22 09:27:19,219 - INFO - Camera open attempt 1/3...
2026-02-22 09:27:19,220 - INFO - ✅ Camera opened with CAP_DSHOW
2026-02-22 09:27:19,804 - INFO - Camera open — press Q to quit
2026-02-22 09:27:21,263 - INFO - First face detected
2026-02-22 09:27:21,267 - INFO - 👂 Waiting for 'Hey Alexi'...
2026-02-22 09:27:29,833 - INFO - 👂 Waiting for 'Hey Alexi'...
2026-02-22 09:27:32,486 - INFO - SPEAKING: Please step back, you are too close
2026-02-22 09:27:36,497 - INFO - DONE SPEAKING
2026-02-22 09:27:36,498 - INFO - SPEAKING: Please step back, you are too close
2026-02-22 09:27:36,498 - INFO - RECOGNISED: Nishika (dist=0.531)
2026-02-22 09:27:38,822 - INFO - Wake word heard: 'hey alexa'
2026-02-22 09:27:38,824 - INFO - ✅ Wake word detected!
2026-02-22 09:27:40,638 - INFO - DONE SPEAKING
2026-02-22 09:27:40,638 - INFO - SPEAKING: Yes! I'm here. Please look at the camera.
2026-02-22 09:27:46,326 - INFO - DONE SPEAKING
2026-02-22 09:28:20,244 - INFO - Already marked today: Nishika
2026-02-22 09:28:20,244 - INFO - AttendanceManager ready
2026-02-22 09:28:20,245 - INFO - SpeechManager ready
2026-02-22 09:28:21,292 - INFO - Calibrating microphone…
2026-02-22 09:28:22,341 - INFO - SpeechRecognizer ready
2026-02-22 09:28:22,343 - INFO - ============================================================
2026-02-22 09:28:22,343 - INFO - FACE RECOGNITION ATTENDANCE SYSTEM
2026-02-22 09:28:22,343 - INFO - ============================================================
2026-02-22 09:28:23,183 - INFO - Loaded: Dron
2026-02-22 09:28:23,916 - INFO - Loaded: ghanisht
2026-02-22 09:28:24,713 - INFO - Loaded: Nishika
2026-02-22 09:28:25,537 - INFO - Loaded: Nishit
2026-02-22 09:28:26,101 - INFO - Loaded: Tushar
2026-02-22 09:28:26,919 - INFO - Loaded: vini
2026-02-22 09:28:26,919 - INFO - Known people (6): Dron, ghanisht, Nishika, Nishit, Tushar, vini
2026-02-22 09:28:29,121 - INFO - Wake word listener started — say 'Hey Alexi'
2026-02-22 09:28:29,121 - INFO - System standing by — say 'Hey Alexi' to begin
2026-02-22 09:28:29,771 - INFO - 👂 Waiting for 'Hey Alexi'...
2026-02-22 09:28:33,462 - INFO - Wake word heard: 'hey alexa'
2026-02-22 09:28:33,464 - INFO - ✅ Wake word detected!
2026-02-22 09:28:33,465 - INFO - SPEAKING: Yes! I'm here.
2026-02-22 09:28:33,530 - INFO - Session triggered — opening camera
2026-02-22 09:28:33,530 - INFO - Camera open attempt 1/3...
2026-02-22 09:28:33,865 - INFO - ✅ Camera opened with CAP_DSHOW
2026-02-22 09:28:34,295 - INFO - Camera open — press Q to quit
2026-02-22 09:28:34,949 - INFO - First face detected
2026-02-22 09:28:34,950 - INFO - RECOGNISED: Nishika (dist=0.527)
2026-02-22 09:28:34,951 - INFO - Nishika — already marked today
2026-02-22 09:28:36,666 - INFO - DONE SPEAKING
2026-02-22 09:28:36,666 - INFO - SPEAKING: Hi Nishika! Your attendance is already marked for today. Have a great day!
2026-02-22 09:28:43,535 - INFO - DONE SPEAKING
2026-02-22 09:28:43,535 - INFO - Conversation done for Nishika
2026-02-22 09:28:52,051 - INFO - SPEAKING: Please step back, you are too close
2026-02-22 09:28:55,901 - INFO - DONE SPEAKING
2026-02-22 09:28:56,503 - INFO - RECOGNISED: Nishika (dist=0.547)
2026-02-22 09:29:15,810 - INFO - AttendanceManager ready
2026-02-22 09:29:15,811 - INFO - SpeechManager ready
2026-02-22 09:29:16,731 - INFO - Calibrating microphone…
2026-02-22 09:29:17,782 - INFO - SpeechRecognizer ready
2026-02-22 09:29:17,782 - INFO - ============================================================
2026-02-22 09:29:17,783 - INFO - FACE RECOGNITION ATTENDANCE SYSTEM
2026-02-22 09:29:17,783 - INFO - ============================================================
2026-02-22 09:29:18,664 - INFO - Loaded: Dron
2026-02-22 09:29:19,414 - INFO - Loaded: ghanisht
2026-02-22 09:29:20,143 - INFO - Loaded: Nishika
2026-02-22 09:29:20,941 - INFO - Loaded: Nishit
2026-02-22 09:29:21,488 - INFO - Loaded: Tushar
2026-02-22 09:29:22,291 - INFO - Loaded: vini
2026-02-22 09:29:22,292 - INFO - Known people (6): Dron, ghanisht, Nishika, Nishit, Tushar, vini
2026-02-22 09:46:53,502 - INFO - AttendanceManager ready
2026-02-22 09:46:53,503 - INFO - SpeechManager ready
2026-02-22 09:46:54,464 - INFO - Calibrating microphone…
2026-02-22 09:46:55,518 - INFO - SpeechRecognizer ready
2026-02-22 09:46:55,519 - INFO - ============================================================
2026-02-22 09:46:55,519 - INFO - FACE RECOGNITION ATTENDANCE SYSTEM
2026-02-22 09:46:55,519 - INFO - ============================================================
2026-02-22 09:46:56,379 - INFO - Loaded: Dron
2026-02-22 09:46:57,088 - INFO - Loaded: ghanisht
2026-02-22 09:46:57,896 - INFO - Loaded: Nishika
2026-02-22 09:46:58,723 - INFO - Loaded: Nishit
2026-02-22 09:46:59,243 - INFO - Loaded: Tushar
2026-02-22 09:47:00,028 - INFO - Loaded: vini
2026-02-22 09:47:00,028 - INFO - Known people (6): Dron, ghanisht, Nishika, Nishit, Tushar, vini
2026-02-22 09:50:45,944 - INFO - Wake word listener started — say 'Hey Alexi'
2026-02-22 09:50:45,944 - INFO - System standing by — say 'Hey Alexi' to begin
2026-02-22 09:50:46,728 - INFO - 👂 Waiting for 'Hey Alexi'...
2026-02-22 09:50:52,590 - INFO - Wake word heard: 'hey alexa'
2026-02-22 09:50:52,591 - INFO - ✅ Wake word detected!
2026-02-22 09:50:52,591 - INFO - SPEAKING: Yes! I'm here.
2026-02-22 09:50:52,759 - INFO - Session triggered — opening camera
2026-02-22 09:50:52,759 - INFO - Camera open attempt 1/3...
2026-02-22 09:50:52,922 - INFO - ✅ Camera opened with CAP_DSHOW
2026-02-22 09:50:53,049 - INFO - Camera open — press Q to quit
2026-02-22 09:50:55,390 - INFO - DONE SPEAKING
2026-02-22 09:51:46,004 - INFO - AttendanceManager ready
2026-02-22 09:51:46,005 - INFO - SpeechManager ready
2026-02-22 09:51:46,629 - INFO - Calibrating microphone…
2026-02-22 09:51:47,646 - INFO - SpeechRecognizer ready
2026-02-22 09:51:47,647 - INFO - ============================================================
2026-02-22 09:51:47,647 - INFO - FACE RECOGNITION ATTENDANCE SYSTEM
2026-02-22 09:51:47,647 - INFO - ============================================================
2026-02-22 09:51:48,453 - INFO - Loaded: Dron
2026-02-22 09:51:49,185 - INFO - Loaded: ghanisht
2026-02-22 09:51:49,913 - INFO - Loaded: Nishika
2026-02-22 09:51:50,707 - INFO - Loaded: Nishit
2026-02-22 09:51:51,297 - INFO - Loaded: Tushar
2026-02-22 09:51:52,194 - INFO - Loaded: vini
2026-02-22 09:51:52,194 - INFO - Known people (6): Dron, ghanisht, Nishika, Nishit, Tushar, vini
2026-02-22 09:52:02,951 - INFO - Wake word listener started — say 'Hey Alexi'
2026-02-22 09:52:02,951 - INFO - System standing by — say 'Hey Alexi' to begin
2026-02-22 09:52:03,628 - INFO - 👂 Waiting for 'Hey Alexi'...
2026-02-22 09:52:07,794 - INFO - Wake word heard: 'hey alexa'
2026-02-22 09:52:07,795 - INFO - ✅ Wake word detected!
2026-02-22 09:52:07,795 - INFO - SPEAKING: Yes! I'm here.
2026-02-22 09:52:07,961 - INFO - Session triggered — opening camera
2026-02-22 09:52:08,640 - INFO - Camera open — press Q to quit
2026-02-22 09:52:09,269 - INFO - First face detected
2026-02-22 09:52:09,270 - INFO - RECOGNISED: Nishika (dist=0.512)
2026-02-22 09:52:09,270 - INFO - STEP 1 — Greeting Nishika
2026-02-22 09:52:10,583 - INFO - DONE SPEAKING
2026-02-22 09:52:10,583 - INFO - SPEAKING: Hi Nishika! How are you today?
2026-02-22 09:52:14,079 - INFO - DONE SPEAKING
2026-02-22 09:52:14,079 - INFO - STEP 2 — Listening
2026-02-22 09:52:14,881 - INFO - LISTENING… (energy threshold: 400)
2026-02-22 09:52:18,064 - INFO - Audio captured — sending to Google STT…
2026-02-22 09:52:18,686 - INFO - HEARD: 'I am good'
2026-02-22 09:52:18,686 - INFO - STEP 2 — Got: 'i am good'
2026-02-22 09:52:18,686 - INFO - Mood → Happy (matched 'good')
2026-02-22 09:52:18,686 - INFO - STEP 3 — Mood: Happy
2026-02-22 09:52:18,687 - INFO - ATTENDANCE MARKED: Nishika | 09:52:18 | Happy
2026-02-22 09:52:18,687 - INFO - STEP 4 — Attendance saved
2026-02-22 09:52:18,687 - INFO - STEP 5 — Replying: That's great to hear, Nishika! You sound happy today. Have a wonderful day ahead!
2026-02-22 09:52:18,688 - INFO - SPEAKING: That's great to hear, Nishika! You sound happy today. Have a wonderful day ahead!
2026-02-22 09:52:25,971 - INFO - DONE SPEAKING
2026-02-22 09:52:25,972 - INFO - Conversation done for Nishika
2026-02-22 09:52:29,718 - INFO - RECOGNISED: Nishika (dist=0.516)
2026-02-22 09:52:49,923 - INFO - RECOGNISED: Nishika (dist=0.494)
2026-02-22 09:53:09,224 - INFO - RECOGNISED: Nishika (dist=0.475)
2026-02-22 09:53:28,238 - INFO - RECOGNISED: Nishika (dist=0.474)
2026-02-22 09:53:47,699 - INFO - RECOGNISED: Nishika (dist=0.499)
2026-02-22 09:54:09,162 - INFO - RECOGNISED: Nishika (dist=0.498)
2026-02-22 09:54:29,159 - INFO - RECOGNISED: Nishika (dist=0.470)
2026-02-22 09:54:38,300 - INFO - SPEAKING: Please step back, you are too close
2026-02-22 09:54:41,758 - INFO - DONE SPEAKING
2026-02-22 09:54:49,031 - INFO - RECOGNISED: Nishika (dist=0.501)
2026-02-22 09:55:12,638 - INFO - AttendanceManager ready
2026-02-22 09:55:12,638 - INFO - SpeechManager ready
2026-02-22 09:55:13,459 - INFO - Calibrating microphone…
2026-02-22 09:55:14,477 - INFO - SpeechRecognizer ready
2026-02-22 09:55:14,477 - INFO - ============================================================
2026-02-22 09:55:14,477 - INFO - FACE RECOGNITION ATTENDANCE SYSTEM
2026-02-22 09:55:14,477 - INFO - ============================================================
2026-02-22 09:55:15,668 - INFO - Loaded: Dron
2026-02-22 09:55:17,318 - INFO - Loaded: ghanisht
2026-02-22 09:55:18,665 - INFO - Loaded: Nishika
2026-02-22 09:55:20,744 - INFO - Loaded: Nishit
2026-02-22 09:55:22,921 - INFO - Loaded: Tushar
2026-02-22 09:55:25,475 - INFO - Loaded: vini
2026-02-22 09:55:25,476 - INFO - Known people (6): Dron, ghanisht, Nishika, Nishit, Tushar, vini
2026-02-22 09:55:36,766 - INFO - Wake word listener started — say 'Hey Alexi'
2026-02-22 09:55:36,767 - INFO - System standing by — say 'Hey Alexi' to begin
2026-02-22 09:55:37,598 - INFO - 👂 Waiting for 'Hey Alexi'...
2026-02-22 09:55:41,696 - INFO - Wake word heard: 'hey alexa'
2026-02-22 09:55:41,696 - INFO - ✅ Wake word detected!
2026-02-22 09:55:41,696 - INFO - SPEAKING: Yes! I'm here.
2026-02-22 09:55:41,778 - INFO - Session triggered — opening camera
2026-02-22 09:55:42,884 - INFO - Camera open — press Q to quit
2026-02-22 09:55:44,515 - INFO - DONE SPEAKING
2026-02-22 09:56:37,936 - INFO - AttendanceManager ready
2026-02-22 09:56:37,938 - INFO - SpeechManager ready
2026-02-22 09:56:38,421 - INFO - Calibrating microphone…
2026-02-22 09:56:39,441 - INFO - SpeechRecognizer ready
2026-02-22 09:56:39,441 - INFO - ============================================================
2026-02-22 09:56:39,442 - INFO - FACE RECOGNITION ATTENDANCE SYSTEM
2026-02-22 09:56:39,442 - INFO - ============================================================
2026-02-22 09:56:40,349 - INFO - Loaded: Dron
2026-02-22 09:56:41,143 - INFO - Loaded: ghanisht
2026-02-22 09:56:41,922 - INFO - Loaded: Nishika
2026-02-22 09:56:42,747 - INFO - Loaded: Nishit
2026-02-22 09:56:43,354 - INFO - Loaded: Tushar
2026-02-22 09:56:44,229 - INFO - Loaded: vini
2026-02-22 09:56:44,229 - INFO - Known people (6): Dron, ghanisht, Nishika, Nishit, Tushar, vini
2026-02-22 09:56:48,805 - INFO - Wake word listener started — say 'Hey Alexi'
2026-02-22 09:56:48,805 - INFO - System standing by — say 'Hey Alexi' to begin
2026-02-22 09:56:49,458 - INFO - 👂 Waiting for 'Hey Alexi'...
2026-02-22 09:56:56,406 - INFO - Wake word heard: 'hey alexa'
2026-02-22 09:56:56,406 - INFO - ✅ Wake word detected!
2026-02-22 09:56:56,406 - INFO - SPEAKING: Yes! I'm here.
2026-02-22 09:56:56,425 - INFO - Session triggered — opening camera
2026-02-22 09:56:57,196 - INFO - Camera open — press Q to quit
2026-02-22 09:56:59,153 - INFO - First face detected
2026-02-22 09:56:59,204 - INFO - DONE SPEAKING
2026-02-22 09:56:59,205 - INFO - SPEAKING: Please step back, you are too close
2026-02-22 09:57:02,150 - INFO - RECOGNISED: Nishika (dist=0.511)
2026-02-22 09:57:02,151 - INFO - STEP 1 — Greeting Nishika
2026-02-22 09:57:02,654 - INFO - DONE SPEAKING
2026-02-22 09:57:02,654 - INFO - SPEAKING: Hi Nishika! How are you today?
2026-02-22 09:57:06,155 - INFO - DONE SPEAKING
2026-02-22 09:57:06,155 - INFO - STEP 2 — Listening
2026-02-22 09:57:06,957 - INFO - LISTENING… (energy threshold: 608)
2026-02-22 09:57:09,217 - INFO - Audio captured — sending to Google STT…
2026-02-22 09:57:09,905 - INFO - HEARD: 'I am good'
2026-02-22 09:57:09,905 - INFO - STEP 2 — Got: 'i am good'
2026-02-22 09:57:09,907 - INFO - Mood → Happy (matched 'good')
2026-02-22 09:57:09,907 - INFO - STEP 3 — Mood: Happy
2026-02-22 09:57:09,908 - INFO - ATTENDANCE MARKED: Nishika | 09:57:09 | Happy
2026-02-22 09:57:09,908 - INFO - STEP 4 — Attendance saved
2026-02-22 09:57:09,909 - INFO - STEP 5 — Replying: That's great to hear, Nishika! You sound happy today. Have a wonderful day ahead!
2026-02-22 09:57:09,909 - INFO - SPEAKING: That's great to hear, Nishika! You sound happy today. Have a wonderful day ahead!
2026-02-22 09:57:17,203 - INFO - DONE SPEAKING
2026-02-22 09:57:17,203 - INFO - Conversation done for Nishika
2026-02-22 09:57:22,350 - INFO - RECOGNISED: Nishika (dist=0.509)
2026-02-22 09:57:41,012 - INFO - RECOGNISED: Nishika (dist=0.563)
2026-02-22 09:57:43,168 - INFO - SPEAKING: Please step back, you are too close
2026-02-22 09:57:46,709 - INFO - DONE SPEAKING
2026-02-22 09:58:00,804 - INFO - RECOGNISED: Nishika (dist=0.506)
2026-02-22 09:58:19,492 - INFO - RECOGNISED: Nishika (dist=0.516)
2026-02-22 09:58:37,528 - INFO - AttendanceManager ready
2026-02-22 09:58:37,528 - INFO - SpeechManager ready
2026-02-22 09:58:38,094 - INFO - Calibrating microphone…
2026-02-22 09:58:39,114 - INFO - SpeechRecognizer ready
2026-02-22 09:58:39,114 - INFO - ============================================================
2026-02-22 09:58:39,114 - INFO - FACE RECOGNITION ATTENDANCE SYSTEM
2026-02-22 09:58:39,114 - INFO - ============================================================
2026-02-22 09:58:41,237 - INFO - Loaded: Dron
2026-02-22 09:58:43,075 - INFO - Loaded: ghanisht
2026-02-22 09:58:44,574 - INFO - Loaded: Nishika
2026-02-22 09:58:46,086 - INFO - Loaded: Nishit
2026-02-22 09:58:47,472 - INFO - Loaded: Tushar
2026-02-22 09:58:50,187 - INFO - Loaded: vini
2026-02-22 09:58:50,188 - INFO - Known people (6): Dron, ghanisht, Nishika, Nishit, Tushar, vini
2026-02-22 09:58:59,758 - INFO - Wake word listener started — say 'Hey Alexi'
2026-02-22 09:58:59,759 - INFO - System standing by — say 'Hey Alexi' to begin
2026-02-22 09:59:00,528 - INFO - 👂 Waiting for 'Hey Alexi'...
2026-02-22 09:59:04,702 - INFO - Wake word heard: 'hey alexa'
2026-02-22 09:59:04,703 - INFO - ✅ Wake word detected!
2026-02-22 09:59:04,704 - INFO - SPEAKING: Yes! I'm here.
2026-02-22 09:59:04,774 - INFO - Session triggered — opening camera
2026-02-22 09:59:05,669 - INFO - Camera open — press Q to quit
2026-02-22 09:59:07,472 - INFO - First face detected
2026-02-22 09:59:07,474 - INFO - RECOGNISED: Nishika (dist=0.471)
2026-02-22 09:59:07,475 - INFO - STEP 1 — Greeting Nishika
2026-02-22 09:59:07,524 - INFO - DONE SPEAKING
2026-02-22 09:59:07,524 - INFO - SPEAKING: Hi Nishika! How are you today?
2026-02-22 09:59:11,040 - INFO - DONE SPEAKING
2026-02-22 09:59:11,040 - INFO - STEP 2 — Listening
2026-02-22 09:59:11,843 - INFO - LISTENING… (energy threshold: 400)
2026-02-22 09:59:15,310 - INFO - Audio captured — sending to Google STT…
2026-02-22 09:59:15,973 - INFO - HEARD: 'I am good'
2026-02-22 09:59:15,974 - INFO - STEP 2 — Got: 'i am good'
2026-02-22 09:59:15,975 - INFO - Mood → Happy (matched 'good')
2026-02-22 09:59:15,975 - INFO - STEP 3 — Mood: Happy
2026-02-22 09:59:15,977 - INFO - ATTENDANCE MARKED: Nishika | 09:59:15 | Happy
2026-02-22 09:59:15,977 - INFO - STEP 4 — Attendance saved
2026-02-22 09:59:15,979 - INFO - STEP 5 — Replying: That's great to hear, Nishika! You sound happy today. Have a wonderful day ahead!
2026-02-22 09:59:15,979 - INFO - SPEAKING: That's great to hear, Nishika! You sound happy today. Have a wonderful day ahead!
2026-02-22 09:59:23,264 - INFO - DONE SPEAKING
2026-02-22 09:59:23,264 - INFO - Conversation done for Nishika
2026-02-22 09:59:27,565 - INFO - RECOGNISED: Nishika (dist=0.551)
2026-02-22 09:59:41,636 - INFO - SPEAKING: Please step back, you are too close
2026-02-22 09:59:45,126 - INFO - DONE SPEAKING
2026-02-22 09:59:46,518 - INFO - RECOGNISED: Nishika (dist=0.561)
2026-02-22 09:59:54,967 - INFO - SPEAKING: Please step back, you are too close
2026-02-22 09:59:58,405 - INFO - DONE SPEAKING
2026-02-22 10:00:06,626 - INFO - RECOGNISED: Nishika (dist=0.517)
2026-02-22 10:00:12,040 - INFO - SPEAKING: Please step back, you are too close
2026-02-22 10:00:16,760 - INFO - DONE SPEAKING
2026-02-22 10:29:09,888 - INFO - AttendanceManager ready
2026-02-22 10:29:09,889 - INFO - SpeechManager ready
2026-02-22 10:29:10,321 - INFO - Calibrating microphone…
2026-02-22 10:29:11,334 - INFO - SpeechRecognizer ready
2026-02-22 10:29:11,335 - INFO - ============================================================
2026-02-22 10:29:11,335 - INFO - FACE RECOGNITION ATTENDANCE SYSTEM
2026-02-22 10:29:11,335 - INFO - ============================================================
2026-02-22 10:29:12,220 - INFO - Loaded: Dron
2026-02-22 10:29:13,003 - INFO - Loaded: ghanisht
2026-02-22 10:29:14,060 - INFO - Loaded: Nishit
2026-02-22 10:29:15,177 - INFO - Loaded: Shikha
2026-02-22 10:29:16,087 - INFO - Loaded: Tushar
2026-02-22 10:29:17,478 - INFO - Loaded: vini
2026-02-22 10:29:17,478 - INFO - Known people (6): Dron, ghanisht, Nishit, Shikha, Tushar, vini
2026-02-22 10:29:25,721 - INFO - Wake word listener started — say 'Hey Alexi'
2026-02-22 10:29:25,721 - INFO - System standing by — say 'Hey Alexi' to begin
2026-02-22 10:29:26,416 - INFO - 👂 Waiting for 'Hey Alexi'...
2026-02-22 10:29:29,852 - INFO - Wake word heard: 'hey alexa'
2026-02-22 10:29:29,852 - INFO - ✅ Wake word detected!
2026-02-22 10:29:29,853 - INFO - SPEAKING: Yes! I'm here.
2026-02-22 10:29:29,933 - INFO - Session triggered — opening camera
2026-02-22 10:29:30,701 - INFO - Camera open — press Q to quit
2026-02-22 10:29:31,417 - INFO - First face detected
2026-02-22 10:29:31,417 - INFO - RECOGNISED: Shikha (dist=0.538)
2026-02-22 10:29:31,419 - INFO - STEP 1 — Greeting Shikha
2026-02-22 10:29:32,630 - INFO - DONE SPEAKING
2026-02-22 10:29:32,630 - INFO - SPEAKING: Hi Shikha! How are you today?
2026-02-22 10:29:36,019 - INFO - DONE SPEAKING
2026-02-22 10:29:36,020 - INFO - STEP 2 — Listening
2026-02-22 10:29:36,821 - INFO - LISTENING… (energy threshold: 450)
2026-02-22 10:29:38,724 - INFO - Audio captured — sending to Google STT…
2026-02-22 10:29:39,673 - INFO - HEARD: 'I am good'
2026-02-22 10:29:39,673 - INFO - STEP 2 — Got: 'i am good'
2026-02-22 10:29:39,673 - INFO - Mood → Happy (matched 'good')
2026-02-22 10:29:39,674 - INFO - STEP 3 — Mood: Happy
2026-02-22 10:29:39,674 - INFO - ATTENDANCE MARKED: Shikha | 10:29:39 | Happy
2026-02-22 10:29:39,675 - INFO - STEP 4 — Attendance saved
2026-02-22 10:29:39,675 - INFO - STEP 5 — Replying: That's great to hear, Shikha! You sound happy today. Have a wonderful day ahead!
2026-02-22 10:29:39,675 - INFO - SPEAKING: That's great to hear, Shikha! You sound happy today. Have a wonderful day ahead!
2026-02-22 10:29:46,850 - INFO - DONE SPEAKING
2026-02-22 10:29:46,850 - INFO - Conversation done for Shikha
2026-02-22 10:29:51,326 - INFO - RECOGNISED: Shikha (dist=0.512)
2026-02-22 10:29:57,762 - INFO - Wake word listener started — say 'Hey Alexi'
2026-02-22 10:29:57,762 - INFO - System standing by — say 'Hey Alexi' to begin
2026-02-22 10:29:57,762 - INFO - Session triggered — opening camera
2026-02-22 10:29:58,249 - INFO - Camera open — press Q to quit
2026-02-22 10:29:58,476 - INFO - 👂 Waiting for 'Hey Alexi'...
2026-02-22 10:29:59,019 - INFO - First face detected
2026-02-22 10:30:09,936 - INFO - 👂 Waiting for 'Hey Alexi'...
2026-02-22 10:30:12,143 - INFO - RECOGNISED: Shikha (dist=0.512)
2026-02-22 10:30:27,021 - INFO - SPEAKING: Please step back, you are too close
2026-02-22 10:30:29,637 - INFO - 👂 Waiting for 'Hey Alexi'...
2026-02-22 10:30:30,905 - INFO - DONE SPEAKING
2026-02-22 10:30:30,905 - INFO - SPEAKING: Please step back, you are too close
2026-02-22 10:30:32,803 - INFO - RECOGNISED: Shikha (dist=0.558)
2026-02-22 10:30:32,803 - INFO - RECOGNISED: Shikha (dist=0.482)
2026-02-22 10:30:34,753 - INFO - DONE SPEAKING
2026-02-22 10:46:37,482 - INFO - AttendanceManager ready
2026-02-22 10:46:37,483 - INFO - SpeechManager ready
2026-02-22 10:46:38,355 - INFO - Calibrating microphone…
2026-02-22 10:46:39,365 - INFO - SpeechRecognizer ready
2026-02-22 10:46:39,365 - INFO - ============================================================
2026-02-22 10:46:39,365 - INFO - FACE RECOGNITION ATTENDANCE SYSTEM
2026-02-22 10:46:39,365 - INFO - ============================================================
2026-02-22 10:46:40,483 - INFO - Loaded: Dron
2026-02-22 10:46:41,861 - INFO - Loaded: ghanisht
2026-02-22 10:46:44,806 - INFO - Loaded: Nishit
2026-02-22 10:46:46,591 - INFO - Loaded: Shikha
2026-02-22 10:46:48,015 - INFO - Loaded: Tushar
2026-02-22 10:46:50,324 - INFO - Loaded: vini
2026-02-22 10:46:50,325 - INFO - Known people (6): Dron, ghanisht, Nishit, Shikha, Tushar, vini
2026-02-22 10:46:52,626 - INFO - Wake word listener started — say 'Hey Alexi'
2026-02-22 10:46:52,627 - INFO - System standing by — say 'Hey Alexi' to begin
2026-02-22 10:46:53,505 - INFO - 👂 Waiting for 'Hey Alexi'...
2026-02-22 10:46:59,434 - INFO - Wake word heard: 'hey alexa'
2026-02-22 10:46:59,434 - INFO - ✅ Wake word detected!
2026-02-22 10:46:59,435 - INFO - SPEAKING: Yes! I'm here.
2026-02-22 10:46:59,444 - INFO - Session triggered — opening camera
2026-02-22 10:47:00,460 - INFO - Camera open — press Q to quit
2026-02-22 10:47:03,329 - INFO - First face detected
2026-02-22 10:47:03,330 - INFO - RECOGNISED: Shikha (dist=0.525)
2026-02-22 10:47:03,333 - INFO - STEP 1 — Greeting Shikha
2026-02-22 10:47:03,392 - INFO - DONE SPEAKING
2026-02-22 10:47:03,409 - INFO - SPEAKING: Hi Shikha! How are you today?
2026-02-22 10:47:06,891 - INFO - DONE SPEAKING
2026-02-22 10:47:06,892 - INFO - STEP 2 — Listening
2026-02-22 10:47:07,694 - INFO - LISTENING… (energy threshold: 414)
2026-02-22 10:47:10,171 - INFO - Audio captured — sending to Google STT…
2026-02-22 10:47:10,983 - INFO - HEARD: 'I am good'
2026-02-22 10:47:10,983 - INFO - STEP 2 — Got: 'i am good'
2026-02-22 10:47:10,983 - INFO - Mood → Happy (matched 'good')
2026-02-22 10:47:10,983 - INFO - STEP 3 — Mood: Happy
2026-02-22 10:47:10,985 - INFO - ATTENDANCE MARKED: Shikha | 10:47:10 | Happy
2026-02-22 10:47:10,985 - INFO - STEP 4 — Attendance saved
2026-02-22 10:47:10,985 - INFO - STEP 5 — Replying: That's great to hear, Shikha! You sound happy today. Have a wonderful day ahead!
2026-02-22 10:47:10,987 - INFO - SPEAKING: That's great to hear, Shikha! You sound happy today. Have a wonderful day ahead!
2026-02-22 10:47:18,166 - INFO - DONE SPEAKING
2026-02-22 10:47:18,166 - INFO - Conversation done for Shikha
2026-02-22 10:47:20,035 - INFO - SPEAKING: Please step back, you are too close
2026-02-22 10:47:23,961 - INFO - DONE SPEAKING
2026-02-22 10:47:31,537 - INFO - RECOGNISED: Shikha (dist=0.560)
2026-02-22 10:47:43,206 - INFO - SPEAKING: Please step back, you are too close
2026-02-22 10:47:47,133 - INFO - DONE SPEAKING
2026-02-22 10:47:50,864 - INFO - RECOGNISED: Shikha (dist=0.544)
2026-02-22 10:48:08,934 - INFO - SPEAKING: Please step back, you are too close
2026-02-22 10:48:12,831 - INFO - DONE SPEAKING
2026-02-22 10:48:21,117 - INFO - SPEAKING: Please step back, you are too close
2026-02-22 10:48:23,254 - INFO - RECOGNISED: Shikha (dist=0.557)
2026-02-22 10:48:24,735 - INFO - DONE SPEAKING
2026-02-22 10:48:33,909 - INFO - SPEAKING: Please step back, you are too close
2026-02-22 10:48:37,753 - INFO - DONE SPEAKING
2026-02-22 10:48:45,659 - INFO - RECOGNISED: Shikha (dist=0.501)
2026-02-22 16:46:29,474 - INFO - Already marked today: Shikha
2026-02-22 16:46:29,475 - INFO - AttendanceManager ready
2026-02-22 16:46:29,476 - INFO - SpeechManager ready
2026-02-22 16:46:30,701 - INFO - Calibrating microphone…
2026-02-22 16:46:31,768 - INFO - SpeechRecognizer ready
2026-02-22 16:46:31,769 - INFO - ============================================================
2026-02-22 16:46:31,770 - INFO - FACE RECOGNITION ATTENDANCE SYSTEM
2026-02-22 16:46:31,771 - INFO - ============================================================
2026-02-22 16:46:34,264 - INFO - Loaded: Dron
2026-02-22 16:46:35,794 - INFO - Loaded: ghanisht
2026-02-22 16:46:36,848 - INFO - Loaded: Nishit
2026-02-22 16:46:37,903 - INFO - Loaded: Shikha
2026-02-22 16:46:38,919 - INFO - Loaded: Tushar
2026-02-22 16:46:40,170 - INFO - Loaded: vini
2026-02-22 16:46:40,171 - INFO - Known people (6): Dron, ghanisht, Nishit, Shikha, Tushar, vini
2026-02-22 16:46:40,172 - INFO - SpeechManager ready
2026-02-22 16:46:40,375 - INFO - Calibrating microphone…
2026-02-22 16:46:41,427 - INFO - SpeechRecognizer ready
2026-02-22 16:47:09,748 - INFO - Wake word listener started — say 'Hey Alexi'
2026-02-22 16:47:09,749 - INFO - System standing by — say 'Hey Alexi' to begin
2026-02-22 16:47:10,967 - INFO - 👂 Waiting for 'Hey Alexi'...
2026-02-22 16:47:16,193 - INFO - Wake word heard: 'hey galaxy'
2026-02-22 16:47:16,884 - INFO - 👂 Waiting for 'Hey Alexi'...
2026-02-22 16:47:22,476 - INFO - 👂 Waiting for 'Hey Alexi'...
2026-02-22 16:47:33,172 - INFO - 👂 Waiting for 'Hey Alexi'...
2026-02-22 16:47:41,503 - INFO - 👂 Waiting for 'Hey Alexi'...
2026-02-22 16:47:47,580 - INFO - 👂 Waiting for 'Hey Alexi'...
2026-02-23 11:29:53,321 - INFO - AttendanceManager ready
2026-02-23 11:29:53,323 - INFO - SpeechManager ready
2026-02-23 11:29:54,040 - INFO - Calibrating microphone…
2026-02-23 11:29:55,107 - INFO - SpeechRecognizer ready
2026-02-23 11:29:55,108 - INFO - ============================================================
2026-02-23 11:29:55,109 - INFO - FACE RECOGNITION ATTENDANCE SYSTEM
2026-02-23 11:29:55,109 - INFO - ============================================================
2026-02-23 11:29:56,402 - INFO - Loaded: Dron
2026-02-23 11:29:57,256 - INFO - Loaded: ghanisht
2026-02-23 11:29:58,308 - INFO - Loaded: Nishit
2026-02-23 11:29:59,281 - INFO - Loaded: Shikha
2026-02-23 11:29:59,978 - INFO - Loaded: Tushar
2026-02-23 11:30:01,555 - INFO - Loaded: vini
2026-02-23 11:30:02,889 - INFO - Loaded: vini
2026-02-23 11:30:02,890 - INFO - Known people (7): Dron, ghanisht, Nishit, Shikha, Tushar, vini, vini
2026-02-23 11:30:02,891 - INFO - SpeechManager ready
2026-02-23 11:30:03,183 - INFO - Calibrating microphone…
2026-02-23 11:30:04,244 - INFO - SpeechRecognizer ready
2026-02-23 11:32:41,097 - INFO - Wake word listener started — say 'Hey Alexi'
2026-02-23 11:32:41,098 - INFO - System standing by — say 'Hey Alexi' to begin
2026-02-23 11:32:42,168 - INFO - 👂 Waiting for 'Hey Alexi'...
2026-02-23 11:32:47,570 - INFO - Wake word heard: 'family watching'
2026-02-23 11:32:48,529 - INFO - 👂 Waiting for 'Hey Alexi'...
2026-02-23 11:32:53,817 - INFO - Wake word heard: 'makeup karne ki vidhi'
2026-02-23 11:32:54,768 - INFO - 👂 Waiting for 'Hey Alexi'...
2026-02-23 11:33:02,434 - INFO - 👂 Waiting for 'Hey Alexi'...
2026-02-23 11:33:08,432 - INFO - 👂 Waiting for 'Hey Alexi'...
2026-02-23 11:35:20,073 - INFO - AttendanceManager ready
2026-02-23 11:35:20,074 - INFO - SpeechManager ready
2026-02-23 11:35:20,658 - INFO - Calibrating microphone…
2026-02-23 11:35:21,716 - INFO - SpeechRecognizer ready
2026-02-23 11:35:21,716 - INFO - ============================================================
2026-02-23 11:35:21,717 - INFO - FACE RECOGNITION ATTENDANCE SYSTEM
2026-02-23 11:35:21,717 - INFO - ============================================================
2026-02-23 11:35:22,891 - INFO - Loaded: Dron
2026-02-23 11:35:23,799 - INFO - Loaded: ghanisht
2026-02-23 11:35:24,912 - INFO - Loaded: Nishit
2026-02-23 11:35:25,916 - INFO - Loaded: Shikha
2026-02-23 11:35:26,648 - INFO - Loaded: Tushar
2026-02-23 11:35:28,198 - INFO - Loaded: vini
2026-02-23 11:35:29,364 - INFO - Loaded: vini
2026-02-23 11:35:29,365 - INFO - Known people (7): Dron, ghanisht, Nishit, Shikha, Tushar, vini, vini
2026-02-23 11:35:29,366 - INFO - SpeechManager ready
2026-02-23 11:35:29,683 - INFO - Calibrating microphone…
2026-02-23 11:35:30,757 - INFO - SpeechRecognizer ready
2026-02-23 11:35:39,889 - INFO - Wake word listener started — say 'Hey Alexi'
2026-02-23 11:35:39,891 - INFO - System standing by — say 'Hey Alexi' to begin
2026-02-23 11:35:40,822 - INFO - 👂 Waiting for 'Hey Alexi'...
2026-02-23 11:35:47,192 - INFO - 👂 Waiting for 'Hey Alexi'...
2026-02-23 11:35:50,445 - INFO - 👂 Waiting for 'Hey Alexi'...
2026-02-23 11:35:52,666 - INFO - Wake word heard: 'galaxy'
2026-02-23 11:35:53,702 - INFO - 👂 Waiting for 'Hey Alexi'...
2026-02-23 11:35:57,524 - INFO - Wake word heard: 'hey alexa'
2026-02-23 11:35:57,525 - INFO - ✅ Wake word detected!
2026-02-23 11:35:57,526 - INFO - SPEAKING: Yes! I'm here.
2026-02-23 11:35:57,557 - INFO - Session triggered — opening camera
2026-02-23 11:36:00,689 - INFO - DONE SPEAKING
2026-02-23 11:36:00,706 - INFO - Camera open — press Q to quit
2026-02-23 11:36:01,779 - INFO - First face detected
2026-02-23 11:36:01,794 - INFO - RECOGNISED: vini (dist=0.508)
2026-02-23 11:36:01,796 - INFO - STEP 1 — Greeting vini
2026-02-23 11:36:01,800 - INFO - SPEAKING: Hi vini! How are you today?
2026-02-23 11:36:02,210 - INFO - DONE SPEAKING
2026-02-23 11:36:02,210 - INFO - STEP 2 — Listening
2026-02-23 11:36:03,011 - INFO - LISTENING… (energy threshold: 637)
2026-02-23 11:36:08,037 - INFO - Audio captured — sending to Google STT…
2026-02-23 11:36:08,747 - WARNING - COULD NOT UNDERSTAND — audio captured but unclear. Check mic/accent.
2026-02-23 11:36:08,747 - INFO - STEP 2 — Got: 'None'
2026-02-23 11:36:08,748 - INFO - STEP 2 — No response, prompting again
2026-02-23 11:36:08,748 - INFO - SPEAKING: I didn't catch that. How are you feeling today?
2026-02-23 11:36:09,116 - INFO - DONE SPEAKING
2026-02-23 11:36:09,617 - INFO - LISTENING… (energy threshold: 637)
2026-02-23 11:36:14,673 - INFO - Audio captured — sending to Google STT…
2026-02-23 11:36:15,853 - WARNING - COULD NOT UNDERSTAND — audio captured but unclear. Check mic/accent.
2026-02-23 11:36:15,855 - INFO - STEP 2 retry — Got: 'None'
2026-02-23 11:36:15,856 - INFO - STEP 3 — Mood: Neutral
2026-02-23 11:36:15,859 - INFO - ATTENDANCE MARKED: vini | 11:36:15 | Neutral
2026-02-23 11:36:15,860 - INFO - STEP 4 — Attendance saved
2026-02-23 11:36:15,862 - INFO - STEP 5 — Replying: Good to see you, vini! Hope you have a really good day today!
2026-02-23 11:36:15,864 - INFO - SPEAKING: Good to see you, vini! Hope you have a really good day today!
2026-02-23 11:36:16,225 - INFO - DONE SPEAKING
2026-02-23 11:36:16,225 - INFO - Conversation done for vini
2026-02-23 11:36:21,014 - INFO - RECOGNISED: vini (dist=0.415)
2026-02-23 11:36:40,895 - INFO - RECOGNISED: vini (dist=0.365)
2026-02-23 11:37:11,544 - INFO - RECOGNISED: vini (dist=0.366)
2026-02-23 11:45:13,816 - INFO - AttendanceManager ready
2026-02-23 11:45:13,817 - INFO - SpeechManager ready
2026-02-23 11:45:14,438 - INFO - Calibrating microphone…
2026-02-23 11:45:15,499 - INFO - SpeechRecognizer ready
2026-02-23 11:45:15,499 - INFO - ============================================================
2026-02-23 11:45:15,500 - INFO - FACE RECOGNITION ATTENDANCE SYSTEM
2026-02-23 11:45:15,500 - INFO - ============================================================
2026-02-23 11:45:17,191 - INFO - Loaded: Dron
2026-02-23 11:45:18,192 - INFO - Loaded: ghanisht
2026-02-23 11:45:19,473 - INFO - Loaded: Nishit
2026-02-23 11:45:20,572 - INFO - Loaded: Shikha
2026-02-23 11:45:21,355 - INFO - Loaded: Tushar
2026-02-23 11:45:23,129 - INFO - Loaded: vini
2026-02-23 11:45:24,388 - INFO - Loaded: vini
2026-02-23 11:45:24,389 - INFO - Known people (7): Dron, ghanisht, Nishit, Shikha, Tushar, vini, vini
2026-02-23 11:45:24,390 - INFO - SpeechManager ready
2026-02-23 11:45:24,693 - INFO - Calibrating microphone…
2026-02-23 11:45:25,770 - INFO - SpeechRecognizer ready
2026-02-23 11:45:31,617 - INFO - Wake word listener started — say 'Hey Alexi'
2026-02-23 11:45:31,619 - INFO - System standing by — say 'Hey Alexi' to begin
2026-02-23 11:45:32,469 - INFO - 👂 Waiting for 'Hey Alexi'...
2026-02-23 11:45:37,727 - INFO - Wake word heard: 'hey galaxy'
2026-02-23 11:45:38,733 - INFO - 👂 Waiting for 'Hey Alexi'...
2026-02-23 11:45:43,767 - INFO - Wake word heard: 'hey alexa'
2026-02-23 11:45:43,768 - INFO - ✅ Wake word detected!
2026-02-23 11:45:43,770 - INFO - SPEAKING: Yes! I'm here.
2026-02-23 11:45:43,914 - INFO - Session triggered — opening camera
2026-02-23 11:45:46,884 - INFO - Camera open — press Q to quit
2026-02-23 11:45:46,904 - INFO - DONE SPEAKING
2026-02-23 11:45:48,296 - INFO - First face detected
2026-02-23 11:45:48,298 - INFO - RECOGNISED: vini (dist=0.352)
2026-02-23 11:45:48,301 - INFO - STEP 1 — Greeting vini
2026-02-23 11:45:48,302 - INFO - SPEAKING: Hi vini! How are you today?
2026-02-23 11:45:48,711 - INFO - DONE SPEAKING
2026-02-23 11:45:48,713 - INFO - STEP 2 — Listening
2026-02-23 11:45:49,514 - INFO - LISTENING… (energy threshold: 630)
2026-02-23 11:45:55,779 - INFO - Audio captured — sending to Google STT…
2026-02-23 11:45:57,080 - INFO - HEARD: 'I am happy good'
2026-02-23 11:45:57,081 - INFO - STEP 2 — Got: 'i am happy good'
2026-02-23 11:45:57,082 - INFO - Mood → Happy (matched 'good')
2026-02-23 11:45:57,084 - INFO - STEP 3 — Mood: Happy
2026-02-23 11:45:57,087 - INFO - ATTENDANCE MARKED: vini | 11:45:57 | Happy
2026-02-23 11:45:57,089 - INFO - STEP 4 — Attendance saved
2026-02-23 11:45:57,090 - INFO - STEP 5 — Replying: That's great to hear, vini! You sound happy today. Have a wonderful day ahead!
2026-02-23 11:45:57,102 - INFO - SPEAKING: That's great to hear, vini! You sound happy today. Have a wonderful day ahead!
2026-02-23 11:45:57,534 - INFO - DONE SPEAKING
2026-02-23 11:45:57,534 - INFO - Conversation done for vini
2026-02-23 11:46:08,036 - INFO - RECOGNISED: vini (dist=0.311)
2026-02-23 15:40:12,634 - INFO - Already marked today: vini
2026-02-23 15:40:12,635 - INFO - AttendanceManager ready
2026-02-23 15:40:12,636 - INFO - SpeechManager ready
2026-02-23 15:40:14,230 - INFO - Calibrating microphone…
2026-02-23 15:40:15,266 - INFO - SpeechRecognizer ready
2026-02-23 15:40:15,266 - INFO - ============================================================
2026-02-23 15:40:15,267 - INFO - FACE RECOGNITION ATTENDANCE SYSTEM
2026-02-23 15:40:15,267 - INFO - ============================================================
2026-02-23 15:40:16,626 - INFO - Loaded: Dron
2026-02-23 15:40:17,688 - INFO - Loaded: ghanisht
2026-02-23 15:40:19,003 - INFO - Loaded: Nishit
2026-02-23 15:40:20,180 - INFO - Loaded: Shikha
2026-02-23 15:40:21,055 - INFO - Loaded: Tushar
2026-02-23 15:40:22,845 - INFO - Loaded: vini
2026-02-23 15:40:24,322 - INFO - Loaded: vini
2026-02-23 15:40:24,323 - INFO - Known people (7): Dron, ghanisht, Nishit, Shikha, Tushar, vini, vini
2026-02-23 15:40:24,325 - INFO - SpeechManager ready
2026-02-23 15:40:24,786 - INFO - Calibrating microphone…
2026-02-23 15:40:25,817 - INFO - SpeechRecognizer ready
2026-02-23 15:40:38,023 - INFO - Already marked today: vini
2026-02-23 15:40:38,024 - INFO - AttendanceManager ready
2026-02-23 15:40:38,025 - INFO - SpeechManager ready
2026-02-23 15:40:38,847 - INFO - Calibrating microphone…
2026-02-23 15:40:39,878 - INFO - SpeechRecognizer ready
2026-02-23 15:40:39,878 - INFO - ============================================================
2026-02-23 15:40:39,879 - INFO - FACE RECOGNITION ATTENDANCE SYSTEM
2026-02-23 15:40:39,879 - INFO - ============================================================
2026-02-23 15:40:41,460 - INFO - Loaded: Dron
2026-02-23 15:40:42,602 - INFO - Loaded: ghanisht
2026-02-23 15:40:43,920 - INFO - Loaded: Nishit
2026-02-23 15:40:45,093 - INFO - Loaded: Shikha
2026-02-23 15:40:45,968 - INFO - Loaded: Tushar
2026-02-23 15:40:47,865 - INFO - Loaded: vini
2026-02-23 15:40:49,357 - INFO - Loaded: vini
2026-02-23 15:40:49,357 - INFO - Known people (7): Dron, ghanisht, Nishit, Shikha, Tushar, vini, vini
2026-02-23 15:40:49,359 - INFO - SpeechManager ready
2026-02-23 15:40:49,663 - INFO - Calibrating microphone…
2026-02-23 15:40:50,691 - INFO - SpeechRecognizer ready
2026-02-23 15:41:58,526 - INFO - Wake word listener started — say 'Hey Alexi'
2026-02-23 15:41:58,537 - INFO - System standing by — say 'Hey Alexi' to begin
2026-02-23 15:42:00,101 - INFO - 👂 Waiting for 'Hey Alexi'...
2026-02-23 15:42:05,957 - INFO - 👂 Waiting for 'Hey Alexi'...
2026-02-23 15:42:11,816 - INFO - 👂 Waiting for 'Hey Alexi'...
2026-02-23 15:42:17,645 - INFO - 👂 Waiting for 'Hey Alexi'...
2026-02-23 15:42:23,481 - INFO - 👂 Waiting for 'Hey Alexi'...
2026-02-23 15:42:29,372 - INFO - 👂 Waiting for 'Hey Alexi'...
2026-02-23 15:42:35,243 - INFO - 👂 Waiting for 'Hey Alexi'...
2026-02-23 15:42:40,987 - INFO - 👂 Waiting for 'Hey Alexi'...
2026-02-23 15:42:46,724 - INFO - 👂 Waiting for 'Hey Alexi'...
2026-02-23 15:42:59,875 - INFO - Already marked today: vini
2026-02-23 15:42:59,875 - INFO - AttendanceManager ready
2026-02-23 15:42:59,876 - INFO - SpeechManager ready
2026-02-23 15:43:00,432 - INFO - Calibrating microphone…
2026-02-23 15:43:01,458 - INFO - SpeechRecognizer ready
2026-02-23 15:43:01,459 - INFO - ============================================================
2026-02-23 15:43:01,462 - INFO - FACE RECOGNITION ATTENDANCE SYSTEM
2026-02-23 15:43:01,462 - INFO - ============================================================
2026-02-23 15:43:04,524 - INFO - Loaded: Dron
2026-02-23 15:43:05,736 - INFO - Loaded: ghanisht
2026-02-23 15:43:07,162 - INFO - Loaded: Nishit
2026-02-23 15:43:08,555 - INFO - Loaded: Shikha
2026-02-23 15:43:09,608 - INFO - Loaded: Tushar
2026-02-23 15:43:12,209 - INFO - Loaded: vini
2026-02-23 15:43:15,158 - INFO - Loaded: vini
2026-02-23 15:43:15,159 - INFO - Known people (7): Dron, ghanisht, Nishit, Shikha, Tushar, vini, vini
2026-02-23 15:43:15,160 - INFO - SpeechManager ready
2026-02-23 15:43:15,524 - INFO - Calibrating microphone…
2026-02-23 15:43:16,567 - INFO - SpeechRecognizer ready
2026-02-23 15:43:39,724 - INFO - Wake word listener started — say 'Hey Alexi'
2026-02-23 15:43:39,726 - INFO - System standing by — say 'Hey Alexi' to begin
2026-02-23 15:43:41,317 - INFO - 👂 Waiting for 'Hey Alexi'...
2026-02-23 15:43:47,157 - INFO - 👂 Waiting for 'Hey Alexi'...
2026-02-23 15:43:53,007 - INFO - 👂 Waiting for 'Hey Alexi'...
2026-02-23 15:43:58,777 - INFO - 👂 Waiting for 'Hey Alexi'...
2026-02-23 15:44:04,526 - INFO - 👂 Waiting for 'Hey Alexi'...
2026-02-23 15:44:10,277 - INFO - 👂 Waiting for 'Hey Alexi'...
2026-02-23 15:44:16,017 - INFO - 👂 Waiting for 'Hey Alexi'...
2026-02-23 15:44:21,784 - INFO - 👂 Waiting for 'Hey Alexi'...
2026-02-23 15:44:27,548 - INFO - 👂 Waiting for 'Hey Alexi'...
2026-02-23 15:44:33,323 - INFO - 👂 Waiting for 'Hey Alexi'...
2026-02-23 15:44:57,357 - INFO - Already marked today: vini
2026-02-23 15:44:57,358 - INFO - AttendanceManager ready
2026-02-23 15:44:57,359 - INFO - SpeechManager ready
2026-02-23 15:44:58,462 - INFO - Calibrating microphone…
2026-02-23 15:44:59,490 - INFO - SpeechRecognizer ready
2026-02-23 15:44:59,490 - INFO - ============================================================
2026-02-23 15:44:59,491 - INFO - FACE RECOGNITION ATTENDANCE SYSTEM
2026-02-23 15:44:59,491 - INFO - ============================================================
2026-02-23 15:45:00,870 - INFO - Loaded: Dron
2026-02-23 15:45:01,978 - INFO - Loaded: ghanisht
2026-02-23 15:45:03,284 - INFO - Loaded: Nishit
2026-02-23 15:45:04,541 - INFO - Loaded: Shikha
2026-02-23 15:45:05,452 - INFO - Loaded: Tushar
2026-02-23 15:45:07,313 - INFO - Loaded: vini
2026-02-23 15:45:08,674 - INFO - Loaded: vini
2026-02-23 15:45:08,675 - INFO - Known people (7): Dron, ghanisht, Nishit, Shikha, Tushar, vini, vini
2026-02-23 15:45:08,676 - INFO - SpeechManager ready
2026-02-23 15:45:08,996 - INFO - Calibrating microphone…
2026-02-23 15:45:10,024 - INFO - SpeechRecognizer ready
2026-02-23 15:45:21,833 - INFO - Wake word listener started — say 'Hey Alexi'
2026-02-23 15:45:21,836 - INFO - System standing by — say 'Hey Alexi' to begin
2026-02-23 15:45:22,905 - INFO - 👂 Waiting for 'Hey Alexi'...
2026-02-23 15:45:28,663 - INFO - 👂 Waiting for 'Hey Alexi'...
2026-02-23 15:45:34,431 - INFO - 👂 Waiting for 'Hey Alexi'...
2026-02-23 15:45:40,194 - INFO - 👂 Waiting for 'Hey Alexi'...
2026-02-23 15:45:45,947 - INFO - 👂 Waiting for 'Hey Alexi'...
2026-02-23 15:45:51,718 - INFO - 👂 Waiting for 'Hey Alexi'...
2026-02-23 15:45:57,478 - INFO - 👂 Waiting for 'Hey Alexi'...
2026-02-23 16:33:06,868 - INFO - Already marked today: vini
2026-02-23 16:33:06,868 - INFO - AttendanceManager ready
2026-02-23 16:33:06,870 - INFO - SpeechManager ready
2026-02-23 16:33:08,243 - INFO - Calibrating microphone…
2026-02-23 16:33:09,436 - INFO - SpeechRecognizer ready
2026-02-23 16:33:09,630 - INFO - ============================================================
2026-02-23 16:33:09,758 - INFO - FACE RECOGNITION ATTENDANCE SYSTEM
2026-02-23 16:33:09,831 - INFO - ============================================================
2026-02-23 16:33:15,685 - INFO - Loaded: Dron
2026-02-23 16:33:21,744 - INFO - Loaded: ghanisht
2026-02-23 16:33:26,760 - INFO - Loaded: Nishit
2026-02-23 16:33:29,364 - INFO - Loaded: Shikha
2026-02-23 16:33:32,041 - INFO - Loaded: Tushar
2026-02-23 16:33:36,707 - INFO - Loaded: vini
2026-02-23 16:33:40,744 - INFO - Loaded: vini
2026-02-23 16:33:40,746 - INFO - Known people (7): Dron, ghanisht, Nishit, Shikha, Tushar, vini, vini
2026-02-23 16:33:40,748 - INFO - SpeechManager ready
2026-02-23 16:33:42,248 - INFO - Calibrating microphone…
2026-02-23 16:33:43,285 - INFO - SpeechRecognizer ready
2026-02-23 16:34:07,689 - INFO - Wake word listener started — say 'Hey Alexi'
2026-02-23 16:34:07,699 - INFO - System standing by — say 'Hey Alexi' to begin
2026-02-23 16:34:09,344 - INFO - 👂 Waiting for 'Hey Alexi'...
2026-02-23 16:34:17,576 - INFO - 👂 Waiting for 'Hey Alexi'...
2026-02-23 16:34:20,367 - INFO - 👂 Waiting for 'Hey Alexi'...
2026-02-23 16:34:33,093 - INFO - Wake word heard: 'hey alexa'
2026-02-23 16:34:33,094 - INFO - ✅ Wake word detected!
2026-02-23 16:34:33,095 - INFO - SPEAKING: Yes! I'm here.
2026-02-23 16:34:33,186 - INFO - Session triggered — opening camera
2026-02-23 16:34:34,847 - INFO - Camera open — press Q to quit
2026-02-23 16:34:37,045 - INFO - First face detected
2026-02-23 16:34:37,127 - INFO - DONE SPEAKING
2026-02-23 16:34:37,151 - INFO - SPEAKING: Please step back, you are too close
2026-02-23 16:34:39,812 - INFO - DONE SPEAKING
2026-02-23 16:34:43,860 - INFO - RECOGNISED: Nishit (dist=0.283)
2026-02-23 16:34:43,862 - INFO - STEP 1 — Greeting Nishit
2026-02-23 16:34:43,863 - INFO - SPEAKING: Hi Nishit! How are you today?
2026-02-23 16:34:45,045 - INFO - DONE SPEAKING
2026-02-23 16:34:45,047 - INFO - STEP 2 — Listening
2026-02-23 16:34:45,851 - INFO - LISTENING… (energy threshold: 400)
2026-02-23 16:34:56,558 - INFO - Audio captured — sending to Google STT…
2026-02-23 16:34:58,646 - INFO - HEARD: 'I am fine good nice'
2026-02-23 16:34:58,648 - INFO - STEP 2 — Got: 'i am fine good nice'
2026-02-23 16:34:58,650 - INFO - Mood → Happy (matched 'good')
2026-02-23 16:34:58,679 - INFO - STEP 3 — Mood: Happy
2026-02-23 16:34:58,764 - INFO - ATTENDANCE MARKED: Nishit | 16:34:58 | Happy
2026-02-23 16:34:58,765 - INFO - STEP 4 — Attendance saved
2026-02-23 16:34:58,778 - INFO - STEP 5 — Replying: That's great to hear, Nishit! You sound happy today. Have a wonderful day ahead!
2026-02-23 16:34:58,816 - INFO - SPEAKING: That's great to hear, Nishit! You sound happy today. Have a wonderful day ahead!
2026-02-23 16:34:59,597 - INFO - DONE SPEAKING
2026-02-23 16:34:59,600 - INFO - Conversation done for Nishit
2026-02-23 16:35:03,155 - INFO - RECOGNISED: Nishit (dist=0.282)
2026-02-23 16:35:06,809 - INFO - SPEAKING: Please step back, you are too close
2026-02-23 16:35:08,243 - INFO - DONE SPEAKING
2026-02-23 16:35:18,903 - INFO - SPEAKING: Please step back, you are too close
2026-02-23 16:35:20,440 - INFO - DONE SPEAKING
2026-02-23 16:35:28,269 - INFO - Wake word listener started — say 'Hey Alexi'
2026-02-23 16:35:28,287 - INFO - System standing by — say 'Hey Alexi' to begin
2026-02-23 16:35:28,288 - INFO - Session triggered — opening camera
2026-02-23 16:35:30,513 - INFO - Camera open — press Q to quit
2026-02-23 16:35:32,363 - INFO - First face detected
2026-02-23 16:35:33,768 - INFO - RECOGNISED: Nishit (dist=0.252)
2026-02-23 16:35:33,768 - INFO - RECOGNISED: Nishit (dist=0.260)
2026-02-23 16:35:34,044 - INFO - 👂 Waiting for 'Hey Alexi'...
2026-02-23 16:35:51,675 - INFO - RECOGNISED: Nishit (dist=0.250)
2026-02-23 16:35:51,675 - INFO - RECOGNISED: Nishit (dist=0.250)
2026-02-23 16:36:08,972 - INFO - SPEAKING: Face not recognised. Please register.
2026-02-23 16:36:12,046 - INFO - RECOGNISED: Nishit (dist=0.323)
2026-02-23 16:36:12,047 - INFO - RECOGNISED: Nishit (dist=0.313)
2026-02-23 16:36:12,185 - INFO - DONE SPEAKING
2026-02-23 16:36:12,668 - INFO - 👂 Waiting for 'Hey Alexi'...
2026-02-23 16:36:22,555 - INFO - SPEAKING: Face not recognised. Please register.
2026-02-23 16:36:22,919 - INFO - DONE SPEAKING
2026-02-23 16:36:31,899 - INFO - RECOGNISED: Nishit (dist=0.237)
2026-02-23 16:36:31,901 - INFO - RECOGNISED: Nishit (dist=0.259)
2026-02-23 16:36:33,992 - INFO - RECOGNISED: Dron (dist=0.514)
2026-02-23 16:36:35,248 - INFO - RECOGNISED: Nishit (dist=0.253)
2026-02-23 16:36:35,250 - INFO - STEP 1 — Greeting Dron
2026-02-23 16:36:35,265 - INFO - SPEAKING: Hi Dron! How are you today?
2026-02-23 16:36:35,863 - INFO - DONE SPEAKING
2026-02-23 16:36:35,880 - INFO - STEP 2 — Listening
2026-02-23 16:36:36,615 - INFO - 👂 Waiting for 'Hey Alexi'...
2026-02-23 16:36:36,698 - INFO - LISTENING… (energy threshold: 400)
2026-02-23 16:36:42,238 - INFO - Wake word heard: 'height of'
2026-02-23 16:36:42,811 - INFO - 👂 Waiting for 'Hey Alexi'...
2026-02-23 16:36:47,070 - INFO - Audio captured — sending to Google STT…
2026-02-23 16:36:47,130 - INFO - Wake word heard: 'dad sad'
2026-02-23 16:36:48,095 - INFO - 👂 Waiting for 'Hey Alexi'...
2026-02-23 16:36:49,093 - INFO - HEARD: 'height of I am bored nice bad'
2026-02-23 16:36:49,112 - INFO - STEP 2 — Got: 'height of i am bored nice bad'
2026-02-23 16:36:49,122 - INFO - Mood → Happy (matched 'nice')
2026-02-23 16:36:49,125 - INFO - STEP 3 — Mood: Happy
2026-02-23 16:36:49,128 - INFO - ATTENDANCE MARKED: Dron | 16:36:49 | Happy
2026-02-23 16:36:49,148 - INFO - STEP 4 — Attendance saved
2026-02-23 16:36:49,181 - INFO - STEP 5 — Replying: That's great to hear, Dron! You sound happy today. Have a wonderful day ahead!
2026-02-23 16:36:49,210 - INFO - SPEAKING: That's great to hear, Dron! You sound happy today. Have a wonderful day ahead!
2026-02-23 16:36:49,896 - INFO - DONE SPEAKING
2026-02-23 16:36:49,911 - INFO - Conversation done for Dron
2026-02-23 16:36:53,493 - INFO - RECOGNISED: Nishit (dist=0.279)
2026-02-23 16:36:53,494 - INFO - RECOGNISED: Nishit (dist=0.279)
2026-02-23 16:36:59,273 - INFO - SPEAKING: Please step back, you are too close
2026-02-23 16:36:59,280 - INFO - 👂 Waiting for 'Hey Alexi'...
2026-02-23 16:37:00,770 - INFO - DONE SPEAKING
2026-02-23 16:37:02,146 - INFO - SPEAKING: Please step back, you are too close
2026-02-23 16:37:03,689 - INFO - DONE SPEAKING
2026-02-23 16:37:07,128 - INFO - SPEAKING: Face not recognised. Please register.
2026-02-23 16:37:07,374 - INFO - DONE SPEAKING
2026-02-23 16:37:07,374 - INFO - SPEAKING: Face not recognised. Please register.
2026-02-23 16:37:07,525 - INFO - DONE SPEAKING
2026-02-23 16:37:13,634 - INFO - SPEAKING: Please step back, you are too close
2026-02-23 16:37:13,635 - INFO - RECOGNISED: Nishit (dist=0.422)
2026-02-23 16:37:14,957 - INFO - DONE SPEAKING
2026-02-23 16:37:14,959 - INFO - SPEAKING: Please step back, you are too close
2026-02-23 16:37:16,261 - INFO - DONE SPEAKING
2026-02-23 16:37:21,176 - INFO - 👂 Waiting for 'Hey Alexi'...
2026-02-23 16:37:25,366 - INFO - SPEAKING: Please step back, you are too close
2026-02-23 16:37:26,646 - INFO - DONE SPEAKING
2026-02-23 16:37:31,673 - INFO - RECOGNISED: Nishit (dist=0.270)
2026-02-23 16:37:31,673 - INFO - RECOGNISED: Nishit (dist=0.274)
2026-02-23 16:37:35,199 - INFO - SPEAKING: Please step back, you are too close
2026-02-23 16:37:36,471 - INFO - DONE SPEAKING
2026-02-23 16:37:39,940 - INFO - 👂 Waiting for 'Hey Alexi'...
2026-02-23 16:38:57,849 - INFO - Already marked today: vini
2026-02-23 16:38:57,849 - INFO - AttendanceManager ready
2026-02-23 16:38:57,850 - INFO - SpeechManager ready
2026-02-23 16:38:58,870 - INFO - Calibrating microphone…
2026-02-23 16:38:59,877 - INFO - SpeechRecognizer ready
2026-02-23 16:38:59,878 - INFO - ============================================================
2026-02-23 16:38:59,878 - INFO - FACE RECOGNITION ATTENDANCE SYSTEM
2026-02-23 16:38:59,879 - INFO - ============================================================
2026-02-23 16:39:01,300 - INFO - Loaded: Dron
2026-02-23 16:39:02,535 - INFO - Loaded: ghanisht
2026-02-23 16:39:03,909 - INFO - Loaded: Nishit
2026-02-23 16:39:05,233 - INFO - Loaded: Shikha
2026-02-23 16:39:06,148 - INFO - Loaded: Tushar
2026-02-23 16:39:08,024 - INFO - Loaded: vini
2026-02-23 16:39:09,386 - INFO - Loaded: vini
2026-02-23 16:39:09,387 - INFO - Known people (7): Dron, ghanisht, Nishit, Shikha, Tushar, vini, vini
2026-02-23 16:39:09,388 - INFO - SpeechManager ready
2026-02-23 16:39:09,542 - INFO - Calibrating microphone…
2026-02-23 16:39:10,550 - INFO - SpeechRecognizer ready
2026-02-23 16:39:11,884 - INFO - Wake word listener started — say 'Hey Alexi'
2026-02-23 16:39:11,886 - INFO - System standing by — say 'Hey Alexi' to begin
2026-02-23 16:39:12,670 - INFO - 👂 Waiting for 'Hey Alexi'...
2026-02-23 16:39:35,300 - INFO - Wake word heard: 'hey alexa'
2026-02-23 16:39:35,302 - INFO - ✅ Wake word detected!
2026-02-23 16:39:35,303 - INFO - SPEAKING: Yes! I'm here.
2026-02-23 16:39:35,500 - INFO - Session triggered — opening camera
2026-02-23 16:39:36,435 - INFO - Camera open — press Q to quit
2026-02-23 16:39:37,928 - INFO - First face detected
2026-02-23 16:39:37,931 - INFO - RECOGNISED: Nishit (dist=0.275)
2026-02-23 16:39:37,932 - INFO - STEP 1 — Greeting Nishit
2026-02-23 16:39:39,064 - INFO - DONE SPEAKING
2026-02-23 16:39:39,067 - INFO - SPEAKING: Hi Nishit! How are you today?
2026-02-23 16:39:39,333 - INFO - DONE SPEAKING
2026-02-23 16:39:39,333 - INFO - STEP 2 — Listening
2026-02-23 16:39:40,137 - INFO - LISTENING… (energy threshold: 400)
2026-02-23 16:39:50,432 - INFO - Audio captured — sending to Google STT…
2026-02-23 16:40:09,432 - INFO - HEARD: 'bed bed not good sad bad'
2026-02-23 16:40:09,433 - INFO - STEP 2 — Got: 'bed bed not good sad bad'
2026-02-23 16:40:09,433 - INFO - Mood → Happy (matched 'good')
2026-02-23 16:40:09,439 - INFO - STEP 3 — Mood: Happy
2026-02-23 16:40:09,443 - INFO - ATTENDANCE MARKED: Nishit | 16:40:09 | Happy
2026-02-23 16:40:09,445 - INFO - STEP 4 — Attendance saved
2026-02-23 16:40:09,446 - INFO - STEP 5 — Replying: That's great to hear, Nishit! You sound happy today. Have a wonderful day ahead!
2026-02-23 16:40:09,449 - INFO - SPEAKING: That's great to hear, Nishit! You sound happy today. Have a wonderful day ahead!
2026-02-23 16:40:10,509 - INFO - DONE SPEAKING
2026-02-23 16:40:10,512 - INFO - Conversation done for Nishit
2026-02-23 16:40:11,445 - INFO - RECOGNISED: Nishit (dist=0.346)
2026-02-23 16:40:14,645 - INFO - SPEAKING: Please step back, you are too close
2026-02-23 16:40:15,590 - INFO - DONE SPEAKING
2026-02-23 16:40:27,974 - INFO - SPEAKING: Please step back, you are too close
2026-02-23 16:40:29,225 - INFO - DONE SPEAKING
2026-02-23 16:40:31,145 - INFO - RECOGNISED: Nishit (dist=0.333)
2026-02-23 16:41:34,609 - INFO - Idle timeout — exiting
2026-02-23 16:41:34,888 - INFO - ============================================================
2026-02-23 16:41:34,888 - INFO - SESSION SUMMARY
2026-02-23 16:41:34,889 - INFO -   Recognised : Nishit
2026-02-23 16:41:34,889 - INFO -   Present    : vini, Nishit
2026-02-23 16:41:34,889 - INFO - ============================================================
2026-02-23 17:29:15,439 - INFO - Already marked today: vini
2026-02-23 17:29:15,439 - INFO - AttendanceManager ready
2026-02-23 17:29:15,440 - INFO - SpeechManager ready
2026-02-23 17:29:16,722 - INFO - Calibrating microphone…
2026-02-23 17:29:17,763 - INFO - SpeechRecognizer ready
2026-02-23 17:29:17,764 - INFO - ============================================================
2026-02-23 17:29:17,764 - INFO - FACE RECOGNITION ATTENDANCE SYSTEM
2026-02-23 17:29:17,765 - INFO - ============================================================
2026-02-23 17:29:19,166 - INFO - Loaded: Dron
2026-02-23 17:29:20,394 - INFO - Loaded: ghanisht
2026-02-23 17:29:21,706 - INFO - Loaded: Nishit
2026-02-23 17:29:23,051 - INFO - Loaded: Shikha
2026-02-23 17:29:24,076 - INFO - Loaded: Tushar
2026-02-23 17:29:26,061 - INFO - Loaded: vini
2026-02-23 17:29:27,490 - INFO - Loaded: vini
2026-02-23 17:29:27,491 - INFO - Known people (7): Dron, ghanisht, Nishit, Shikha, Tushar, vini, vini
2026-02-23 17:29:27,491 - INFO - SpeechManager ready
2026-02-23 17:29:27,816 - INFO - Calibrating microphone…
2026-02-23 17:29:28,851 - INFO - SpeechRecognizer ready
2026-02-23 17:31:04,222 - INFO - Wake word listener started — say 'Hey Alexi'
2026-02-23 17:31:04,223 - INFO - System standing by — say 'Hey Alexi' to begin
2026-02-23 17:31:05,176 - INFO - 👂 Waiting for 'Hey Alexi'...
2026-02-23 17:31:09,329 - INFO - 👂 Waiting for 'Hey Alexi'...
2026-02-23 17:31:21,449 - INFO - Wake word heard: 'hey alexa'
2026-02-23 17:31:21,449 - INFO - ✅ Wake word detected!
2026-02-23 17:31:21,450 - INFO - SPEAKING: Yes! I'm here.
2026-02-23 17:31:21,497 - INFO - Session triggered — opening camera
2026-02-23 17:31:22,842 - INFO - Camera open — press Q to quit
2026-02-23 17:31:24,101 - INFO - First face detected
2026-02-23 17:31:24,113 - INFO - RECOGNISED: vini (dist=0.365)
2026-02-23 17:31:24,120 - INFO - vini — already marked today
2026-02-23 17:31:24,675 - INFO - DONE SPEAKING
2026-02-23 17:31:24,679 - INFO - SPEAKING: Hi vini! Your attendance is already marked for today. Have a great day!
2026-02-23 17:31:25,300 - INFO - DONE SPEAKING
2026-02-23 17:31:25,303 - INFO - Conversation done for vini
2026-02-23 17:31:29,731 - INFO - SPEAKING: Please step back, you are too close
2026-02-23 17:31:30,457 - INFO - DONE SPEAKING
2026-02-23 17:41:10,205 - INFO - SpeechManager ready
2026-02-23 17:41:11,351 - INFO - Calibrating microphone…
2026-02-23 17:41:12,393 - INFO - SpeechRecognizer ready
2026-02-23 17:41:12,393 - INFO - ============================================================
2026-02-23 17:41:12,393 - INFO - FACE RECOGNITION ATTENDANCE SYSTEM
2026-02-23 17:41:12,394 - INFO - ============================================================
2026-02-23 17:41:15,394 - INFO - Loaded: Dron
2026-02-23 17:41:16,631 - INFO - Loaded: ghanisht
2026-02-23 17:41:17,932 - INFO - Loaded: Nishit
2026-02-23 17:41:19,069 - INFO - Loaded: Shikha
2026-02-23 17:41:19,934 - INFO - Loaded: Tushar
2026-02-23 17:41:21,736 - INFO - Loaded: vini
2026-02-23 17:41:23,012 - INFO - Loaded: vini
2026-02-23 17:41:23,012 - INFO - Known people (7): Dron, ghanisht, Nishit, Shikha, Tushar, vini, vini
2026-02-23 17:41:23,013 - INFO - SpeechManager ready
2026-02-23 17:41:23,310 - INFO - Calibrating microphone…
2026-02-23 17:41:24,338 - INFO - SpeechRecognizer ready
2026-02-23 17:41:57,836 - INFO - Wake word listener started — say 'Hey Alexi'
2026-02-23 17:41:57,837 - INFO - System standing by — say 'Hey Alexi' to begin
2026-02-23 17:41:59,400 - INFO - 👂 Waiting for 'Hey Alexi'...
2026-02-23 17:42:06,194 - INFO - Wake word heard: 'hey alexa'
2026-02-23 17:42:06,199 - INFO - ✅ Wake word detected!
2026-02-23 17:42:06,201 - INFO - SPEAKING: Yes! I'm here.
2026-02-23 17:42:06,205 - INFO - Session triggered — opening camera
2026-02-23 17:42:07,388 - INFO - Camera open — press Q to quit
2026-02-23 17:42:08,693 - INFO - First face detected
2026-02-23 17:42:08,701 - INFO - RECOGNISED: vini (dist=0.318)
2026-02-23 17:42:08,757 - INFO - STEP 1 — Greeting vini
2026-02-23 17:42:09,374 - INFO - DONE SPEAKING
2026-02-23 17:42:09,374 - INFO - SPEAKING: Hi vini! How are you today?
2026-02-23 17:42:09,820 - INFO - DONE SPEAKING
2026-02-23 17:42:09,821 - INFO - STEP 2 — Listening
2026-02-23 17:42:10,623 - INFO - LISTENING… (energy threshold: 2693)
2026-02-23 17:42:15,114 - INFO - Audio captured — sending to Google STT…
2026-02-23 17:42:28,018 - INFO - HEARD: 'I am fine good'
2026-02-23 17:42:28,071 - INFO - STEP 2 — Got: 'i am fine good'
2026-02-23 17:42:28,091 - INFO - Mood → Happy (matched 'good')
2026-02-23 17:42:28,104 - INFO - STEP 3 — Mood: Happy
2026-02-23 17:42:28,344 - INFO - STEP 4 — Attendance saved
2026-02-23 17:42:28,345 - INFO - STEP 5 — Replying: That's great to hear, vini! You sound happy today. Have a wonderful day ahead!
2026-02-23 17:42:28,346 - INFO - SPEAKING: That's great to hear, vini! You sound happy today. Have a wonderful day ahead!
2026-02-23 17:42:29,406 - INFO - DONE SPEAKING
2026-02-23 17:42:29,406 - INFO - Conversation done for vini
2026-02-23 17:42:30,854 - INFO - RECOGNISED: vini (dist=0.403)
2026-02-23 17:42:47,429 - INFO - SPEAKING: Please step back, you are too close
2026-02-23 17:42:48,942 - INFO - DONE SPEAKING
2026-02-23 17:42:49,923 - INFO - RECOGNISED: vini (dist=0.359)
2026-02-23 18:06:56,183 - INFO - SpeechManager ready
2026-02-23 18:06:57,471 - INFO - Calibrating microphone…
2026-02-23 18:06:58,507 - INFO - SpeechRecognizer ready
2026-02-23 18:06:58,507 - INFO - ============================================================
2026-02-23 18:06:58,507 - INFO - FACE RECOGNITION ATTENDANCE SYSTEM
2026-02-23 18:06:58,507 - INFO - ============================================================
2026-02-23 18:07:00,016 - INFO - Loaded: Dron
2026-02-23 18:07:01,119 - INFO - Loaded: ghanisht
2026-02-23 18:07:02,502 - INFO - Loaded: Nishit
2026-02-23 18:07:03,704 - INFO - Loaded: Shikha
2026-02-23 18:07:04,584 - INFO - Loaded: Tushar
2026-02-23 18:07:06,402 - INFO - Loaded: vini
2026-02-23 18:07:07,765 - INFO - Loaded: vini
2026-02-23 18:07:07,766 - INFO - Known people (7): Dron, ghanisht, Nishit, Shikha, Tushar, vini, vini
2026-02-23 18:07:07,767 - INFO - SpeechManager ready
2026-02-23 18:07:08,088 - INFO - Calibrating microphone…
2026-02-23 18:07:09,114 - INFO - SpeechRecognizer ready
2026-02-23 18:07:25,602 - INFO - Wake word listener started — say 'Hey Alexi'
2026-02-23 18:07:25,603 - INFO - System standing by — say 'Hey Alexi' to begin
2026-02-23 18:07:27,398 - INFO - 👂 Waiting for 'Hey Alexi'...
2026-02-23 18:07:33,220 - INFO - 👂 Waiting for 'Hey Alexi'...
2026-02-23 18:07:38,423 - INFO - Wake word heard: 'hey galaxy'
2026-02-23 18:07:39,262 - INFO - 👂 Waiting for 'Hey Alexi'...
2026-02-23 18:07:45,918 - INFO - Wake word heard: 'hey alexa'
2026-02-23 18:07:45,921 - INFO - ✅ Wake word detected!
2026-02-23 18:07:45,923 - INFO - SPEAKING: Yes! I'm here.
2026-02-23 18:07:46,138 - INFO - Session triggered — opening camera
2026-02-23 18:07:47,318 - INFO - Camera open — press Q to quit
2026-02-23 18:07:48,416 - INFO - First face detected
2026-02-23 18:07:49,749 - INFO - DONE SPEAKING
2026-02-23 18:07:49,752 - INFO - SPEAKING: Please step back, you are too close
2026-02-23 18:07:50,636 - INFO - RECOGNISED: vini (dist=0.359)
2026-02-23 18:07:50,665 - INFO - vini — already marked today
2026-02-23 18:07:50,687 - INFO - DONE SPEAKING
2026-02-23 18:07:50,687 - INFO - SPEAKING: Hi vini! Your attendance is already marked for today. Have a great day!
2026-02-23 18:07:50,986 - INFO - DONE SPEAKING
2026-02-23 18:07:50,987 - INFO - Conversation done for vini
2026-02-23 18:08:09,771 - INFO - RECOGNISED: vini (dist=0.359)
2026-02-23 18:09:42,941 - INFO - SpeechManager ready
2026-02-23 18:09:44,226 - INFO - Calibrating microphone…
2026-02-23 18:09:45,308 - INFO - SpeechRecognizer ready
2026-02-23 18:09:45,308 - INFO - ============================================================
2026-02-23 18:09:45,309 - INFO - FACE RECOGNITION ATTENDANCE SYSTEM
2026-02-23 18:09:45,309 - INFO - ============================================================
2026-02-23 18:09:47,761 - INFO - Loaded: Dron
2026-02-23 18:09:49,467 - INFO - Loaded: ghanisht
2026-02-23 18:09:51,092 - INFO - Loaded: Nishit
2026-02-23 18:09:52,407 - INFO - Loaded: Shikha
2026-02-23 18:09:53,337 - INFO - Loaded: Tushar
2026-02-23 18:09:55,310 - INFO - Loaded: vini
2026-02-23 18:09:56,914 - INFO - Loaded: vini
2026-02-23 18:09:56,921 - INFO - Known people (7): Dron, ghanisht, Nishit, Shikha, Tushar, vini, vini
2026-02-23 18:09:56,924 - INFO - SpeechManager ready
2026-02-23 18:09:57,513 - INFO - Calibrating microphone…
2026-02-23 18:09:58,544 - INFO - SpeechRecognizer ready
2026-02-23 18:10:07,032 - INFO - Wake word listener started — say 'Hey Alexi'
2026-02-23 18:10:07,034 - INFO - System standing by — say 'Hey Alexi' to begin
2026-02-23 18:10:08,117 - INFO - 👂 Waiting for 'Hey Alexi'...
2026-02-23 18:10:12,980 - INFO - Wake word heard: 'hey alexa'
2026-02-23 18:10:12,982 - INFO - ✅ Wake word detected!
2026-02-23 18:10:12,984 - INFO - SPEAKING: Yes! I'm here.
2026-02-23 18:10:13,167 - INFO - Session triggered — opening camera
2026-02-23 18:10:14,202 - INFO - Camera open — press Q to quit
2026-02-23 18:10:15,481 - INFO - First face detected
2026-02-23 18:10:15,484 - INFO - RECOGNISED: vini (dist=0.395)
2026-02-23 18:10:15,501 - INFO - vini — already marked today
2026-02-23 18:10:16,007 - INFO - DONE SPEAKING
2026-02-23 18:10:16,007 - INFO - SPEAKING: Hi vini! Your attendance is already marked for today. Have a great day!
2026-02-23 18:10:16,455 - INFO - DONE SPEAKING
2026-02-23 18:10:16,457 - INFO - Conversation done for vini
